auth_name,code,name,proj4string
EPSG,2000,Anguilla 1957 / British West Indies Grid,+proj=tmerc +lat_0=0 +lon_0=-62 +k=0.9995 +x_0=400000 +y_0=0 +a=6378249.145 +rf=293.465 +units=m +no_defs +type=crs
EPSG,2001,Antigua 1943 / British West Indies Grid,+proj=tmerc +lat_0=0 +lon_0=-62 +k=0.9995 +x_0=400000 +y_0=0 +a=6378249.145 +rf=293.465 +units=m +no_defs +type=crs
EPSG,2002,Dominica 1945 / British West Indies Grid,+proj=tmerc +lat_0=0 +lon_0=-62 +k=0.9995 +x_0=400000 +y_0=0 +a=6378249.145 +rf=293.465 +units=m +no_defs +type=crs
EPSG,2003,Grenada 1953 / British West Indies Grid,+proj=tmerc +lat_0=0 +lon_0=-62 +k=0.9995 +x_0=400000 +y_0=0 +a=6378249.145 +rf=293.465 +units=m +no_defs +type=crs
EPSG,2004,Montserrat 1958 / British West Indies Grid,+proj=tmerc +lat_0=0 +lon_0=-62 +k=0.9995 +x_0=400000 +y_0=0 +a=6378249.145 +rf=293.465 +units=m +no_defs +type=crs
EPSG,2005,St. Kitts 1955 / British West Indies Grid,+proj=tmerc +lat_0=0 +lon_0=-62 +k=0.9995 +x_0=400000 +y_0=0 +a=6378249.145 +rf=293.465 +units=m +no_defs +type=crs
EPSG,2006,St. Lucia 1955 / British West Indies Grid,+proj=tmerc +lat_0=0 +lon_0=-62 +k=0.9995 +x_0=400000 +y_0=0 +a=6378249.145 +rf=293.465 +units=m +no_defs +type=crs
EPSG,2007,St. Vincent 45 / British West Indies Grid,+proj=tmerc +lat_0=0 +lon_0=-62 +k=0.9995 +x_0=400000 +y_0=0 +a=6378249.145 +rf=293.465 +units=m +no_defs +type=crs
EPSG,2009,NAD27(CGQ77) / SCoPQ zone 3,+proj=tmerc +lat_0=0 +lon_0=-58.5 +k=0.9999 +x_0=304800 +y_0=0 +ellps=clrk66 +units=m +no_defs +type=crs
EPSG,2010,NAD27(CGQ77) / SCoPQ zone 4,+proj=tmerc +lat_0=0 +lon_0=-61.5 +k=0.9999 +x_0=304800 +y_0=0 +ellps=clrk66 +units=m +no_defs +type=crs
EPSG,2011,NAD27(CGQ77) / SCoPQ zone 5,+proj=tmerc +lat_0=0 +lon_0=-64.5 +k=0.9999 +x_0=304800 +y_0=0 +ellps=clrk66 +units=m +no_defs +type=crs
EPSG,2012,NAD27(CGQ77) / SCoPQ zone 6,+proj=tmerc +lat_0=0 +lon_0=-67.5 +k=0.9999 +x_0=304800 +y_0=0 +ellps=clrk66 +units=m +no_defs +type=crs
EPSG,2013,NAD27(CGQ77) / SCoPQ zone 7,+proj=tmerc +lat_0=0 +lon_0=-70.5 +k=0.9999 +x_0=304800 +y_0=0 +ellps=clrk66 +units=m +no_defs +type=crs
EPSG,2014,NAD27(CGQ77) / SCoPQ zone 8,+proj=tmerc +lat_0=0 +lon_0=-73.5 +k=0.9999 +x_0=304800 +y_0=0 +ellps=clrk66 +units=m +no_defs +type=crs
EPSG,2015,NAD27(CGQ77) / SCoPQ zone 9,+proj=tmerc +lat_0=0 +lon_0=-76.5 +k=0.9999 +x_0=304800 +y_0=0 +ellps=clrk66 +units=m +no_defs +type=crs
EPSG,2016,NAD27(CGQ77) / SCoPQ zone 10,+proj=tmerc +lat_0=0 +lon_0=-79.5 +k=0.9999 +x_0=304800 +y_0=0 +ellps=clrk66 +units=m +no_defs +type=crs
EPSG,2017,NAD27(76) / MTM zone 8,+proj=tmerc +lat_0=0 +lon_0=-73.5 +k=0.9999 +x_0=304800 +y_0=0 +ellps=clrk66 +units=m +no_defs +type=crs
EPSG,2018,NAD27(76) / MTM zone 9,+proj=tmerc +lat_0=0 +lon_0=-76.5 +k=0.9999 +x_0=304800 +y_0=0 +ellps=clrk66 +units=m +no_defs +type=crs
EPSG,2019,NAD27(76) / MTM zone 10,+proj=tmerc +lat_0=0 +lon_0=-79.5 +k=0.9999 +x_0=304800 +y_0=0 +ellps=clrk66 +units=m +no_defs +type=crs
EPSG,2020,NAD27(76) / MTM zone 11,+proj=tmerc +lat_0=0 +lon_0=-82.5 +k=0.9999 +x_0=304800 +y_0=0 +ellps=clrk66 +units=m +no_defs +type=crs
EPSG,2021,NAD27(76) / MTM zone 12,+proj=tmerc +lat_0=0 +lon_0=-81 +k=0.9999 +x_0=304800 +y_0=0 +ellps=clrk66 +units=m +no_defs +type=crs
EPSG,2022,NAD27(76) / MTM zone 13,+proj=tmerc +lat_0=0 +lon_0=-84 +k=0.9999 +x_0=304800 +y_0=0 +ellps=clrk66 +units=m +no_defs +type=crs
EPSG,2023,NAD27(76) / MTM zone 14,+proj=tmerc +lat_0=0 +lon_0=-87 +k=0.9999 +x_0=304800 +y_0=0 +ellps=clrk66 +units=m +no_defs +type=crs
EPSG,2024,NAD27(76) / MTM zone 15,+proj=tmerc +lat_0=0 +lon_0=-90 +k=0.9999 +x_0=304800 +y_0=0 +ellps=clrk66 +units=m +no_defs +type=crs
EPSG,2025,NAD27(76) / MTM zone 16,+proj=tmerc +lat_0=0 +lon_0=-93 +k=0.9999 +x_0=304800 +y_0=0 +ellps=clrk66 +units=m +no_defs +type=crs
EPSG,2026,NAD27(76) / MTM zone 17,+proj=tmerc +lat_0=0 +lon_0=-96 +k=0.9999 +x_0=304800 +y_0=0 +ellps=clrk66 +units=m +no_defs +type=crs
EPSG,2027,NAD27(76) / UTM zone 15N,+proj=utm +zone=15 +ellps=clrk66 +units=m +no_defs +type=crs
EPSG,2028,NAD27(76) / UTM zone 16N,+proj=utm +zone=16 +ellps=clrk66 +units=m +no_defs +type=crs
EPSG,2029,NAD27(76) / UTM zone 17N,+proj=utm +zone=17 +ellps=clrk66 +units=m +no_defs +type=crs
EPSG,2030,NAD27(76) / UTM zone 18N,+proj=utm +zone=18 +ellps=clrk66 +units=m +no_defs +type=crs
EPSG,2031,NAD27(CGQ77) / UTM zone 17N,+proj=utm +zone=17 +ellps=clrk66 +units=m +no_defs +type=crs
EPSG,2032,NAD27(CGQ77) / UTM zone 18N,+proj=utm +zone=18 +ellps=clrk66 +units=m +no_defs +type=crs
EPSG,2033,NAD27(CGQ77) / UTM zone 19N,+proj=utm +zone=19 +ellps=clrk66 +units=m +no_defs +type=crs
EPSG,2034,NAD27(CGQ77) / UTM zone 20N,+proj=utm +zone=20 +ellps=clrk66 +units=m +no_defs +type=crs
EPSG,2035,NAD27(CGQ77) / UTM zone 21N,+proj=utm +zone=21 +ellps=clrk66 +units=m +no_defs +type=crs
EPSG,2039,Israel 1993 / Israeli TM Grid,+proj=tmerc +lat_0=31.7343936111111 +lon_0=35.2045169444444 +k=1.0000067 +x_0=219529.584 +y_0=626907.39 +ellps=GRS80 +units=m +no_defs +type=crs
EPSG,2040,Locodjo 1965 / UTM zone 30N,+proj=utm +zone=30 +a=6378249.145 +rf=293.465 +units=m +no_defs +type=crs
EPSG,2041,Abidjan 1987 / UTM zone 30N,+proj=utm +zone=30 +a=6378249.145 +rf=293.465 +units=m +no_defs +type=crs
EPSG,2042,Locodjo 1965 / UTM zone 29N,+proj=utm +zone=29 +a=6378249.145 +rf=293.465 +units=m +no_defs +type=crs
EPSG,2043,Abidjan 1987 / UTM zone 29N,+proj=utm +zone=29 +a=6378249.145 +rf=293.465 +units=m +no_defs +type=crs
EPSG,2044,Hanoi 1972 / Gauss-Kruger zone 18,+proj=tmerc +lat_0=0 +lon_0=105 +k=1 +x_0=18500000 +y_0=0 +ellps=krass +units=m +no_defs +type=crs
EPSG,2045,Hanoi 1972 / Gauss-Kruger zone 19,+proj=tmerc +lat_0=0 +lon_0=111 +k=1 +x_0=19500000 +y_0=0 +ellps=krass +units=m +no_defs +type=crs
EPSG,2046,Hartebeesthoek94 / Lo15,+proj=tmerc +axis=wsu +lat_0=0 +lon_0=15 +k=1 +x_0=0 +y_0=0 +ellps=WGS84 +units=m +no_defs +type=crs
EPSG,2047,Hartebeesthoek94 / Lo17,+proj=tmerc +axis=wsu +lat_0=0 +lon_0=17 +k=1 +x_0=0 +y_0=0 +ellps=WGS84 +units=m +no_defs +type=crs
EPSG,2048,Hartebeesthoek94 / Lo19,+proj=tmerc +axis=wsu +lat_0=0 +lon_0=19 +k=1 +x_0=0 +y_0=0 +ellps=WGS84 +units=m +no_defs +type=crs
EPSG,2049,Hartebeesthoek94 / Lo21,+proj=tmerc +axis=wsu +lat_0=0 +lon_0=21 +k=1 +x_0=0 +y_0=0 +ellps=WGS84 +units=m +no_defs +type=crs
EPSG,2050,Hartebeesthoek94 / Lo23,+proj=tmerc +axis=wsu +lat_0=0 +lon_0=23 +k=1 +x_0=0 +y_0=0 +ellps=WGS84 +units=m +no_defs +type=crs
EPSG,2051,Hartebeesthoek94 / Lo25,+proj=tmerc +axis=wsu +lat_0=0 +lon_0=25 +k=1 +x_0=0 +y_0=0 +ellps=WGS84 +units=m +no_defs +type=crs
EPSG,2052,Hartebeesthoek94 / Lo27,+proj=tmerc +axis=wsu +lat_0=0 +lon_0=27 +k=1 +x_0=0 +y_0=0 +ellps=WGS84 +units=m +no_defs +type=crs
EPSG,2053,Hartebeesthoek94 / Lo29,+proj=tmerc +axis=wsu +lat_0=0 +lon_0=29 +k=1 +x_0=0 +y_0=0 +ellps=WGS84 +units=m +no_defs +type=crs
EPSG,2054,Hartebeesthoek94 / Lo31,+proj=tmerc +axis=wsu +lat_0=0 +lon_0=31 +k=1 +x_0=0 +y_0=0 +ellps=WGS84 +units=m +no_defs +type=crs
EPSG,2055,Hartebeesthoek94 / Lo33,+proj=tmerc +axis=wsu +lat_0=0 +lon_0=33 +k=1 +x_0=0 +y_0=0 +ellps=WGS84 +units=m +no_defs +type=crs
EPSG,2056,CH1903+ / LV95,+proj=somerc +lat_0=46.9524055555556 +lon_0=7.43958333333333 +k_0=1 +x_0=2600000 +y_0=1200000 +ellps=bessel +units=m +no_defs +type=crs
EPSG,2057,Rassadiran / Nakhl e Taqi,+proj=omerc +lat_0=27.5188288055556 +lonc=52.6035391666667 +alpha=0.571661194444444 +gamma=0.571661194444444 +k=0.999895934 +x_0=658377.437 +y_0=3044969.194 +ellps=intl +units=m +no_defs +type=crs
EPSG,2058,ED50(ED77) / UTM zone 38N,+proj=utm +zone=38 +ellps=intl +units=m +no_defs +type=crs
EPSG,2059,ED50(ED77) / UTM zone 39N,+proj=utm +zone=39 +ellps=intl +units=m +no_defs +type=crs
EPSG,2060,ED50(ED77) / UTM zone 40N,+proj=utm +zone=40 +ellps=intl +units=m +no_defs +type=crs
EPSG,2061,ED50(ED77) / UTM zone 41N,+proj=utm +zone=41 +ellps=intl +units=m +no_defs +type=crs
EPSG,2062,Madrid 1870 (Madrid) / Spain LCC,+proj=lcc +lat_1=40 +lat_0=40 +lon_0=0 +k_0=0.9988085293 +x_0=600000 +y_0=600000 +a=6378298.3 +rf=294.73 +pm=-3.687375 +units=m +no_defs +type=crs
EPSG,2065,S-JTSK (Ferro) / Krovak,+proj=krovak +axis=swu +lat_0=49.5 +lon_0=42.5 +alpha=30.2881397527778 +k=0.9999 +x_0=0 +y_0=0 +ellps=bessel +pm=ferro +units=m +no_defs +type=crs
EPSG,2066,Mount Dillon / Tobago Grid,+proj=cass +lat_0=11.2521786111111 +lon_0=-60.6860088888889 +x_0=37718.66159325 +y_0=36209.91512952 +a=6378293.64520876 +b=6356617.98767984 +to_meter=0.201166195164 +no_defs +type=crs
EPSG,2067,Naparima 1955 / UTM zone 20N,+proj=utm +zone=20 +ellps=intl +units=m +no_defs +type=crs
EPSG,2068,ELD79 / Libya zone 5,+proj=tmerc +lat_0=0 +lon_0=9 +k=0.9999 +x_0=200000 +y_0=0 +ellps=intl +units=m +no_defs +type=crs
EPSG,2069,ELD79 / Libya zone 6,+proj=tmerc +lat_0=0 +lon_0=11 +k=0.9999 +x_0=200000 +y_0=0 +ellps=intl +units=m +no_defs +type=crs
EPSG,2070,ELD79 / Libya zone 7,+proj=tmerc +lat_0=0 +lon_0=13 +k=0.9999 +x_0=200000 +y_0=0 +ellps=intl +units=m +no_defs +type=crs
EPSG,2071,ELD79 / Libya zone 8,+proj=tmerc +lat_0=0 +lon_0=15 +k=0.9999 +x_0=200000 +y_0=0 +ellps=intl +units=m +no_defs +type=crs
EPSG,2072,ELD79 / Libya zone 9,+proj=tmerc +lat_0=0 +lon_0=17 +k=0.9999 +x_0=200000 +y_0=0 +ellps=intl +units=m +no_defs +type=crs
EPSG,2073,ELD79 / Libya zone 10,+proj=tmerc +lat_0=0 +lon_0=19 +k=0.9999 +x_0=200000 +y_0=0 +ellps=intl +units=m +no_defs +type=crs
EPSG,2074,ELD79 / Libya zone 11,+proj=tmerc +lat_0=0 +lon_0=21 +k=0.9999 +x_0=200000 +y_0=0 +ellps=intl +units=m +no_defs +type=crs
EPSG,2075,ELD79 / Libya zone 12,+proj=tmerc +lat_0=0 +lon_0=23 +k=0.9999 +x_0=200000 +y_0=0 +ellps=intl +units=m +no_defs +type=crs
EPSG,2076,ELD79 / Libya zone 13,+proj=tmerc +lat_0=0 +lon_0=25 +k=0.9999 +x_0=200000 +y_0=0 +ellps=intl +units=m +no_defs +type=crs
EPSG,2077,ELD79 / UTM zone 32N,+proj=utm +zone=32 +ellps=intl +units=m +no_defs +type=crs
EPSG,2078,ELD79 / UTM zone 33N,+proj=utm +zone=33 +ellps=intl +units=m +no_defs +type=crs
EPSG,2079,ELD79 / UTM zone 34N,+proj=utm +zone=34 +ellps=intl +units=m +no_defs +type=crs
EPSG,2080,ELD79 / UTM zone 35N,+proj=utm +zone=35 +ellps=intl +units=m +no_defs +type=crs
EPSG,2081,Chos Malal 1914 / Argentina 2,+proj=tmerc +lat_0=-90 +lon_0=-69 +k=1 +x_0=2500000 +y_0=0 +ellps=intl +units=m +no_defs +type=crs
EPSG,2082,Pampa del Castillo / Argentina 2,+proj=tmerc +lat_0=-90 +lon_0=-69 +k=1 +x_0=2500000 +y_0=0 +ellps=intl +units=m +no_defs +type=crs
EPSG,2083,Hito XVIII 1963 / Argentina 2,+proj=tmerc +lat_0=-90 +lon_0=-69 +k=1 +x_0=2500000 +y_0=0 +ellps=intl +units=m +no_defs +type=crs
EPSG,2084,Hito XVIII 1963 / UTM zone 19S,+proj=utm +zone=19 +south +ellps=intl +units=m +no_defs +type=crs
EPSG,2087,ELD79 / TM 12 NE,+proj=tmerc +lat_0=0 +lon_0=12 +k=0.9996 +x_0=500000 +y_0=0 +ellps=intl +units=m +no_defs +type=crs
EPSG,2088,Carthage / TM 11 NE,+proj=tmerc +lat_0=0 +lon_0=11 +k=0.9996 +x_0=500000 +y_0=0 +ellps=clrk80ign +units=m +no_defs +type=crs
EPSG,2089,Yemen NGN96 / UTM zone 38N,+proj=utm +zone=38 +ellps=WGS84 +units=m +no_defs +type=crs
EPSG,2090,Yemen NGN96 / UTM zone 39N,+proj=utm +zone=39 +ellps=WGS84 +units=m +no_defs +type=crs
EPSG,2093,Hanoi 1972 / GK 106 NE,+proj=tmerc +lat_0=0 +lon_0=106 +k=1 +x_0=500000 +y_0=0 +ellps=krass +units=m +no_defs +type=crs
EPSG,2094,WGS 72BE / TM 106 NE,+proj=tmerc +lat_0=0 +lon_0=106 +k=0.9996 +x_0=500000 +y_0=0 +ellps=WGS72 +units=m +no_defs +type=crs
EPSG,2095,Bissau / UTM zone 28N,+proj=utm +zone=28 +ellps=intl +units=m +no_defs +type=crs
EPSG,2096,Korean 1985 / East Belt,+proj=tmerc +lat_0=38 +lon_0=129 +k=1 +x_0=200000 +y_0=500000 +ellps=bessel +units=m +no_defs +type=crs
EPSG,2097,Korean 1985 / Central Belt,+proj=tmerc +lat_0=38 +lon_0=127 +k=1 +x_0=200000 +y_0=500000 +ellps=bessel +units=m +no_defs +type=crs
EPSG,2098,Korean 1985 / West Belt,+proj=tmerc +lat_0=38 +lon_0=125 +k=1 +x_0=200000 +y_0=500000 +ellps=bessel +units=m +no_defs +type=crs
EPSG,2099,Qatar 1948 / Qatar Grid,+proj=cass +lat_0=25.3823611111111 +lon_0=50.7613888888889 +x_0=100000 +y_0=100000 +ellps=helmert +units=m +no_defs +type=crs
EPSG,2100,GGRS87 / Greek Grid,+proj=tmerc +lat_0=0 +lon_0=24 +k=0.9996 +x_0=500000 +y_0=0 +ellps=GRS80 +units=m +no_defs +type=crs
EPSG,2101,Lake / Maracaibo Grid M1,+proj=lcc +lat_1=10.1666666666667 +lat_0=10.1666666666667 +lon_0=-71.6056177777778 +k_0=1 +x_0=0 +y_0=-52684.972 +ellps=intl +units=m +no_defs +type=crs
EPSG,2102,Lake / Maracaibo Grid,+proj=lcc +lat_1=10.1666666666667 +lat_0=10.1666666666667 +lon_0=-71.6056177777778 +k_0=1 +x_0=200000 +y_0=147315.028 +ellps=intl +units=m +no_defs +type=crs
EPSG,2103,Lake / Maracaibo Grid M3,+proj=lcc +lat_1=10.1666666666667 +lat_0=10.1666666666667 +lon_0=-71.6056177777778 +k_0=1 +x_0=500000 +y_0=447315.028 +ellps=intl +units=m +no_defs +type=crs
EPSG,2104,Lake / Maracaibo La Rosa Grid,+proj=lcc +lat_1=10.1666666666667 +lat_0=10.1666666666667 +lon_0=-71.6056177777778 +k_0=1 +x_0=-17044 +y_0=-23139.97 +ellps=intl +units=m +no_defs +type=crs
EPSG,2105,NZGD2000 / Mount Eden 2000,+proj=tmerc +lat_0=-36.8797222222222 +lon_0=174.764166666667 +k=0.9999 +x_0=400000 +y_0=800000 +ellps=GRS80 +units=m +no_defs +type=crs
EPSG,2106,NZGD2000 / Bay of Plenty 2000,+proj=tmerc +lat_0=-37.7611111111111 +lon_0=176.466111111111 +k=1 +x_0=400000 +y_0=800000 +ellps=GRS80 +units=m +no_defs +type=crs
EPSG,2107,NZGD2000 / Poverty Bay 2000,+proj=tmerc +lat_0=-38.6244444444444 +lon_0=177.885555555556 +k=1 +x_0=400000 +y_0=800000 +ellps=GRS80 +units=m +no_defs +type=crs
EPSG,2108,NZGD2000 / Hawkes Bay 2000,+proj=tmerc +lat_0=-39.6508333333333 +lon_0=176.673611111111 +k=1 +x_0=400000 +y_0=800000 +ellps=GRS80 +units=m +no_defs +type=crs
EPSG,2109,NZGD2000 / Taranaki 2000,+proj=tmerc +lat_0=-39.1355555555556 +lon_0=174.227777777778 +k=1 +x_0=400000 +y_0=800000 +ellps=GRS80 +units=m +no_defs +type=crs
EPSG,2110,NZGD2000 / Tuhirangi 2000,+proj=tmerc +lat_0=-39.5122222222222 +lon_0=175.64 +k=1 +x_0=400000 +y_0=800000 +ellps=GRS80 +units=m +no_defs +type=crs
EPSG,2111,NZGD2000 / Wanganui 2000,+proj=tmerc +lat_0=-40.2419444444444 +lon_0=175.488055555556 +k=1 +x_0=400000 +y_0=800000 +ellps=GRS80 +units=m +no_defs +type=crs
EPSG,2112,NZGD2000 / Wairarapa 2000,+proj=tmerc +lat_0=-40.9252777777778 +lon_0=175.647222222222 +k=1 +x_0=400000 +y_0=800000 +ellps=GRS80 +units=m +no_defs +type=crs
EPSG,2113,NZGD2000 / Wellington 2000,+proj=tmerc +lat_0=-41.3011111111111 +lon_0=174.776388888889 +k=1 +x_0=400000 +y_0=800000 +ellps=GRS80 +units=m +no_defs +type=crs
EPSG,2114,NZGD2000 / Collingwood 2000,+proj=tmerc +lat_0=-40.7147222222222 +lon_0=172.671944444444 +k=1 +x_0=400000 +y_0=800000 +ellps=GRS80 +units=m +no_defs +type=crs
EPSG,2115,NZGD2000 / Nelson 2000,+proj=tmerc +lat_0=-41.2744444444444 +lon_0=173.299166666667 +k=1 +x_0=400000 +y_0=800000 +ellps=GRS80 +units=m +no_defs +type=crs
EPSG,2116,NZGD2000 / Karamea 2000,+proj=tmerc +lat_0=-41.2897222222222 +lon_0=172.108888888889 +k=1 +x_0=400000 +y_0=800000 +ellps=GRS80 +units=m +no_defs +type=crs
EPSG,2117,NZGD2000 / Buller 2000,+proj=tmerc +lat_0=-41.8105555555556 +lon_0=171.581111111111 +k=1 +x_0=400000 +y_0=800000 +ellps=GRS80 +units=m +no_defs +type=crs
EPSG,2118,NZGD2000 / Grey 2000,+proj=tmerc +lat_0=-42.3336111111111 +lon_0=171.549722222222 +k=1 +x_0=400000 +y_0=800000 +ellps=GRS80 +units=m +no_defs +type=crs
EPSG,2119,NZGD2000 / Amuri 2000,+proj=tmerc +lat_0=-42.6888888888889 +lon_0=173.01 +k=1 +x_0=400000 +y_0=800000 +ellps=GRS80 +units=m +no_defs +type=crs
EPSG,2120,NZGD2000 / Marlborough 2000,+proj=tmerc +lat_0=-41.5444444444444 +lon_0=173.801944444444 +k=1 +x_0=400000 +y_0=800000 +ellps=GRS80 +units=m +no_defs +type=crs
EPSG,2121,NZGD2000 / Hokitika 2000,+proj=tmerc +lat_0=-42.8861111111111 +lon_0=170.979722222222 +k=1 +x_0=400000 +y_0=800000 +ellps=GRS80 +units=m +no_defs +type=crs
EPSG,2122,NZGD2000 / Okarito 2000,+proj=tmerc +lat_0=-43.11 +lon_0=170.260833333333 +k=1 +x_0=400000 +y_0=800000 +ellps=GRS80 +units=m +no_defs +type=crs
EPSG,2123,NZGD2000 / Jacksons Bay 2000,+proj=tmerc +lat_0=-43.9777777777778 +lon_0=168.606111111111 +k=1 +x_0=400000 +y_0=800000 +ellps=GRS80 +units=m +no_defs +type=crs
EPSG,2124,NZGD2000 / Mount Pleasant 2000,+proj=tmerc +lat_0=-43.5905555555556 +lon_0=172.726944444444 +k=1 +x_0=400000 +y_0=800000 +ellps=GRS80 +units=m +no_defs +type=crs
EPSG,2125,NZGD2000 / Gawler 2000,+proj=tmerc +lat_0=-43.7486111111111 +lon_0=171.360555555556 +k=1 +x_0=400000 +y_0=800000 +ellps=GRS80 +units=m +no_defs +type=crs
EPSG,2126,NZGD2000 / Timaru 2000,+proj=tmerc +lat_0=-44.4019444444444 +lon_0=171.057222222222 +k=1 +x_0=400000 +y_0=800000 +ellps=GRS80 +units=m +no_defs +type=crs
EPSG,2127,NZGD2000 / Lindis Peak 2000,+proj=tmerc +lat_0=-44.735 +lon_0=169.4675 +k=1 +x_0=400000 +y_0=800000 +ellps=GRS80 +units=m +no_defs +type=crs
EPSG,2128,NZGD2000 / Mount Nicholas 2000,+proj=tmerc +lat_0=-45.1327777777778 +lon_0=168.398611111111 +k=1 +x_0=400000 +y_0=800000 +ellps=GRS80 +units=m +no_defs +type=crs
EPSG,2129,NZGD2000 / Mount York 2000,+proj=tmerc +lat_0=-45.5636111111111 +lon_0=167.738611111111 +k=1 +x_0=400000 +y_0=800000 +ellps=GRS80 +units=m +no_defs +type=crs
EPSG,2130,NZGD2000 / Observation Point 2000,+proj=tmerc +lat_0=-45.8161111111111 +lon_0=170.628333333333 +k=1 +x_0=400000 +y_0=800000 +ellps=GRS80 +units=m +no_defs +type=crs
EPSG,2131,NZGD2000 / North Taieri 2000,+proj=tmerc +lat_0=-45.8613888888889 +lon_0=170.2825 +k=0.99996 +x_0=400000 +y_0=800000 +ellps=GRS80 +units=m +no_defs +type=crs
EPSG,2132,NZGD2000 / Bluff 2000,+proj=tmerc +lat_0=-46.6 +lon_0=168.342777777778 +k=1 +x_0=400000 +y_0=800000 +ellps=GRS80 +units=m +no_defs +type=crs
EPSG,2133,NZGD2000 / UTM zone 58S,+proj=utm +zone=58 +south +ellps=GRS80 +units=m +no_defs +type=crs
EPSG,2134,NZGD2000 / UTM zone 59S,+proj=utm +zone=59 +south +ellps=GRS80 +units=m +no_defs +type=crs
EPSG,2135,NZGD2000 / UTM zone 60S,+proj=utm +zone=60 +south +ellps=GRS80 +units=m +no_defs +type=crs
EPSG,2136,Accra / Ghana National Grid,+proj=tmerc +lat_0=4.66666666666667 +lon_0=-1 +k=0.99975 +x_0=274319.739163358 +y_0=0 +a=6378300 +rf=296 +to_meter=0.304799710181509 +no_defs +type=crs
EPSG,2137,Accra / TM 1 NW,+proj=tmerc +lat_0=0 +lon_0=-1 +k=0.9996 +x_0=500000 +y_0=0 +a=6378300 +rf=296 +units=m +no_defs +type=crs
EPSG,2138,NAD27(CGQ77) / Quebec Lambert,+proj=lcc +lat_0=44 +lon_0=-68.5 +lat_1=60 +lat_2=46 +x_0=0 +y_0=0 +ellps=clrk66 +units=m +no_defs +type=crs
EPSG,2154,RGF93 v1 / Lambert-93,+proj=lcc +lat_0=46.5 +lon_0=3 +lat_1=49 +lat_2=44 +x_0=700000 +y_0=6600000 +ellps=GRS80 +units=m +no_defs +type=crs
EPSG,2157,IRENET95 / Irish Transverse Mercator,+proj=tmerc +lat_0=53.5 +lon_0=-8 +k=0.99982 +x_0=600000 +y_0=750000 +ellps=GRS80 +units=m +no_defs +type=crs
EPSG,2158,IRENET95 / UTM zone 29N,+proj=utm +zone=29 +ellps=GRS80 +units=m +no_defs +type=crs
EPSG,2159,Sierra Leone 1924 / New Colony Grid,+proj=tmerc +lat_0=6.66666666666667 +lon_0=-12 +k=1 +x_0=152399.855090754 +y_0=0 +a=6378300 +rf=296 +to_meter=0.304799710181509 +no_defs +type=crs
EPSG,2160,Sierra Leone 1924 / New War Office Grid,+proj=tmerc +lat_0=6.66666666666667 +lon_0=-12 +k=1 +x_0=243839.768145207 +y_0=182879.826108905 +a=6378300 +rf=296 +to_meter=0.304799710181509 +no_defs +type=crs
EPSG,2161,Sierra Leone 1968 / UTM zone 28N,+proj=utm +zone=28 +a=6378249.145 +rf=293.465 +units=m +no_defs +type=crs
EPSG,2162,Sierra Leone 1968 / UTM zone 29N,+proj=utm +zone=29 +a=6378249.145 +rf=293.465 +units=m +no_defs +type=crs
EPSG,2164,Locodjo 1965 / TM 5 NW,+proj=tmerc +lat_0=0 +lon_0=-5 +k=0.9996 +x_0=500000 +y_0=0 +a=6378249.145 +rf=293.465 +units=m +no_defs +type=crs
EPSG,2165,Abidjan 1987 / TM 5 NW,+proj=tmerc +lat_0=0 +lon_0=-5 +k=0.9996 +x_0=500000 +y_0=0 +a=6378249.145 +rf=293.465 +units=m +no_defs +type=crs
EPSG,2169,LUREF / Luxembourg TM,+proj=tmerc +lat_0=49.8333333333333 +lon_0=6.16666666666667 +k=1 +x_0=80000 +y_0=100000 +ellps=intl +units=m +no_defs +type=crs
EPSG,2172,Pulkovo 1942(58) / Poland zone II,+proj=sterea +lat_0=53.0019444444444 +lon_0=21.5027777777778 +k=0.9998 +x_0=4603000 +y_0=5806000 +ellps=krass +units=m +no_defs +type=crs
EPSG,2173,Pulkovo 1942(58) / Poland zone III,+proj=sterea +lat_0=53.5833333333333 +lon_0=17.0083333333333 +k=0.9998 +x_0=3501000 +y_0=5999000 +ellps=krass +units=m +no_defs +type=crs
EPSG,2174,Pulkovo 1942(58) / Poland zone IV,+proj=sterea +lat_0=51.6708333333333 +lon_0=16.6722222222222 +k=0.9998 +x_0=3703000 +y_0=5627000 +ellps=krass +units=m +no_defs +type=crs
EPSG,2175,Pulkovo 1942(58) / Poland zone V,+proj=tmerc +lat_0=0 +lon_0=18.9583333333333 +k=0.999983 +x_0=237000 +y_0=-4700000 +ellps=krass +units=m +no_defs +type=crs
EPSG,2176,ETRF2000-PL / CS2000/15,+proj=tmerc +lat_0=0 +lon_0=15 +k=0.999923 +x_0=5500000 +y_0=0 +ellps=GRS80 +units=m +no_defs +type=crs
EPSG,2177,ETRF2000-PL / CS2000/18,+proj=tmerc +lat_0=0 +lon_0=18 +k=0.999923 +x_0=6500000 +y_0=0 +ellps=GRS80 +units=m +no_defs +type=crs
EPSG,2178,ETRF2000-PL / CS2000/21,+proj=tmerc +lat_0=0 +lon_0=21 +k=0.999923 +x_0=7500000 +y_0=0 +ellps=GRS80 +units=m +no_defs +type=crs
EPSG,2179,ETRF2000-PL / CS2000/24,+proj=tmerc +lat_0=0 +lon_0=24 +k=0.999923 +x_0=8500000 +y_0=0 +ellps=GRS80 +units=m +no_defs +type=crs
EPSG,2180,ETRF2000-PL / CS92,+proj=tmerc +lat_0=0 +lon_0=19 +k=0.9993 +x_0=500000 +y_0=-5300000 +ellps=GRS80 +units=m +no_defs +type=crs
EPSG,2188,Azores Occidental 1939 / UTM zone 25N,+proj=utm +zone=25 +ellps=intl +units=m +no_defs +type=crs
EPSG,2189,Azores Central 1948 / UTM zone 26N,+proj=utm +zone=26 +ellps=intl +units=m +no_defs +type=crs
EPSG,2190,Azores Oriental 1940 / UTM zone 26N,+proj=utm +zone=26 +ellps=intl +units=m +no_defs +type=crs
EPSG,2193,NZGD2000 / New Zealand Transverse Mercator 2000,+proj=tmerc +lat_0=0 +lon_0=173 +k=0.9996 +x_0=1600000 +y_0=10000000 +ellps=GRS80 +units=m +no_defs +type=crs
EPSG,2195,NAD83(HARN) / UTM zone 2S,+proj=utm +zone=2 +south +ellps=GRS80 +units=m +no_defs +type=crs
EPSG,2196,ETRS89 / Kp2000 Jutland,+proj=tmerc +lat_0=0 +lon_0=9.5 +k=0.99995 +x_0=200000 +y_0=0 +ellps=GRS80 +units=m +no_defs +type=crs
EPSG,2197,ETRS89 / Kp2000 Zealand,+proj=tmerc +lat_0=0 +lon_0=12 +k=0.99995 +x_0=500000 +y_0=0 +ellps=GRS80 +units=m +no_defs +type=crs
EPSG,2198,ETRS89 / Kp2000 Bornholm,+proj=tmerc +lat_0=0 +lon_0=15 +k=1 +x_0=900000 +y_0=0 +ellps=GRS80 +units=m +no_defs +type=crs
EPSG,2200,ATS77 / New Brunswick Stereographic (ATS77),+proj=sterea +lat_0=46.5 +lon_0=-66.5 +k=0.999912 +x_0=300000 +y_0=800000 +a=6378135 +rf=298.257 +units=m +no_defs +type=crs
EPSG,2201,REGVEN / UTM zone 18N,+proj=utm +zone=18 +ellps=GRS80 +units=m +no_defs +type=crs
EPSG,2202,REGVEN / UTM zone 19N,+proj=utm +zone=19 +ellps=GRS80 +units=m +no_defs +type=crs
EPSG,2203,REGVEN / UTM zone 20N,+proj=utm +zone=20 +ellps=GRS80 +units=m +no_defs +type=crs
EPSG,2204,NAD27 / Tennessee,+proj=lcc +lat_0=34.6666666666667 +lon_0=-86 +lat_1=35.25 +lat_2=36.4166666666667 +x_0=609601.219202438 +y_0=30480.0609601219 +datum=NAD27 +units=us-ft +no_defs +type=crs
EPSG,2205,NAD83 / Kentucky North,+proj=lcc +lat_0=37.5 +lon_0=-84.25 +lat_1=37.9666666666667 +lat_2=38.9666666666667 +x_0=500000 +y_0=0 +datum=NAD83 +units=m +no_defs +type=crs
EPSG,2206,ED50 / 3-degree Gauss-Kruger zone 9,+proj=tmerc +lat_0=0 +lon_0=27 +k=1 +x_0=9500000 +y_0=0 +ellps=intl +units=m +no_defs +type=crs
EPSG,2207,ED50 / 3-degree Gauss-Kruger zone 10,+proj=tmerc +lat_0=0 +lon_0=30 +k=1 +x_0=10500000 +y_0=0 +ellps=intl +units=m +no_defs +type=crs
EPSG,2208,ED50 / 3-degree Gauss-Kruger zone 11,+proj=tmerc +lat_0=0 +lon_0=33 +k=1 +x_0=11500000 +y_0=0 +ellps=intl +units=m +no_defs +type=crs
EPSG,2209,ED50 / 3-degree Gauss-Kruger zone 12,+proj=tmerc +lat_0=0 +lon_0=36 +k=1 +x_0=12500000 +y_0=0 +ellps=intl +units=m +no_defs +type=crs
EPSG,2210,ED50 / 3-degree Gauss-Kruger zone 13,+proj=tmerc +lat_0=0 +lon_0=39 +k=1 +x_0=13500000 +y_0=0 +ellps=intl +units=m +no_defs +type=crs
EPSG,2211,ED50 / 3-degree Gauss-Kruger zone 14,+proj=tmerc +lat_0=0 +lon_0=42 +k=1 +x_0=14500000 +y_0=0 +ellps=intl +units=m +no_defs +type=crs
EPSG,2212,ED50 / 3-degree Gauss-Kruger zone 15,+proj=tmerc +lat_0=0 +lon_0=45 +k=1 +x_0=15500000 +y_0=0 +ellps=intl +units=m +no_defs +type=crs
EPSG,2213,ETRS89 / TM 30 NE,+proj=tmerc +lat_0=0 +lon_0=30 +k=0.9996 +x_0=500000 +y_0=0 +ellps=GRS80 +units=m +no_defs +type=crs
EPSG,2215,Manoca 1962 / UTM zone 32N,+proj=utm +zone=32 +ellps=clrk80ign +units=m +no_defs +type=crs
EPSG,2216,Qornoq 1927 / UTM zone 22N,+proj=utm +zone=22 +ellps=intl +units=m +no_defs +type=crs
EPSG,2217,Qornoq 1927 / UTM zone 23N,+proj=utm +zone=23 +ellps=intl +units=m +no_defs +type=crs
EPSG,2219,ATS77 / UTM zone 19N,+proj=utm +zone=19 +a=6378135 +rf=298.257 +units=m +no_defs +type=crs
EPSG,2220,ATS77 / UTM zone 20N,+proj=utm +zone=20 +a=6378135 +rf=298.257 +units=m +no_defs +type=crs
EPSG,2222,NAD83 / Arizona East (ft),+proj=tmerc +lat_0=31 +lon_0=-110.166666666667 +k=0.9999 +x_0=213360 +y_0=0 +datum=NAD83 +units=ft +no_defs +type=crs
EPSG,2223,NAD83 / Arizona Central (ft),+proj=tmerc +lat_0=31 +lon_0=-111.916666666667 +k=0.9999 +x_0=213360 +y_0=0 +datum=NAD83 +units=ft +no_defs +type=crs
EPSG,2224,NAD83 / Arizona West (ft),+proj=tmerc +lat_0=31 +lon_0=-113.75 +k=0.999933333 +x_0=213360 +y_0=0 +datum=NAD83 +units=ft +no_defs +type=crs
EPSG,2225,NAD83 / California zone 1 (ftUS),+proj=lcc +lat_0=39.3333333333333 +lon_0=-122 +lat_1=41.6666666666667 +lat_2=40 +x_0=2000000.0001016 +y_0=500000.0001016 +datum=NAD83 +units=us-ft +no_defs +type=crs
EPSG,2226,NAD83 / California zone 2 (ftUS),+proj=lcc +lat_0=37.6666666666667 +lon_0=-122 +lat_1=39.8333333333333 +lat_2=38.3333333333333 +x_0=2000000.0001016 +y_0=500000.0001016 +datum=NAD83 +units=us-ft +no_defs +type=crs
EPSG,2227,NAD83 / California zone 3 (ftUS),+proj=lcc +lat_0=36.5 +lon_0=-120.5 +lat_1=38.4333333333333 +lat_2=37.0666666666667 +x_0=2000000.0001016 +y_0=500000.0001016 +datum=NAD83 +units=us-ft +no_defs +type=crs
EPSG,2228,NAD83 / California zone 4 (ftUS),+proj=lcc +lat_0=35.3333333333333 +lon_0=-119 +lat_1=37.25 +lat_2=36 +x_0=2000000.0001016 +y_0=500000.0001016 +datum=NAD83 +units=us-ft +no_defs +type=crs
EPSG,2229,NAD83 / California zone 5 (ftUS),+proj=lcc +lat_0=33.5 +lon_0=-118 +lat_1=35.4666666666667 +lat_2=34.0333333333333 +x_0=2000000.0001016 +y_0=500000.0001016 +datum=NAD83 +units=us-ft +no_defs +type=crs
EPSG,2230,NAD83 / California zone 6 (ftUS),+proj=lcc +lat_0=32.1666666666667 +lon_0=-116.25 +lat_1=33.8833333333333 +lat_2=32.7833333333333 +x_0=2000000.0001016 +y_0=500000.0001016 +datum=NAD83 +units=us-ft +no_defs +type=crs
EPSG,2231,NAD83 / Colorado North (ftUS),+proj=lcc +lat_0=39.3333333333333 +lon_0=-105.5 +lat_1=40.7833333333333 +lat_2=39.7166666666667 +x_0=914401.828803658 +y_0=304800.609601219 +datum=NAD83 +units=us-ft +no_defs +type=crs
EPSG,2232,NAD83 / Colorado Central (ftUS),+proj=lcc +lat_0=37.8333333333333 +lon_0=-105.5 +lat_1=39.75 +lat_2=38.45 +x_0=914401.828803658 +y_0=304800.609601219 +datum=NAD83 +units=us-ft +no_defs +type=crs
EPSG,2233,NAD83 / Colorado South (ftUS),+proj=lcc +lat_0=36.6666666666667 +lon_0=-105.5 +lat_1=38.4333333333333 +lat_2=37.2333333333333 +x_0=914401.828803658 +y_0=304800.609601219 +datum=NAD83 +units=us-ft +no_defs +type=crs
EPSG,2234,NAD83 / Connecticut (ftUS),+proj=lcc +lat_0=40.8333333333333 +lon_0=-72.75 +lat_1=41.8666666666667 +lat_2=41.2 +x_0=304800.609601219 +y_0=152400.30480061 +datum=NAD83 +units=us-ft +no_defs +type=crs
EPSG,2235,NAD83 / Delaware (ftUS),+proj=tmerc +lat_0=38 +lon_0=-75.4166666666667 +k=0.999995 +x_0=200000.0001016 +y_0=0 +datum=NAD83 +units=us-ft +no_defs +type=crs
EPSG,2236,NAD83 / Florida East (ftUS),+proj=tmerc +lat_0=24.3333333333333 +lon_0=-81 +k=0.999941177 +x_0=200000.0001016 +y_0=0 +datum=NAD83 +units=us-ft +no_defs +type=crs
EPSG,2237,NAD83 / Florida West (ftUS),+proj=tmerc +lat_0=24.3333333333333 +lon_0=-82 +k=0.999941177 +x_0=200000.0001016 +y_0=0 +datum=NAD83 +units=us-ft +no_defs +type=crs
EPSG,2238,NAD83 / Florida North (ftUS),+proj=lcc +lat_0=29 +lon_0=-84.5 +lat_1=30.75 +lat_2=29.5833333333333 +x_0=600000 +y_0=0 +datum=NAD83 +units=us-ft +no_defs +type=crs
EPSG,2239,NAD83 / Georgia East (ftUS),+proj=tmerc +lat_0=30 +lon_0=-82.1666666666667 +k=0.9999 +x_0=200000.0001016 +y_0=0 +datum=NAD83 +units=us-ft +no_defs +type=crs
EPSG,2240,NAD83 / Georgia West (ftUS),+proj=tmerc +lat_0=30 +lon_0=-84.1666666666667 +k=0.9999 +x_0=699999.9998984 +y_0=0 +datum=NAD83 +units=us-ft +no_defs +type=crs
EPSG,2241,NAD83 / Idaho East (ftUS),+proj=tmerc +lat_0=41.6666666666667 +lon_0=-112.166666666667 +k=0.999947368 +x_0=200000.0001016 +y_0=0 +datum=NAD83 +units=us-ft +no_defs +type=crs
EPSG,2242,NAD83 / Idaho Central (ftUS),+proj=tmerc +lat_0=41.6666666666667 +lon_0=-114 +k=0.999947368 +x_0=500000.0001016 +y_0=0 +datum=NAD83 +units=us-ft +no_defs +type=crs
EPSG,2243,NAD83 / Idaho West (ftUS),+proj=tmerc +lat_0=41.6666666666667 +lon_0=-115.75 +k=0.999933333 +x_0=800000.0001016 +y_0=0 +datum=NAD83 +units=us-ft +no_defs +type=crs
EPSG,2246,NAD83 / Kentucky North (ftUS),+proj=lcc +lat_0=37.5 +lon_0=-84.25 +lat_1=37.9666666666667 +lat_2=38.9666666666667 +x_0=500000.0001016 +y_0=0 +datum=NAD83 +units=us-ft +no_defs +type=crs
EPSG,2247,NAD83 / Kentucky South (ftUS),+proj=lcc +lat_0=36.3333333333333 +lon_0=-85.75 +lat_1=37.9333333333333 +lat_2=36.7333333333333 +x_0=500000.0001016 +y_0=500000.0001016 +datum=NAD83 +units=us-ft +no_defs +type=crs
EPSG,2248,NAD83 / Maryland (ftUS),+proj=lcc +lat_0=37.6666666666667 +lon_0=-77 +lat_1=39.45 +lat_2=38.3 +x_0=399999.9998984 +y_0=0 +datum=NAD83 +units=us-ft +no_defs +type=crs
EPSG,2249,NAD83 / Massachusetts Mainland (ftUS),+proj=lcc +lat_0=41 +lon_0=-71.5 +lat_1=42.6833333333333 +lat_2=41.7166666666667 +x_0=200000.0001016 +y_0=750000 +datum=NAD83 +units=us-ft +no_defs +type=crs
EPSG,2250,NAD83 / Massachusetts Island (ftUS),+proj=lcc +lat_0=41 +lon_0=-70.5 +lat_1=41.4833333333333 +lat_2=41.2833333333333 +x_0=500000.0001016 +y_0=0 +datum=NAD83 +units=us-ft +no_defs +type=crs
EPSG,2251,NAD83 / Michigan North (ft),+proj=lcc +lat_0=44.7833333333333 +lon_0=-87 +lat_1=47.0833333333333 +lat_2=45.4833333333333 +x_0=7999999.999968 +y_0=0 +datum=NAD83 +units=ft +no_defs +type=crs
EPSG,2252,NAD83 / Michigan Central (ft),+proj=lcc +lat_0=43.3166666666667 +lon_0=-84.3666666666667 +lat_1=45.7 +lat_2=44.1833333333333 +x_0=5999999.999976 +y_0=0 +datum=NAD83 +units=ft +no_defs +type=crs
EPSG,2253,NAD83 / Michigan South (ft),+proj=lcc +lat_0=41.5 +lon_0=-84.3666666666667 +lat_1=43.6666666666667 +lat_2=42.1 +x_0=3999999.999984 +y_0=0 +datum=NAD83 +units=ft +no_defs +type=crs
EPSG,2254,NAD83 / Mississippi East (ftUS),+proj=tmerc +lat_0=29.5 +lon_0=-88.8333333333333 +k=0.99995 +x_0=300000 +y_0=0 +datum=NAD83 +units=us-ft +no_defs +type=crs
EPSG,2255,NAD83 / Mississippi West (ftUS),+proj=tmerc +lat_0=29.5 +lon_0=-90.3333333333333 +k=0.99995 +x_0=699999.9998984 +y_0=0 +datum=NAD83 +units=us-ft +no_defs +type=crs
EPSG,2256,NAD83 / Montana (ft),+proj=lcc +lat_0=44.25 +lon_0=-109.5 +lat_1=49 +lat_2=45 +x_0=599999.9999976 +y_0=0 +datum=NAD83 +units=ft +no_defs +type=crs
EPSG,2257,NAD83 / New Mexico East (ftUS),+proj=tmerc +lat_0=31 +lon_0=-104.333333333333 +k=0.999909091 +x_0=165000 +y_0=0 +datum=NAD83 +units=us-ft +no_defs +type=crs
EPSG,2258,NAD83 / New Mexico Central (ftUS),+proj=tmerc +lat_0=31 +lon_0=-106.25 +k=0.9999 +x_0=500000.0001016 +y_0=0 +datum=NAD83 +units=us-ft +no_defs +type=crs
EPSG,2259,NAD83 / New Mexico West (ftUS),+proj=tmerc +lat_0=31 +lon_0=-107.833333333333 +k=0.999916667 +x_0=830000.0001016 +y_0=0 +datum=NAD83 +units=us-ft +no_defs +type=crs
EPSG,2260,NAD83 / New York East (ftUS),+proj=tmerc +lat_0=38.8333333333333 +lon_0=-74.5 +k=0.9999 +x_0=150000 +y_0=0 +datum=NAD83 +units=us-ft +no_defs +type=crs
EPSG,2261,NAD83 / New York Central (ftUS),+proj=tmerc +lat_0=40 +lon_0=-76.5833333333333 +k=0.9999375 +x_0=249999.9998984 +y_0=0 +datum=NAD83 +units=us-ft +no_defs +type=crs
EPSG,2262,NAD83 / New York West (ftUS),+proj=tmerc +lat_0=40 +lon_0=-78.5833333333333 +k=0.9999375 +x_0=350000.0001016 +y_0=0 +datum=NAD83 +units=us-ft +no_defs +type=crs
EPSG,2263,NAD83 / New York Long Island (ftUS),+proj=lcc +lat_0=40.1666666666667 +lon_0=-74 +lat_1=41.0333333333333 +lat_2=40.6666666666667 +x_0=300000 +y_0=0 +datum=NAD83 +units=us-ft +no_defs +type=crs
EPSG,2264,NAD83 / North Carolina (ftUS),+proj=lcc +lat_0=33.75 +lon_0=-79 +lat_1=36.1666666666667 +lat_2=34.3333333333333 +x_0=609601.219202438 +y_0=0 +datum=NAD83 +units=us-ft +no_defs +type=crs
EPSG,2265,NAD83 / North Dakota North (ft),+proj=lcc +lat_0=47 +lon_0=-100.5 +lat_1=48.7333333333333 +lat_2=47.4333333333333 +x_0=599999.9999976 +y_0=0 +datum=NAD83 +units=ft +no_defs +type=crs
EPSG,2266,NAD83 / North Dakota South (ft),+proj=lcc +lat_0=45.6666666666667 +lon_0=-100.5 +lat_1=47.4833333333333 +lat_2=46.1833333333333 +x_0=599999.9999976 +y_0=0 +datum=NAD83 +units=ft +no_defs +type=crs
EPSG,2267,NAD83 / Oklahoma North (ftUS),+proj=lcc +lat_0=35 +lon_0=-98 +lat_1=36.7666666666667 +lat_2=35.5666666666667 +x_0=600000 +y_0=0 +datum=NAD83 +units=us-ft +no_defs +type=crs
EPSG,2268,NAD83 / Oklahoma South (ftUS),+proj=lcc +lat_0=33.3333333333333 +lon_0=-98 +lat_1=35.2333333333333 +lat_2=33.9333333333333 +x_0=600000 +y_0=0 +datum=NAD83 +units=us-ft +no_defs +type=crs
EPSG,2269,NAD83 / Oregon North (ft),+proj=lcc +lat_0=43.6666666666667 +lon_0=-120.5 +lat_1=46 +lat_2=44.3333333333333 +x_0=2500000.0001424 +y_0=0 +datum=NAD83 +units=ft +no_defs +type=crs
EPSG,2270,NAD83 / Oregon South (ft),+proj=lcc +lat_0=41.6666666666667 +lon_0=-120.5 +lat_1=44 +lat_2=42.3333333333333 +x_0=1500000.0001464 +y_0=0 +datum=NAD83 +units=ft +no_defs +type=crs
EPSG,2271,NAD83 / Pennsylvania North (ftUS),+proj=lcc +lat_0=40.1666666666667 +lon_0=-77.75 +lat_1=41.95 +lat_2=40.8833333333333 +x_0=600000 +y_0=0 +datum=NAD83 +units=us-ft +no_defs +type=crs
EPSG,2272,NAD83 / Pennsylvania South (ftUS),+proj=lcc +lat_0=39.3333333333333 +lon_0=-77.75 +lat_1=40.9666666666667 +lat_2=39.9333333333333 +x_0=600000 +y_0=0 +datum=NAD83 +units=us-ft +no_defs +type=crs
EPSG,2273,NAD83 / South Carolina (ft),+proj=lcc +lat_0=31.8333333333333 +lon_0=-81 +lat_1=34.8333333333333 +lat_2=32.5 +x_0=609600 +y_0=0 +datum=NAD83 +units=ft +no_defs +type=crs
EPSG,2274,NAD83 / Tennessee (ftUS),+proj=lcc +lat_0=34.3333333333333 +lon_0=-86 +lat_1=36.4166666666667 +lat_2=35.25 +x_0=600000 +y_0=0 +datum=NAD83 +units=us-ft +no_defs +type=crs
EPSG,2275,NAD83 / Texas North (ftUS),+proj=lcc +lat_0=34 +lon_0=-101.5 +lat_1=36.1833333333333 +lat_2=34.65 +x_0=200000.0001016 +y_0=999999.9998984 +datum=NAD83 +units=us-ft +no_defs +type=crs
EPSG,2276,NAD83 / Texas North Central (ftUS),+proj=lcc +lat_0=31.6666666666667 +lon_0=-98.5 +lat_1=33.9666666666667 +lat_2=32.1333333333333 +x_0=600000 +y_0=2000000.0001016 +datum=NAD83 +units=us-ft +no_defs +type=crs
EPSG,2277,NAD83 / Texas Central (ftUS),+proj=lcc +lat_0=29.6666666666667 +lon_0=-100.333333333333 +lat_1=31.8833333333333 +lat_2=30.1166666666667 +x_0=699999.9998984 +y_0=3000000 +datum=NAD83 +units=us-ft +no_defs +type=crs
EPSG,2278,NAD83 / Texas South Central (ftUS),+proj=lcc +lat_0=27.8333333333333 +lon_0=-99 +lat_1=30.2833333333333 +lat_2=28.3833333333333 +x_0=600000 +y_0=3999999.9998984 +datum=NAD83 +units=us-ft +no_defs +type=crs
EPSG,2279,NAD83 / Texas South (ftUS),+proj=lcc +lat_0=25.6666666666667 +lon_0=-98.5 +lat_1=27.8333333333333 +lat_2=26.1666666666667 +x_0=300000 +y_0=5000000.0001016 +datum=NAD83 +units=us-ft +no_defs +type=crs
EPSG,2280,NAD83 / Utah North (ft),+proj=lcc +lat_0=40.3333333333333 +lon_0=-111.5 +lat_1=41.7833333333333 +lat_2=40.7166666666667 +x_0=500000.0001504 +y_0=999999.999996 +datum=NAD83 +units=ft +no_defs +type=crs
EPSG,2281,NAD83 / Utah Central (ft),+proj=lcc +lat_0=38.3333333333333 +lon_0=-111.5 +lat_1=40.65 +lat_2=39.0166666666667 +x_0=500000.0001504 +y_0=1999999.999992 +datum=NAD83 +units=ft +no_defs +type=crs
EPSG,2282,NAD83 / Utah South (ft),+proj=lcc +lat_0=36.6666666666667 +lon_0=-111.5 +lat_1=38.35 +lat_2=37.2166666666667 +x_0=500000.0001504 +y_0=2999999.999988 +datum=NAD83 +units=ft +no_defs +type=crs
EPSG,2283,NAD83 / Virginia North (ftUS),+proj=lcc +lat_0=37.6666666666667 +lon_0=-78.5 +lat_1=39.2 +lat_2=38.0333333333333 +x_0=3500000.0001016 +y_0=2000000.0001016 +datum=NAD83 +units=us-ft +no_defs +type=crs
EPSG,2284,NAD83 / Virginia South (ftUS),+proj=lcc +lat_0=36.3333333333333 +lon_0=-78.5 +lat_1=37.9666666666667 +lat_2=36.7666666666667 +x_0=3500000.0001016 +y_0=999999.9998984 +datum=NAD83 +units=us-ft +no_defs +type=crs
EPSG,2285,NAD83 / Washington North (ftUS),+proj=lcc +lat_0=47 +lon_0=-120.833333333333 +lat_1=48.7333333333333 +lat_2=47.5 +x_0=500000.0001016 +y_0=0 +datum=NAD83 +units=us-ft +no_defs +type=crs
EPSG,2286,NAD83 / Washington South (ftUS),+proj=lcc +lat_0=45.3333333333333 +lon_0=-120.5 +lat_1=47.3333333333333 +lat_2=45.8333333333333 +x_0=500000.0001016 +y_0=0 +datum=NAD83 +units=us-ft +no_defs +type=crs
EPSG,2287,NAD83 / Wisconsin North (ftUS),+proj=lcc +lat_0=45.1666666666667 +lon_0=-90 +lat_1=46.7666666666667 +lat_2=45.5666666666667 +x_0=600000 +y_0=0 +datum=NAD83 +units=us-ft +no_defs +type=crs
EPSG,2288,NAD83 / Wisconsin Central (ftUS),+proj=lcc +lat_0=43.8333333333333 +lon_0=-90 +lat_1=45.5 +lat_2=44.25 +x_0=600000 +y_0=0 +datum=NAD83 +units=us-ft +no_defs +type=crs
EPSG,2289,NAD83 / Wisconsin South (ftUS),+proj=lcc +lat_0=42 +lon_0=-90 +lat_1=44.0666666666667 +lat_2=42.7333333333333 +x_0=600000 +y_0=0 +datum=NAD83 +units=us-ft +no_defs +type=crs
EPSG,2290,ATS77 / Prince Edward Isl. Stereographic (ATS77),+proj=sterea +lat_0=47.25 +lon_0=-63 +k=0.999912 +x_0=700000 +y_0=400000 +a=6378135 +rf=298.257 +units=m +no_defs +type=crs
EPSG,2294,ATS77 / MTM Nova Scotia zone 4,+proj=tmerc +lat_0=0 +lon_0=-61.5 +k=0.9999 +x_0=4500000 +y_0=0 +a=6378135 +rf=298.257 +units=m +no_defs +type=crs
EPSG,2295,ATS77 / MTM Nova Scotia zone 5,+proj=tmerc +lat_0=0 +lon_0=-64.5 +k=0.9999 +x_0=5500000 +y_0=0 +a=6378135 +rf=298.257 +units=m +no_defs +type=crs
EPSG,2308,Batavia / TM 109 SE,+proj=tmerc +lat_0=0 +lon_0=109 +k=0.9996 +x_0=500000 +y_0=10000000 +ellps=bessel +units=m +no_defs +type=crs
EPSG,2309,WGS 84 / TM 116 SE,+proj=tmerc +lat_0=0 +lon_0=116 +k=0.9996 +x_0=500000 +y_0=10000000 +datum=WGS84 +units=m +no_defs +type=crs
EPSG,2310,WGS 84 / TM 132 SE,+proj=tmerc +lat_0=0 +lon_0=132 +k=0.9996 +x_0=500000 +y_0=10000000 +datum=WGS84 +units=m +no_defs +type=crs
EPSG,2311,WGS 84 / TM 6 NE,+proj=tmerc +lat_0=0 +lon_0=6 +k=0.9996 +x_0=500000 +y_0=0 +datum=WGS84 +units=m +no_defs +type=crs
EPSG,2312,Garoua / UTM zone 33N,+proj=utm +zone=33 +a=6378249.145 +rf=293.465 +units=m +no_defs +type=crs
EPSG,2313,Kousseri / UTM zone 33N,+proj=utm +zone=33 +a=6378249.145 +rf=293.465 +units=m +no_defs +type=crs
EPSG,2314,Trinidad 1903 / Trinidad Grid (ftCla),+proj=cass +lat_0=10.4416666666667 +lon_0=-61.3333333333333 +x_0=86501.46392052 +y_0=65379.0134283 +a=6378293.64520876 +b=6356617.98767984 +to_meter=0.3047972654 +no_defs +type=crs
EPSG,2315,Campo Inchauspe / UTM zone 19S,+proj=utm +zone=19 +south +ellps=intl +units=m +no_defs +type=crs
EPSG,2316,Campo Inchauspe / UTM zone 20S,+proj=utm +zone=20 +south +ellps=intl +units=m +no_defs +type=crs
EPSG,2317,PSAD56 / ICN Regional,+proj=lcc +lat_0=6 +lon_0=-66 +lat_1=9 +lat_2=3 +x_0=1000000 +y_0=1000000 +ellps=intl +units=m +no_defs +type=crs
EPSG,2318,Ain el Abd / Aramco Lambert,+proj=lcc +lat_0=25.08951 +lon_0=48 +lat_1=17 +lat_2=33 +x_0=0 +y_0=0 +ellps=intl +units=m +no_defs +type=crs
EPSG,2319,ED50 / TM27,+proj=tmerc +lat_0=0 +lon_0=27 +k=1 +x_0=500000 +y_0=0 +ellps=intl +units=m +no_defs +type=crs
EPSG,2320,ED50 / TM30,+proj=tmerc +lat_0=0 +lon_0=30 +k=1 +x_0=500000 +y_0=0 +ellps=intl +units=m +no_defs +type=crs
EPSG,2321,ED50 / TM33,+proj=tmerc +lat_0=0 +lon_0=33 +k=1 +x_0=500000 +y_0=0 +ellps=intl +units=m +no_defs +type=crs
EPSG,2322,ED50 / TM36,+proj=tmerc +lat_0=0 +lon_0=36 +k=1 +x_0=500000 +y_0=0 +ellps=intl +units=m +no_defs +type=crs
EPSG,2323,ED50 / TM39,+proj=tmerc +lat_0=0 +lon_0=39 +k=1 +x_0=500000 +y_0=0 +ellps=intl +units=m +no_defs +type=crs
EPSG,2324,ED50 / TM42,+proj=tmerc +lat_0=0 +lon_0=42 +k=1 +x_0=500000 +y_0=0 +ellps=intl +units=m +no_defs +type=crs
EPSG,2325,ED50 / TM45,+proj=tmerc +lat_0=0 +lon_0=45 +k=1 +x_0=500000 +y_0=0 +ellps=intl +units=m +no_defs +type=crs
EPSG,2326,Hong Kong 1980 Grid System,+proj=tmerc +lat_0=22.3121333333333 +lon_0=114.178555555556 +k=1 +x_0=836694.05 +y_0=819069.8 +ellps=intl +units=m +no_defs +type=crs
EPSG,2327,Xian 1980 / Gauss-Kruger zone 13,+proj=tmerc +lat_0=0 +lon_0=75 +k=1 +x_0=13500000 +y_0=0 +ellps=IAU76 +units=m +no_defs +type=crs
EPSG,2328,Xian 1980 / Gauss-Kruger zone 14,+proj=tmerc +lat_0=0 +lon_0=81 +k=1 +x_0=14500000 +y_0=0 +ellps=IAU76 +units=m +no_defs +type=crs
EPSG,2329,Xian 1980 / Gauss-Kruger zone 15,+proj=tmerc +lat_0=0 +lon_0=87 +k=1 +x_0=15500000 +y_0=0 +ellps=IAU76 +units=m +no_defs +type=crs
EPSG,2330,Xian 1980 / Gauss-Kruger zone 16,+proj=tmerc +lat_0=0 +lon_0=93 +k=1 +x_0=16500000 +y_0=0 +ellps=IAU76 +units=m +no_defs +type=crs
EPSG,2331,Xian 1980 / Gauss-Kruger zone 17,+proj=tmerc +lat_0=0 +lon_0=99 +k=1 +x_0=17500000 +y_0=0 +ellps=IAU76 +units=m +no_defs +type=crs
EPSG,2332,Xian 1980 / Gauss-Kruger zone 18,+proj=tmerc +lat_0=0 +lon_0=105 +k=1 +x_0=18500000 +y_0=0 +ellps=IAU76 +units=m +no_defs +type=crs
EPSG,2333,Xian 1980 / Gauss-Kruger zone 19,+proj=tmerc +lat_0=0 +lon_0=111 +k=1 +x_0=19500000 +y_0=0 +ellps=IAU76 +units=m +no_defs +type=crs
EPSG,2334,Xian 1980 / Gauss-Kruger zone 20,+proj=tmerc +lat_0=0 +lon_0=117 +k=1 +x_0=20500000 +y_0=0 +ellps=IAU76 +units=m +no_defs +type=crs
EPSG,2335,Xian 1980 / Gauss-Kruger zone 21,+proj=tmerc +lat_0=0 +lon_0=123 +k=1 +x_0=21500000 +y_0=0 +ellps=IAU76 +units=m +no_defs +type=crs
EPSG,2336,Xian 1980 / Gauss-Kruger zone 22,+proj=tmerc +lat_0=0 +lon_0=129 +k=1 +x_0=22500000 +y_0=0 +ellps=IAU76 +units=m +no_defs +type=crs
EPSG,2337,Xian 1980 / Gauss-Kruger zone 23,+proj=tmerc +lat_0=0 +lon_0=135 +k=1 +x_0=23500000 +y_0=0 +ellps=IAU76 +units=m +no_defs +type=crs
EPSG,2338,Xian 1980 / Gauss-Kruger CM 75E,+proj=tmerc +lat_0=0 +lon_0=75 +k=1 +x_0=500000 +y_0=0 +ellps=IAU76 +units=m +no_defs +type=crs
EPSG,2339,Xian 1980 / Gauss-Kruger CM 81E,+proj=tmerc +lat_0=0 +lon_0=81 +k=1 +x_0=500000 +y_0=0 +ellps=IAU76 +units=m +no_defs +type=crs
EPSG,2340,Xian 1980 / Gauss-Kruger CM 87E,+proj=tmerc +lat_0=0 +lon_0=87 +k=1 +x_0=500000 +y_0=0 +ellps=IAU76 +units=m +no_defs +type=crs
EPSG,2341,Xian 1980 / Gauss-Kruger CM 93E,+proj=tmerc +lat_0=0 +lon_0=93 +k=1 +x_0=500000 +y_0=0 +ellps=IAU76 +units=m +no_defs +type=crs
EPSG,2342,Xian 1980 / Gauss-Kruger CM 99E,+proj=tmerc +lat_0=0 +lon_0=99 +k=1 +x_0=500000 +y_0=0 +ellps=IAU76 +units=m +no_defs +type=crs
EPSG,2343,Xian 1980 / Gauss-Kruger CM 105E,+proj=tmerc +lat_0=0 +lon_0=105 +k=1 +x_0=500000 +y_0=0 +ellps=IAU76 +units=m +no_defs +type=crs
EPSG,2344,Xian 1980 / Gauss-Kruger CM 111E,+proj=tmerc +lat_0=0 +lon_0=111 +k=1 +x_0=500000 +y_0=0 +ellps=IAU76 +units=m +no_defs +type=crs
EPSG,2345,Xian 1980 / Gauss-Kruger CM 117E,+proj=tmerc +lat_0=0 +lon_0=117 +k=1 +x_0=500000 +y_0=0 +ellps=IAU76 +units=m +no_defs +type=crs
EPSG,2346,Xian 1980 / Gauss-Kruger CM 123E,+proj=tmerc +lat_0=0 +lon_0=123 +k=1 +x_0=500000 +y_0=0 +ellps=IAU76 +units=m +no_defs +type=crs
EPSG,2347,Xian 1980 / Gauss-Kruger CM 129E,+proj=tmerc +lat_0=0 +lon_0=129 +k=1 +x_0=500000 +y_0=0 +ellps=IAU76 +units=m +no_defs +type=crs
EPSG,2348,Xian 1980 / Gauss-Kruger CM 135E,+proj=tmerc +lat_0=0 +lon_0=135 +k=1 +x_0=500000 +y_0=0 +ellps=IAU76 +units=m +no_defs +type=crs
EPSG,2349,Xian 1980 / 3-degree Gauss-Kruger zone 25,+proj=tmerc +lat_0=0 +lon_0=75 +k=1 +x_0=25500000 +y_0=0 +ellps=IAU76 +units=m +no_defs +type=crs
EPSG,2350,Xian 1980 / 3-degree Gauss-Kruger zone 26,+proj=tmerc +lat_0=0 +lon_0=78 +k=1 +x_0=26500000 +y_0=0 +ellps=IAU76 +units=m +no_defs +type=crs
EPSG,2351,Xian 1980 / 3-degree Gauss-Kruger zone 27,+proj=tmerc +lat_0=0 +lon_0=81 +k=1 +x_0=27500000 +y_0=0 +ellps=IAU76 +units=m +no_defs +type=crs
EPSG,2352,Xian 1980 / 3-degree Gauss-Kruger zone 28,+proj=tmerc +lat_0=0 +lon_0=84 +k=1 +x_0=28500000 +y_0=0 +ellps=IAU76 +units=m +no_defs +type=crs
EPSG,2353,Xian 1980 / 3-degree Gauss-Kruger zone 29,+proj=tmerc +lat_0=0 +lon_0=87 +k=1 +x_0=29500000 +y_0=0 +ellps=IAU76 +units=m +no_defs +type=crs
EPSG,2354,Xian 1980 / 3-degree Gauss-Kruger zone 30,+proj=tmerc +lat_0=0 +lon_0=90 +k=1 +x_0=30500000 +y_0=0 +ellps=IAU76 +units=m +no_defs +type=crs
EPSG,2355,Xian 1980 / 3-degree Gauss-Kruger zone 31,+proj=tmerc +lat_0=0 +lon_0=93 +k=1 +x_0=31500000 +y_0=0 +ellps=IAU76 +units=m +no_defs +type=crs
EPSG,2356,Xian 1980 / 3-degree Gauss-Kruger zone 32,+proj=tmerc +lat_0=0 +lon_0=96 +k=1 +x_0=32500000 +y_0=0 +ellps=IAU76 +units=m +no_defs +type=crs
EPSG,2357,Xian 1980 / 3-degree Gauss-Kruger zone 33,+proj=tmerc +lat_0=0 +lon_0=99 +k=1 +x_0=33500000 +y_0=0 +ellps=IAU76 +units=m +no_defs +type=crs
EPSG,2358,Xian 1980 / 3-degree Gauss-Kruger zone 34,+proj=tmerc +lat_0=0 +lon_0=102 +k=1 +x_0=34500000 +y_0=0 +ellps=IAU76 +units=m +no_defs +type=crs
EPSG,2359,Xian 1980 / 3-degree Gauss-Kruger zone 35,+proj=tmerc +lat_0=0 +lon_0=105 +k=1 +x_0=35500000 +y_0=0 +ellps=IAU76 +units=m +no_defs +type=crs
EPSG,2360,Xian 1980 / 3-degree Gauss-Kruger zone 36,+proj=tmerc +lat_0=0 +lon_0=108 +k=1 +x_0=36500000 +y_0=0 +ellps=IAU76 +units=m +no_defs +type=crs
EPSG,2361,Xian 1980 / 3-degree Gauss-Kruger zone 37,+proj=tmerc +lat_0=0 +lon_0=111 +k=1 +x_0=37500000 +y_0=0 +ellps=IAU76 +units=m +no_defs +type=crs
EPSG,2362,Xian 1980 / 3-degree Gauss-Kruger zone 38,+proj=tmerc +lat_0=0 +lon_0=114 +k=1 +x_0=38500000 +y_0=0 +ellps=IAU76 +units=m +no_defs +type=crs
EPSG,2363,Xian 1980 / 3-degree Gauss-Kruger zone 39,+proj=tmerc +lat_0=0 +lon_0=117 +k=1 +x_0=39500000 +y_0=0 +ellps=IAU76 +units=m +no_defs +type=crs
EPSG,2364,Xian 1980 / 3-degree Gauss-Kruger zone 40,+proj=tmerc +lat_0=0 +lon_0=120 +k=1 +x_0=40500000 +y_0=0 +ellps=IAU76 +units=m +no_defs +type=crs
EPSG,2365,Xian 1980 / 3-degree Gauss-Kruger zone 41,+proj=tmerc +lat_0=0 +lon_0=123 +k=1 +x_0=41500000 +y_0=0 +ellps=IAU76 +units=m +no_defs +type=crs
EPSG,2366,Xian 1980 / 3-degree Gauss-Kruger zone 42,+proj=tmerc +lat_0=0 +lon_0=126 +k=1 +x_0=42500000 +y_0=0 +ellps=IAU76 +units=m +no_defs +type=crs
EPSG,2367,Xian 1980 / 3-degree Gauss-Kruger zone 43,+proj=tmerc +lat_0=0 +lon_0=129 +k=1 +x_0=43500000 +y_0=0 +ellps=IAU76 +units=m +no_defs +type=crs
EPSG,2368,Xian 1980 / 3-degree Gauss-Kruger zone 44,+proj=tmerc +lat_0=0 +lon_0=132 +k=1 +x_0=44500000 +y_0=0 +ellps=IAU76 +units=m +no_defs +type=crs
EPSG,2369,Xian 1980 / 3-degree Gauss-Kruger zone 45,+proj=tmerc +lat_0=0 +lon_0=135 +k=1 +x_0=45500000 +y_0=0 +ellps=IAU76 +units=m +no_defs +type=crs
EPSG,2370,Xian 1980 / 3-degree Gauss-Kruger CM 75E,+proj=tmerc +lat_0=0 +lon_0=75 +k=1 +x_0=500000 +y_0=0 +ellps=IAU76 +units=m +no_defs +type=crs
EPSG,2371,Xian 1980 / 3-degree Gauss-Kruger CM 78E,+proj=tmerc +lat_0=0 +lon_0=78 +k=1 +x_0=500000 +y_0=0 +ellps=IAU76 +units=m +no_defs +type=crs
EPSG,2372,Xian 1980 / 3-degree Gauss-Kruger CM 81E,+proj=tmerc +lat_0=0 +lon_0=81 +k=1 +x_0=500000 +y_0=0 +ellps=IAU76 +units=m +no_defs +type=crs
EPSG,2373,Xian 1980 / 3-degree Gauss-Kruger CM 84E,+proj=tmerc +lat_0=0 +lon_0=84 +k=1 +x_0=500000 +y_0=0 +ellps=IAU76 +units=m +no_defs +type=crs
EPSG,2374,Xian 1980 / 3-degree Gauss-Kruger CM 87E,+proj=tmerc +lat_0=0 +lon_0=87 +k=1 +x_0=500000 +y_0=0 +ellps=IAU76 +units=m +no_defs +type=crs
EPSG,2375,Xian 1980 / 3-degree Gauss-Kruger CM 90E,+proj=tmerc +lat_0=0 +lon_0=90 +k=1 +x_0=500000 +y_0=0 +ellps=IAU76 +units=m +no_defs +type=crs
EPSG,2376,Xian 1980 / 3-degree Gauss-Kruger CM 93E,+proj=tmerc +lat_0=0 +lon_0=93 +k=1 +x_0=500000 +y_0=0 +ellps=IAU76 +units=m +no_defs +type=crs
EPSG,2377,Xian 1980 / 3-degree Gauss-Kruger CM 96E,+proj=tmerc +lat_0=0 +lon_0=96 +k=1 +x_0=500000 +y_0=0 +ellps=IAU76 +units=m +no_defs +type=crs
EPSG,2378,Xian 1980 / 3-degree Gauss-Kruger CM 99E,+proj=tmerc +lat_0=0 +lon_0=99 +k=1 +x_0=500000 +y_0=0 +ellps=IAU76 +units=m +no_defs +type=crs
EPSG,2379,Xian 1980 / 3-degree Gauss-Kruger CM 102E,+proj=tmerc +lat_0=0 +lon_0=102 +k=1 +x_0=500000 +y_0=0 +ellps=IAU76 +units=m +no_defs +type=crs
EPSG,2380,Xian 1980 / 3-degree Gauss-Kruger CM 105E,+proj=tmerc +lat_0=0 +lon_0=105 +k=1 +x_0=500000 +y_0=0 +ellps=IAU76 +units=m +no_defs +type=crs
EPSG,2381,Xian 1980 / 3-degree Gauss-Kruger CM 108E,+proj=tmerc +lat_0=0 +lon_0=108 +k=1 +x_0=500000 +y_0=0 +ellps=IAU76 +units=m +no_defs +type=crs
EPSG,2382,Xian 1980 / 3-degree Gauss-Kruger CM 111E,+proj=tmerc +lat_0=0 +lon_0=111 +k=1 +x_0=500000 +y_0=0 +ellps=IAU76 +units=m +no_defs +type=crs
EPSG,2383,Xian 1980 / 3-degree Gauss-Kruger CM 114E,+proj=tmerc +lat_0=0 +lon_0=114 +k=1 +x_0=500000 +y_0=0 +ellps=IAU76 +units=m +no_defs +type=crs
EPSG,2384,Xian 1980 / 3-degree Gauss-Kruger CM 117E,+proj=tmerc +lat_0=0 +lon_0=117 +k=1 +x_0=500000 +y_0=0 +ellps=IAU76 +units=m +no_defs +type=crs
EPSG,2385,Xian 1980 / 3-degree Gauss-Kruger CM 120E,+proj=tmerc +lat_0=0 +lon_0=120 +k=1 +x_0=500000 +y_0=0 +ellps=IAU76 +units=m +no_defs +type=crs
EPSG,2386,Xian 1980 / 3-degree Gauss-Kruger CM 123E,+proj=tmerc +lat_0=0 +lon_0=123 +k=1 +x_0=500000 +y_0=0 +ellps=IAU76 +units=m +no_defs +type=crs
EPSG,2387,Xian 1980 / 3-degree Gauss-Kruger CM 126E,+proj=tmerc +lat_0=0 +lon_0=126 +k=1 +x_0=500000 +y_0=0 +ellps=IAU76 +units=m +no_defs +type=crs
EPSG,2388,Xian 1980 / 3-degree Gauss-Kruger CM 129E,+proj=tmerc +lat_0=0 +lon_0=129 +k=1 +x_0=500000 +y_0=0 +ellps=IAU76 +units=m +no_defs +type=crs
EPSG,2389,Xian 1980 / 3-degree Gauss-Kruger CM 132E,+proj=tmerc +lat_0=0 +lon_0=132 +k=1 +x_0=500000 +y_0=0 +ellps=IAU76 +units=m +no_defs +type=crs
EPSG,2390,Xian 1980 / 3-degree Gauss-Kruger CM 135E,+proj=tmerc +lat_0=0 +lon_0=135 +k=1 +x_0=500000 +y_0=0 +ellps=IAU76 +units=m +no_defs +type=crs
EPSG,2391,KKJ / Finland zone 1,+proj=tmerc +lat_0=0 +lon_0=21 +k=1 +x_0=1500000 +y_0=0 +ellps=intl +units=m +no_defs +type=crs
EPSG,2392,KKJ / Finland zone 2,+proj=tmerc +lat_0=0 +lon_0=24 +k=1 +x_0=2500000 +y_0=0 +ellps=intl +units=m +no_defs +type=crs
EPSG,2393,KKJ / Finland Uniform Coordinate System,+proj=tmerc +lat_0=0 +lon_0=27 +k=1 +x_0=3500000 +y_0=0 +ellps=intl +units=m +no_defs +type=crs
EPSG,2394,KKJ / Finland zone 4,+proj=tmerc +lat_0=0 +lon_0=30 +k=1 +x_0=4500000 +y_0=0 +ellps=intl +units=m +no_defs +type=crs
EPSG,2395,South Yemen / Gauss-Kruger zone 8,+proj=tmerc +lat_0=0 +lon_0=45 +k=1 +x_0=8500000 +y_0=0 +ellps=krass +units=m +no_defs +type=crs
EPSG,2396,South Yemen / Gauss-Kruger zone 9,+proj=tmerc +lat_0=0 +lon_0=51 +k=1 +x_0=9500000 +y_0=0 +ellps=krass +units=m +no_defs +type=crs
EPSG,2397,Pulkovo 1942(83) / 3-degree Gauss-Kruger zone 3,+proj=tmerc +lat_0=0 +lon_0=9 +k=1 +x_0=3500000 +y_0=0 +ellps=krass +units=m +no_defs +type=crs
EPSG,2398,Pulkovo 1942(83) / 3-degree Gauss-Kruger zone 4,+proj=tmerc +lat_0=0 +lon_0=12 +k=1 +x_0=4500000 +y_0=0 +ellps=krass +units=m +no_defs +type=crs
EPSG,2399,Pulkovo 1942(83) / 3-degree Gauss-Kruger zone 5,+proj=tmerc +lat_0=0 +lon_0=15 +k=1 +x_0=5500000 +y_0=0 +ellps=krass +units=m +no_defs +type=crs
EPSG,2401,Beijing 1954 / 3-degree Gauss-Kruger zone 25,+proj=tmerc +lat_0=0 +lon_0=75 +k=1 +x_0=25500000 +y_0=0 +ellps=krass +units=m +no_defs +type=crs
EPSG,2402,Beijing 1954 / 3-degree Gauss-Kruger zone 26,+proj=tmerc +lat_0=0 +lon_0=78 +k=1 +x_0=26500000 +y_0=0 +ellps=krass +units=m +no_defs +type=crs
EPSG,2403,Beijing 1954 / 3-degree Gauss-Kruger zone 27,+proj=tmerc +lat_0=0 +lon_0=81 +k=1 +x_0=27500000 +y_0=0 +ellps=krass +units=m +no_defs +type=crs
EPSG,2404,Beijing 1954 / 3-degree Gauss-Kruger zone 28,+proj=tmerc +lat_0=0 +lon_0=84 +k=1 +x_0=28500000 +y_0=0 +ellps=krass +units=m +no_defs +type=crs
EPSG,2405,Beijing 1954 / 3-degree Gauss-Kruger zone 29,+proj=tmerc +lat_0=0 +lon_0=87 +k=1 +x_0=29500000 +y_0=0 +ellps=krass +units=m +no_defs +type=crs
EPSG,2406,Beijing 1954 / 3-degree Gauss-Kruger zone 30,+proj=tmerc +lat_0=0 +lon_0=90 +k=1 +x_0=30500000 +y_0=0 +ellps=krass +units=m +no_defs +type=crs
EPSG,2407,Beijing 1954 / 3-degree Gauss-Kruger zone 31,+proj=tmerc +lat_0=0 +lon_0=93 +k=1 +x_0=31500000 +y_0=0 +ellps=krass +units=m +no_defs +type=crs
EPSG,2408,Beijing 1954 / 3-degree Gauss-Kruger zone 32,+proj=tmerc +lat_0=0 +lon_0=96 +k=1 +x_0=32500000 +y_0=0 +ellps=krass +units=m +no_defs +type=crs
EPSG,2409,Beijing 1954 / 3-degree Gauss-Kruger zone 33,+proj=tmerc +lat_0=0 +lon_0=99 +k=1 +x_0=33500000 +y_0=0 +ellps=krass +units=m +no_defs +type=crs
EPSG,2410,Beijing 1954 / 3-degree Gauss-Kruger zone 34,+proj=tmerc +lat_0=0 +lon_0=102 +k=1 +x_0=34500000 +y_0=0 +ellps=krass +units=m +no_defs +type=crs
EPSG,2411,Beijing 1954 / 3-degree Gauss-Kruger zone 35,+proj=tmerc +lat_0=0 +lon_0=105 +k=1 +x_0=35500000 +y_0=0 +ellps=krass +units=m +no_defs +type=crs
EPSG,2412,Beijing 1954 / 3-degree Gauss-Kruger zone 36,+proj=tmerc +lat_0=0 +lon_0=108 +k=1 +x_0=36500000 +y_0=0 +ellps=krass +units=m +no_defs +type=crs
EPSG,2413,Beijing 1954 / 3-degree Gauss-Kruger zone 37,+proj=tmerc +lat_0=0 +lon_0=111 +k=1 +x_0=37500000 +y_0=0 +ellps=krass +units=m +no_defs +type=crs
EPSG,2414,Beijing 1954 / 3-degree Gauss-Kruger zone 38,+proj=tmerc +lat_0=0 +lon_0=114 +k=1 +x_0=38500000 +y_0=0 +ellps=krass +units=m +no_defs +type=crs
EPSG,2415,Beijing 1954 / 3-degree Gauss-Kruger zone 39,+proj=tmerc +lat_0=0 +lon_0=117 +k=1 +x_0=39500000 +y_0=0 +ellps=krass +units=m +no_defs +type=crs
EPSG,2416,Beijing 1954 / 3-degree Gauss-Kruger zone 40,+proj=tmerc +lat_0=0 +lon_0=120 +k=1 +x_0=40500000 +y_0=0 +ellps=krass +units=m +no_defs +type=crs
EPSG,2417,Beijing 1954 / 3-degree Gauss-Kruger zone 41,+proj=tmerc +lat_0=0 +lon_0=123 +k=1 +x_0=41500000 +y_0=0 +ellps=krass +units=m +no_defs +type=crs
EPSG,2418,Beijing 1954 / 3-degree Gauss-Kruger zone 42,+proj=tmerc +lat_0=0 +lon_0=126 +k=1 +x_0=42500000 +y_0=0 +ellps=krass +units=m +no_defs +type=crs
EPSG,2419,Beijing 1954 / 3-degree Gauss-Kruger zone 43,+proj=tmerc +lat_0=0 +lon_0=129 +k=1 +x_0=43500000 +y_0=0 +ellps=krass +units=m +no_defs +type=crs
EPSG,2420,Beijing 1954 / 3-degree Gauss-Kruger zone 44,+proj=tmerc +lat_0=0 +lon_0=132 +k=1 +x_0=44500000 +y_0=0 +ellps=krass +units=m +no_defs +type=crs
EPSG,2421,Beijing 1954 / 3-degree Gauss-Kruger zone 45,+proj=tmerc +lat_0=0 +lon_0=135 +k=1 +x_0=45500000 +y_0=0 +ellps=krass +units=m +no_defs +type=crs
EPSG,2422,Beijing 1954 / 3-degree Gauss-Kruger CM 75E,+proj=tmerc +lat_0=0 +lon_0=75 +k=1 +x_0=500000 +y_0=0 +ellps=krass +units=m +no_defs +type=crs
EPSG,2423,Beijing 1954 / 3-degree Gauss-Kruger CM 78E,+proj=tmerc +lat_0=0 +lon_0=78 +k=1 +x_0=500000 +y_0=0 +ellps=krass +units=m +no_defs +type=crs
EPSG,2424,Beijing 1954 / 3-degree Gauss-Kruger CM 81E,+proj=tmerc +lat_0=0 +lon_0=81 +k=1 +x_0=500000 +y_0=0 +ellps=krass +units=m +no_defs +type=crs
EPSG,2425,Beijing 1954 / 3-degree Gauss-Kruger CM 84E,+proj=tmerc +lat_0=0 +lon_0=84 +k=1 +x_0=500000 +y_0=0 +ellps=krass +units=m +no_defs +type=crs
EPSG,2426,Beijing 1954 / 3-degree Gauss-Kruger CM 87E,+proj=tmerc +lat_0=0 +lon_0=87 +k=1 +x_0=500000 +y_0=0 +ellps=krass +units=m +no_defs +type=crs
EPSG,2427,Beijing 1954 / 3-degree Gauss-Kruger CM 90E,+proj=tmerc +lat_0=0 +lon_0=90 +k=1 +x_0=500000 +y_0=0 +ellps=krass +units=m +no_defs +type=crs
EPSG,2428,Beijing 1954 / 3-degree Gauss-Kruger CM 93E,+proj=tmerc +lat_0=0 +lon_0=93 +k=1 +x_0=500000 +y_0=0 +ellps=krass +units=m +no_defs +type=crs
EPSG,2429,Beijing 1954 / 3-degree Gauss-Kruger CM 96E,+proj=tmerc +lat_0=0 +lon_0=96 +k=1 +x_0=500000 +y_0=0 +ellps=krass +units=m +no_defs +type=crs
EPSG,2430,Beijing 1954 / 3-degree Gauss-Kruger CM 99E,+proj=tmerc +lat_0=0 +lon_0=99 +k=1 +x_0=500000 +y_0=0 +ellps=krass +units=m +no_defs +type=crs
EPSG,2431,Beijing 1954 / 3-degree Gauss-Kruger CM 102E,+proj=tmerc +lat_0=0 +lon_0=102 +k=1 +x_0=500000 +y_0=0 +ellps=krass +units=m +no_defs +type=crs
EPSG,2432,Beijing 1954 / 3-degree Gauss-Kruger CM 105E,+proj=tmerc +lat_0=0 +lon_0=105 +k=1 +x_0=500000 +y_0=0 +ellps=krass +units=m +no_defs +type=crs
EPSG,2433,Beijing 1954 / 3-degree Gauss-Kruger CM 108E,+proj=tmerc +lat_0=0 +lon_0=108 +k=1 +x_0=500000 +y_0=0 +ellps=krass +units=m +no_defs +type=crs
EPSG,2434,Beijing 1954 / 3-degree Gauss-Kruger CM 111E,+proj=tmerc +lat_0=0 +lon_0=111 +k=1 +x_0=500000 +y_0=0 +ellps=krass +units=m +no_defs +type=crs
EPSG,2435,Beijing 1954 / 3-degree Gauss-Kruger CM 114E,+proj=tmerc +lat_0=0 +lon_0=114 +k=1 +x_0=500000 +y_0=0 +ellps=krass +units=m +no_defs +type=crs
EPSG,2436,Beijing 1954 / 3-degree Gauss-Kruger CM 117E,+proj=tmerc +lat_0=0 +lon_0=117 +k=1 +x_0=500000 +y_0=0 +ellps=krass +units=m +no_defs +type=crs
EPSG,2437,Beijing 1954 / 3-degree Gauss-Kruger CM 120E,+proj=tmerc +lat_0=0 +lon_0=120 +k=1 +x_0=500000 +y_0=0 +ellps=krass +units=m +no_defs +type=crs
EPSG,2438,Beijing 1954 / 3-degree Gauss-Kruger CM 123E,+proj=tmerc +lat_0=0 +lon_0=123 +k=1 +x_0=500000 +y_0=0 +ellps=krass +units=m +no_defs +type=crs
EPSG,2439,Beijing 1954 / 3-degree Gauss-Kruger CM 126E,+proj=tmerc +lat_0=0 +lon_0=126 +k=1 +x_0=500000 +y_0=0 +ellps=krass +units=m +no_defs +type=crs
EPSG,2440,Beijing 1954 / 3-degree Gauss-Kruger CM 129E,+proj=tmerc +lat_0=0 +lon_0=129 +k=1 +x_0=500000 +y_0=0 +ellps=krass +units=m +no_defs +type=crs
EPSG,2441,Beijing 1954 / 3-degree Gauss-Kruger CM 132E,+proj=tmerc +lat_0=0 +lon_0=132 +k=1 +x_0=500000 +y_0=0 +ellps=krass +units=m +no_defs +type=crs
EPSG,2442,Beijing 1954 / 3-degree Gauss-Kruger CM 135E,+proj=tmerc +lat_0=0 +lon_0=135 +k=1 +x_0=500000 +y_0=0 +ellps=krass +units=m +no_defs +type=crs
EPSG,2443,JGD2000 / Japan Plane Rectangular CS I,+proj=tmerc +lat_0=33 +lon_0=129.5 +k=0.9999 +x_0=0 +y_0=0 +ellps=GRS80 +units=m +no_defs +type=crs
EPSG,2444,JGD2000 / Japan Plane Rectangular CS II,+proj=tmerc +lat_0=33 +lon_0=131 +k=0.9999 +x_0=0 +y_0=0 +ellps=GRS80 +units=m +no_defs +type=crs
EPSG,2445,JGD2000 / Japan Plane Rectangular CS III,+proj=tmerc +lat_0=36 +lon_0=132.166666666667 +k=0.9999 +x_0=0 +y_0=0 +ellps=GRS80 +units=m +no_defs +type=crs
EPSG,2446,JGD2000 / Japan Plane Rectangular CS IV,+proj=tmerc +lat_0=33 +lon_0=133.5 +k=0.9999 +x_0=0 +y_0=0 +ellps=GRS80 +units=m +no_defs +type=crs
EPSG,2447,JGD2000 / Japan Plane Rectangular CS V,+proj=tmerc +lat_0=36 +lon_0=134.333333333333 +k=0.9999 +x_0=0 +y_0=0 +ellps=GRS80 +units=m +no_defs +type=crs
EPSG,2448,JGD2000 / Japan Plane Rectangular CS VI,+proj=tmerc +lat_0=36 +lon_0=136 +k=0.9999 +x_0=0 +y_0=0 +ellps=GRS80 +units=m +no_defs +type=crs
EPSG,2449,JGD2000 / Japan Plane Rectangular CS VII,+proj=tmerc +lat_0=36 +lon_0=137.166666666667 +k=0.9999 +x_0=0 +y_0=0 +ellps=GRS80 +units=m +no_defs +type=crs
EPSG,2450,JGD2000 / Japan Plane Rectangular CS VIII,+proj=tmerc +lat_0=36 +lon_0=138.5 +k=0.9999 +x_0=0 +y_0=0 +ellps=GRS80 +units=m +no_defs +type=crs
EPSG,2451,JGD2000 / Japan Plane Rectangular CS IX,+proj=tmerc +lat_0=36 +lon_0=139.833333333333 +k=0.9999 +x_0=0 +y_0=0 +ellps=GRS80 +units=m +no_defs +type=crs
EPSG,2452,JGD2000 / Japan Plane Rectangular CS X,+proj=tmerc +lat_0=40 +lon_0=140.833333333333 +k=0.9999 +x_0=0 +y_0=0 +ellps=GRS80 +units=m +no_defs +type=crs
EPSG,2453,JGD2000 / Japan Plane Rectangular CS XI,+proj=tmerc +lat_0=44 +lon_0=140.25 +k=0.9999 +x_0=0 +y_0=0 +ellps=GRS80 +units=m +no_defs +type=crs
EPSG,2454,JGD2000 / Japan Plane Rectangular CS XII,+proj=tmerc +lat_0=44 +lon_0=142.25 +k=0.9999 +x_0=0 +y_0=0 +ellps=GRS80 +units=m +no_defs +type=crs
EPSG,2455,JGD2000 / Japan Plane Rectangular CS XIII,+proj=tmerc +lat_0=44 +lon_0=144.25 +k=0.9999 +x_0=0 +y_0=0 +ellps=GRS80 +units=m +no_defs +type=crs
EPSG,2456,JGD2000 / Japan Plane Rectangular CS XIV,+proj=tmerc +lat_0=26 +lon_0=142 +k=0.9999 +x_0=0 +y_0=0 +ellps=GRS80 +units=m +no_defs +type=crs
EPSG,2457,JGD2000 / Japan Plane Rectangular CS XV,+proj=tmerc +lat_0=26 +lon_0=127.5 +k=0.9999 +x_0=0 +y_0=0 +ellps=GRS80 +units=m +no_defs +type=crs
EPSG,2458,JGD2000 / Japan Plane Rectangular CS XVI,+proj=tmerc +lat_0=26 +lon_0=124 +k=0.9999 +x_0=0 +y_0=0 +ellps=GRS80 +units=m +no_defs +type=crs
EPSG,2459,JGD2000 / Japan Plane Rectangular CS XVII,+proj=tmerc +lat_0=26 +lon_0=131 +k=0.9999 +x_0=0 +y_0=0 +ellps=GRS80 +units=m +no_defs +type=crs
EPSG,2460,JGD2000 / Japan Plane Rectangular CS XVIII,+proj=tmerc +lat_0=20 +lon_0=136 +k=0.9999 +x_0=0 +y_0=0 +ellps=GRS80 +units=m +no_defs +type=crs
EPSG,2461,JGD2000 / Japan Plane Rectangular CS XIX,+proj=tmerc +lat_0=26 +lon_0=154 +k=0.9999 +x_0=0 +y_0=0 +ellps=GRS80 +units=m +no_defs +type=crs
EPSG,2462,Albanian 1987 / Gauss-Kruger zone 4,+proj=tmerc +lat_0=0 +lon_0=21 +k=1 +x_0=4500000 +y_0=0 +ellps=krass +units=m +no_defs +type=crs
EPSG,2463,Pulkovo 1995 / Gauss-Kruger CM 21E,+proj=tmerc +lat_0=0 +lon_0=21 +k=1 +x_0=500000 +y_0=0 +ellps=krass +units=m +no_defs +type=crs
EPSG,2464,Pulkovo 1995 / Gauss-Kruger CM 27E,+proj=tmerc +lat_0=0 +lon_0=27 +k=1 +x_0=500000 +y_0=0 +ellps=krass +units=m +no_defs +type=crs
EPSG,2465,Pulkovo 1995 / Gauss-Kruger CM 33E,+proj=tmerc +lat_0=0 +lon_0=33 +k=1 +x_0=500000 +y_0=0 +ellps=krass +units=m +no_defs +type=crs
EPSG,2466,Pulkovo 1995 / Gauss-Kruger CM 39E,+proj=tmerc +lat_0=0 +lon_0=39 +k=1 +x_0=500000 +y_0=0 +ellps=krass +units=m +no_defs +type=crs
EPSG,2467,Pulkovo 1995 / Gauss-Kruger CM 45E,+proj=tmerc +lat_0=0 +lon_0=45 +k=1 +x_0=500000 +y_0=0 +ellps=krass +units=m +no_defs +type=crs
EPSG,2468,Pulkovo 1995 / Gauss-Kruger CM 51E,+proj=tmerc +lat_0=0 +lon_0=51 +k=1 +x_0=500000 +y_0=0 +ellps=krass +units=m +no_defs +type=crs
EPSG,2469,Pulkovo 1995 / Gauss-Kruger CM 57E,+proj=tmerc +lat_0=0 +lon_0=57 +k=1 +x_0=500000 +y_0=0 +ellps=krass +units=m +no_defs +type=crs
EPSG,2470,Pulkovo 1995 / Gauss-Kruger CM 63E,+proj=tmerc +lat_0=0 +lon_0=63 +k=1 +x_0=500000 +y_0=0 +ellps=krass +units=m +no_defs +type=crs
EPSG,2471,Pulkovo 1995 / Gauss-Kruger CM 69E,+proj=tmerc +lat_0=0 +lon_0=69 +k=1 +x_0=500000 +y_0=0 +ellps=krass +units=m +no_defs +type=crs
EPSG,2472,Pulkovo 1995 / Gauss-Kruger CM 75E,+proj=tmerc +lat_0=0 +lon_0=75 +k=1 +x_0=500000 +y_0=0 +ellps=krass +units=m +no_defs +type=crs
EPSG,2473,Pulkovo 1995 / Gauss-Kruger CM 81E,+proj=tmerc +lat_0=0 +lon_0=81 +k=1 +x_0=500000 +y_0=0 +ellps=krass +units=m +no_defs +type=crs
EPSG,2474,Pulkovo 1995 / Gauss-Kruger CM 87E,+proj=tmerc +lat_0=0 +lon_0=87 +k=1 +x_0=500000 +y_0=0 +ellps=krass +units=m +no_defs +type=crs
EPSG,2475,Pulkovo 1995 / Gauss-Kruger CM 93E,+proj=tmerc +lat_0=0 +lon_0=93 +k=1 +x_0=500000 +y_0=0 +ellps=krass +units=m +no_defs +type=crs
EPSG,2476,Pulkovo 1995 / Gauss-Kruger CM 99E,+proj=tmerc +lat_0=0 +lon_0=99 +k=1 +x_0=500000 +y_0=0 +ellps=krass +units=m +no_defs +type=crs
EPSG,2477,Pulkovo 1995 / Gauss-Kruger CM 105E,+proj=tmerc +lat_0=0 +lon_0=105 +k=1 +x_0=500000 +y_0=0 +ellps=krass +units=m +no_defs +type=crs
EPSG,2478,Pulkovo 1995 / Gauss-Kruger CM 111E,+proj=tmerc +lat_0=0 +lon_0=111 +k=1 +x_0=500000 +y_0=0 +ellps=krass +units=m +no_defs +type=crs
EPSG,2479,Pulkovo 1995 / Gauss-Kruger CM 117E,+proj=tmerc +lat_0=0 +lon_0=117 +k=1 +x_0=500000 +y_0=0 +ellps=krass +units=m +no_defs +type=crs
EPSG,2480,Pulkovo 1995 / Gauss-Kruger CM 123E,+proj=tmerc +lat_0=0 +lon_0=123 +k=1 +x_0=500000 +y_0=0 +ellps=krass +units=m +no_defs +type=crs
EPSG,2481,Pulkovo 1995 / Gauss-Kruger CM 129E,+proj=tmerc +lat_0=0 +lon_0=129 +k=1 +x_0=500000 +y_0=0 +ellps=krass +units=m +no_defs +type=crs
EPSG,2482,Pulkovo 1995 / Gauss-Kruger CM 135E,+proj=tmerc +lat_0=0 +lon_0=135 +k=1 +x_0=500000 +y_0=0 +ellps=krass +units=m +no_defs +type=crs
EPSG,2483,Pulkovo 1995 / Gauss-Kruger CM 141E,+proj=tmerc +lat_0=0 +lon_0=141 +k=1 +x_0=500000 +y_0=0 +ellps=krass +units=m +no_defs +type=crs
EPSG,2484,Pulkovo 1995 / Gauss-Kruger CM 147E,+proj=tmerc +lat_0=0 +lon_0=147 +k=1 +x_0=500000 +y_0=0 +ellps=krass +units=m +no_defs +type=crs
EPSG,2485,Pulkovo 1995 / Gauss-Kruger CM 153E,+proj=tmerc +lat_0=0 +lon_0=153 +k=1 +x_0=500000 +y_0=0 +ellps=krass +units=m +no_defs +type=crs
EPSG,2486,Pulkovo 1995 / Gauss-Kruger CM 159E,+proj=tmerc +lat_0=0 +lon_0=159 +k=1 +x_0=500000 +y_0=0 +ellps=krass +units=m +no_defs +type=crs
EPSG,2487,Pulkovo 1995 / Gauss-Kruger CM 165E,+proj=tmerc +lat_0=0 +lon_0=165 +k=1 +x_0=500000 +y_0=0 +ellps=krass +units=m +no_defs +type=crs
EPSG,2488,Pulkovo 1995 / Gauss-Kruger CM 171E,+proj=tmerc +lat_0=0 +lon_0=171 +k=1 +x_0=500000 +y_0=0 +ellps=krass +units=m +no_defs +type=crs
EPSG,2489,Pulkovo 1995 / Gauss-Kruger CM 177E,+proj=tmerc +lat_0=0 +lon_0=177 +k=1 +x_0=500000 +y_0=0 +ellps=krass +units=m +no_defs +type=crs
EPSG,2490,Pulkovo 1995 / Gauss-Kruger CM 177W,+proj=tmerc +lat_0=0 +lon_0=-177 +k=1 +x_0=500000 +y_0=0 +ellps=krass +units=m +no_defs +type=crs
EPSG,2491,Pulkovo 1995 / Gauss-Kruger CM 171W,+proj=tmerc +lat_0=0 +lon_0=-171 +k=1 +x_0=500000 +y_0=0 +ellps=krass +units=m +no_defs +type=crs
EPSG,2494,Pulkovo 1942 / Gauss-Kruger CM 21E,+proj=tmerc +lat_0=0 +lon_0=21 +k=1 +x_0=500000 +y_0=0 +ellps=krass +units=m +no_defs +type=crs
EPSG,2495,Pulkovo 1942 / Gauss-Kruger CM 27E,+proj=tmerc +lat_0=0 +lon_0=27 +k=1 +x_0=500000 +y_0=0 +ellps=krass +units=m +no_defs +type=crs
EPSG,2496,Pulkovo 1942 / Gauss-Kruger CM 33E,+proj=tmerc +lat_0=0 +lon_0=33 +k=1 +x_0=500000 +y_0=0 +ellps=krass +units=m +no_defs +type=crs
EPSG,2497,Pulkovo 1942 / Gauss-Kruger CM 39E,+proj=tmerc +lat_0=0 +lon_0=39 +k=1 +x_0=500000 +y_0=0 +ellps=krass +units=m +no_defs +type=crs
EPSG,2498,Pulkovo 1942 / Gauss-Kruger CM 45E,+proj=tmerc +lat_0=0 +lon_0=45 +k=1 +x_0=500000 +y_0=0 +ellps=krass +units=m +no_defs +type=crs
EPSG,2499,Pulkovo 1942 / Gauss-Kruger CM 51E,+proj=tmerc +lat_0=0 +lon_0=51 +k=1 +x_0=500000 +y_0=0 +ellps=krass +units=m +no_defs +type=crs
EPSG,2500,Pulkovo 1942 / Gauss-Kruger CM 57E,+proj=tmerc +lat_0=0 +lon_0=57 +k=1 +x_0=500000 +y_0=0 +ellps=krass +units=m +no_defs +type=crs
EPSG,2501,Pulkovo 1942 / Gauss-Kruger CM 63E,+proj=tmerc +lat_0=0 +lon_0=63 +k=1 +x_0=500000 +y_0=0 +ellps=krass +units=m +no_defs +type=crs
EPSG,2502,Pulkovo 1942 / Gauss-Kruger CM 69E,+proj=tmerc +lat_0=0 +lon_0=69 +k=1 +x_0=500000 +y_0=0 +ellps=krass +units=m +no_defs +type=crs
EPSG,2503,Pulkovo 1942 / Gauss-Kruger CM 75E,+proj=tmerc +lat_0=0 +lon_0=75 +k=1 +x_0=500000 +y_0=0 +ellps=krass +units=m +no_defs +type=crs
EPSG,2504,Pulkovo 1942 / Gauss-Kruger CM 81E,+proj=tmerc +lat_0=0 +lon_0=81 +k=1 +x_0=500000 +y_0=0 +ellps=krass +units=m +no_defs +type=crs
EPSG,2505,Pulkovo 1942 / Gauss-Kruger CM 87E,+proj=tmerc +lat_0=0 +lon_0=87 +k=1 +x_0=500000 +y_0=0 +ellps=krass +units=m +no_defs +type=crs
EPSG,2506,Pulkovo 1942 / Gauss-Kruger CM 93E,+proj=tmerc +lat_0=0 +lon_0=93 +k=1 +x_0=500000 +y_0=0 +ellps=krass +units=m +no_defs +type=crs
EPSG,2507,Pulkovo 1942 / Gauss-Kruger CM 99E,+proj=tmerc +lat_0=0 +lon_0=99 +k=1 +x_0=500000 +y_0=0 +ellps=krass +units=m +no_defs +type=crs
EPSG,2508,Pulkovo 1942 / Gauss-Kruger CM 105E,+proj=tmerc +lat_0=0 +lon_0=105 +k=1 +x_0=500000 +y_0=0 +ellps=krass +units=m +no_defs +type=crs
EPSG,2509,Pulkovo 1942 / Gauss-Kruger CM 111E,+proj=tmerc +lat_0=0 +lon_0=111 +k=1 +x_0=500000 +y_0=0 +ellps=krass +units=m +no_defs +type=crs
EPSG,2510,Pulkovo 1942 / Gauss-Kruger CM 117E,+proj=tmerc +lat_0=0 +lon_0=117 +k=1 +x_0=500000 +y_0=0 +ellps=krass +units=m +no_defs +type=crs
EPSG,2511,Pulkovo 1942 / Gauss-Kruger CM 123E,+proj=tmerc +lat_0=0 +lon_0=123 +k=1 +x_0=500000 +y_0=0 +ellps=krass +units=m +no_defs +type=crs
EPSG,2512,Pulkovo 1942 / Gauss-Kruger CM 129E,+proj=tmerc +lat_0=0 +lon_0=129 +k=1 +x_0=500000 +y_0=0 +ellps=krass +units=m +no_defs +type=crs
EPSG,2513,Pulkovo 1942 / Gauss-Kruger CM 135E,+proj=tmerc +lat_0=0 +lon_0=135 +k=1 +x_0=500000 +y_0=0 +ellps=krass +units=m +no_defs +type=crs
EPSG,2514,Pulkovo 1942 / Gauss-Kruger CM 141E,+proj=tmerc +lat_0=0 +lon_0=141 +k=1 +x_0=500000 +y_0=0 +ellps=krass +units=m +no_defs +type=crs
EPSG,2515,Pulkovo 1942 / Gauss-Kruger CM 147E,+proj=tmerc +lat_0=0 +lon_0=147 +k=1 +x_0=500000 +y_0=0 +ellps=krass +units=m +no_defs +type=crs
EPSG,2516,Pulkovo 1942 / Gauss-Kruger CM 153E,+proj=tmerc +lat_0=0 +lon_0=153 +k=1 +x_0=500000 +y_0=0 +ellps=krass +units=m +no_defs +type=crs
EPSG,2517,Pulkovo 1942 / Gauss-Kruger CM 159E,+proj=tmerc +lat_0=0 +lon_0=159 +k=1 +x_0=500000 +y_0=0 +ellps=krass +units=m +no_defs +type=crs
EPSG,2518,Pulkovo 1942 / Gauss-Kruger CM 165E,+proj=tmerc +lat_0=0 +lon_0=165 +k=1 +x_0=500000 +y_0=0 +ellps=krass +units=m +no_defs +type=crs
EPSG,2519,Pulkovo 1942 / Gauss-Kruger CM 171E,+proj=tmerc +lat_0=0 +lon_0=171 +k=1 +x_0=500000 +y_0=0 +ellps=krass +units=m +no_defs +type=crs
EPSG,2520,Pulkovo 1942 / Gauss-Kruger CM 177E,+proj=tmerc +lat_0=0 +lon_0=177 +k=1 +x_0=500000 +y_0=0 +ellps=krass +units=m +no_defs +type=crs
EPSG,2521,Pulkovo 1942 / Gauss-Kruger CM 177W,+proj=tmerc +lat_0=0 +lon_0=-177 +k=1 +x_0=500000 +y_0=0 +ellps=krass +units=m +no_defs +type=crs
EPSG,2522,Pulkovo 1942 / Gauss-Kruger CM 171W,+proj=tmerc +lat_0=0 +lon_0=-171 +k=1 +x_0=500000 +y_0=0 +ellps=krass +units=m +no_defs +type=crs
EPSG,2523,Pulkovo 1942 / 3-degree Gauss-Kruger zone 7,+proj=tmerc +lat_0=0 +lon_0=21 +k=1 +x_0=7500000 +y_0=0 +ellps=krass +units=m +no_defs +type=crs
EPSG,2524,Pulkovo 1942 / 3-degree Gauss-Kruger zone 8,+proj=tmerc +lat_0=0 +lon_0=24 +k=1 +x_0=8500000 +y_0=0 +ellps=krass +units=m +no_defs +type=crs
EPSG,2525,Pulkovo 1942 / 3-degree Gauss-Kruger zone 9,+proj=tmerc +lat_0=0 +lon_0=27 +k=1 +x_0=9500000 +y_0=0 +ellps=krass +units=m +no_defs +type=crs
EPSG,2526,Pulkovo 1942 / 3-degree Gauss-Kruger zone 10,+proj=tmerc +lat_0=0 +lon_0=30 +k=1 +x_0=10500000 +y_0=0 +ellps=krass +units=m +no_defs +type=crs
EPSG,2527,Pulkovo 1942 / 3-degree Gauss-Kruger zone 11,+proj=tmerc +lat_0=0 +lon_0=33 +k=1 +x_0=11500000 +y_0=0 +ellps=krass +units=m +no_defs +type=crs
EPSG,2528,Pulkovo 1942 / 3-degree Gauss-Kruger zone 12,+proj=tmerc +lat_0=0 +lon_0=36 +k=1 +x_0=12500000 +y_0=0 +ellps=krass +units=m +no_defs +type=crs
EPSG,2529,Pulkovo 1942 / 3-degree Gauss-Kruger zone 13,+proj=tmerc +lat_0=0 +lon_0=39 +k=1 +x_0=13500000 +y_0=0 +ellps=krass +units=m +no_defs +type=crs
EPSG,2530,Pulkovo 1942 / 3-degree Gauss-Kruger zone 14,+proj=tmerc +lat_0=0 +lon_0=42 +k=1 +x_0=14500000 +y_0=0 +ellps=krass +units=m +no_defs +type=crs
EPSG,2531,Pulkovo 1942 / 3-degree Gauss-Kruger zone 15,+proj=tmerc +lat_0=0 +lon_0=45 +k=1 +x_0=15500000 +y_0=0 +ellps=krass +units=m +no_defs +type=crs
EPSG,2532,Pulkovo 1942 / 3-degree Gauss-Kruger zone 16,+proj=tmerc +lat_0=0 +lon_0=48 +k=1 +x_0=16500000 +y_0=0 +ellps=krass +units=m +no_defs +type=crs
EPSG,2533,Pulkovo 1942 / 3-degree Gauss-Kruger zone 17,+proj=tmerc +lat_0=0 +lon_0=51 +k=1 +x_0=17500000 +y_0=0 +ellps=krass +units=m +no_defs +type=crs
EPSG,2534,Pulkovo 1942 / 3-degree Gauss-Kruger zone 18,+proj=tmerc +lat_0=0 +lon_0=54 +k=1 +x_0=18500000 +y_0=0 +ellps=krass +units=m +no_defs +type=crs
EPSG,2535,Pulkovo 1942 / 3-degree Gauss-Kruger zone 19,+proj=tmerc +lat_0=0 +lon_0=57 +k=1 +x_0=19500000 +y_0=0 +ellps=krass +units=m +no_defs +type=crs
EPSG,2536,Pulkovo 1942 / 3-degree Gauss-Kruger zone 20,+proj=tmerc +lat_0=0 +lon_0=60 +k=1 +x_0=20500000 +y_0=0 +ellps=krass +units=m +no_defs +type=crs
EPSG,2537,Pulkovo 1942 / 3-degree Gauss-Kruger zone 21,+proj=tmerc +lat_0=0 +lon_0=63 +k=1 +x_0=21500000 +y_0=0 +ellps=krass +units=m +no_defs +type=crs
EPSG,2538,Pulkovo 1942 / 3-degree Gauss-Kruger zone 22,+proj=tmerc +lat_0=0 +lon_0=66 +k=1 +x_0=22500000 +y_0=0 +ellps=krass +units=m +no_defs +type=crs
EPSG,2539,Pulkovo 1942 / 3-degree Gauss-Kruger zone 23,+proj=tmerc +lat_0=0 +lon_0=69 +k=1 +x_0=23500000 +y_0=0 +ellps=krass +units=m +no_defs +type=crs
EPSG,2540,Pulkovo 1942 / 3-degree Gauss-Kruger zone 24,+proj=tmerc +lat_0=0 +lon_0=72 +k=1 +x_0=24500000 +y_0=0 +ellps=krass +units=m +no_defs +type=crs
EPSG,2541,Pulkovo 1942 / 3-degree Gauss-Kruger zone 25,+proj=tmerc +lat_0=0 +lon_0=75 +k=1 +x_0=25500000 +y_0=0 +ellps=krass +units=m +no_defs +type=crs
EPSG,2542,Pulkovo 1942 / 3-degree Gauss-Kruger zone 26,+proj=tmerc +lat_0=0 +lon_0=78 +k=1 +x_0=26500000 +y_0=0 +ellps=krass +units=m +no_defs +type=crs
EPSG,2543,Pulkovo 1942 / 3-degree Gauss-Kruger zone 27,+proj=tmerc +lat_0=0 +lon_0=81 +k=1 +x_0=27500000 +y_0=0 +ellps=krass +units=m +no_defs +type=crs
EPSG,2544,Pulkovo 1942 / 3-degree Gauss-Kruger zone 28,+proj=tmerc +lat_0=0 +lon_0=84 +k=1 +x_0=28500000 +y_0=0 +ellps=krass +units=m +no_defs +type=crs
EPSG,2545,Pulkovo 1942 / 3-degree Gauss-Kruger zone 29,+proj=tmerc +lat_0=0 +lon_0=87 +k=1 +x_0=29500000 +y_0=0 +ellps=krass +units=m +no_defs +type=crs
EPSG,2546,Pulkovo 1942 / 3-degree Gauss-Kruger zone 30,+proj=tmerc +lat_0=0 +lon_0=90 +k=1 +x_0=30500000 +y_0=0 +ellps=krass +units=m +no_defs +type=crs
EPSG,2547,Pulkovo 1942 / 3-degree Gauss-Kruger zone 31,+proj=tmerc +lat_0=0 +lon_0=93 +k=1 +x_0=31500000 +y_0=0 +ellps=krass +units=m +no_defs +type=crs
EPSG,2548,Pulkovo 1942 / 3-degree Gauss-Kruger zone 32,+proj=tmerc +lat_0=0 +lon_0=96 +k=1 +x_0=32500000 +y_0=0 +ellps=krass +units=m +no_defs +type=crs
EPSG,2549,Pulkovo 1942 / 3-degree Gauss-Kruger zone 33,+proj=tmerc +lat_0=0 +lon_0=99 +k=1 +x_0=33500000 +y_0=0 +ellps=krass +units=m +no_defs +type=crs
EPSG,2551,Pulkovo 1942 / 3-degree Gauss-Kruger zone 34,+proj=tmerc +lat_0=0 +lon_0=102 +k=1 +x_0=34500000 +y_0=0 +ellps=krass +units=m +no_defs +type=crs
EPSG,2552,Pulkovo 1942 / 3-degree Gauss-Kruger zone 35,+proj=tmerc +lat_0=0 +lon_0=105 +k=1 +x_0=35500000 +y_0=0 +ellps=krass +units=m +no_defs +type=crs
EPSG,2553,Pulkovo 1942 / 3-degree Gauss-Kruger zone 36,+proj=tmerc +lat_0=0 +lon_0=108 +k=1 +x_0=36500000 +y_0=0 +ellps=krass +units=m +no_defs +type=crs
EPSG,2554,Pulkovo 1942 / 3-degree Gauss-Kruger zone 37,+proj=tmerc +lat_0=0 +lon_0=111 +k=1 +x_0=37500000 +y_0=0 +ellps=krass +units=m +no_defs +type=crs
EPSG,2555,Pulkovo 1942 / 3-degree Gauss-Kruger zone 38,+proj=tmerc +lat_0=0 +lon_0=114 +k=1 +x_0=38500000 +y_0=0 +ellps=krass +units=m +no_defs +type=crs
EPSG,2556,Pulkovo 1942 / 3-degree Gauss-Kruger zone 39,+proj=tmerc +lat_0=0 +lon_0=117 +k=1 +x_0=39500000 +y_0=0 +ellps=krass +units=m +no_defs +type=crs
EPSG,2557,Pulkovo 1942 / 3-degree Gauss-Kruger zone 40,+proj=tmerc +lat_0=0 +lon_0=120 +k=1 +x_0=40500000 +y_0=0 +ellps=krass +units=m +no_defs +type=crs
EPSG,2558,Pulkovo 1942 / 3-degree Gauss-Kruger zone 41,+proj=tmerc +lat_0=0 +lon_0=123 +k=1 +x_0=41500000 +y_0=0 +ellps=krass +units=m +no_defs +type=crs
EPSG,2559,Pulkovo 1942 / 3-degree Gauss-Kruger zone 42,+proj=tmerc +lat_0=0 +lon_0=126 +k=1 +x_0=42500000 +y_0=0 +ellps=krass +units=m +no_defs +type=crs
EPSG,2560,Pulkovo 1942 / 3-degree Gauss-Kruger zone 43,+proj=tmerc +lat_0=0 +lon_0=129 +k=1 +x_0=43500000 +y_0=0 +ellps=krass +units=m +no_defs +type=crs
EPSG,2561,Pulkovo 1942 / 3-degree Gauss-Kruger zone 44,+proj=tmerc +lat_0=0 +lon_0=132 +k=1 +x_0=44500000 +y_0=0 +ellps=krass +units=m +no_defs +type=crs
EPSG,2562,Pulkovo 1942 / 3-degree Gauss-Kruger zone 45,+proj=tmerc +lat_0=0 +lon_0=135 +k=1 +x_0=45500000 +y_0=0 +ellps=krass +units=m +no_defs +type=crs
EPSG,2563,Pulkovo 1942 / 3-degree Gauss-Kruger zone 46,+proj=tmerc +lat_0=0 +lon_0=138 +k=1 +x_0=46500000 +y_0=0 +ellps=krass +units=m +no_defs +type=crs
EPSG,2564,Pulkovo 1942 / 3-degree Gauss-Kruger zone 47,+proj=tmerc +lat_0=0 +lon_0=141 +k=1 +x_0=47500000 +y_0=0 +ellps=krass +units=m +no_defs +type=crs
EPSG,2565,Pulkovo 1942 / 3-degree Gauss-Kruger zone 48,+proj=tmerc +lat_0=0 +lon_0=144 +k=1 +x_0=48500000 +y_0=0 +ellps=krass +units=m +no_defs +type=crs
EPSG,2566,Pulkovo 1942 / 3-degree Gauss-Kruger zone 49,+proj=tmerc +lat_0=0 +lon_0=147 +k=1 +x_0=49500000 +y_0=0 +ellps=krass +units=m +no_defs +type=crs
EPSG,2567,Pulkovo 1942 / 3-degree Gauss-Kruger zone 50,+proj=tmerc +lat_0=0 +lon_0=150 +k=1 +x_0=50500000 +y_0=0 +ellps=krass +units=m +no_defs +type=crs
EPSG,2568,Pulkovo 1942 / 3-degree Gauss-Kruger zone 51,+proj=tmerc +lat_0=0 +lon_0=153 +k=1 +x_0=51500000 +y_0=0 +ellps=krass +units=m +no_defs +type=crs
EPSG,2569,Pulkovo 1942 / 3-degree Gauss-Kruger zone 52,+proj=tmerc +lat_0=0 +lon_0=156 +k=1 +x_0=52500000 +y_0=0 +ellps=krass +units=m +no_defs +type=crs
EPSG,2570,Pulkovo 1942 / 3-degree Gauss-Kruger zone 53,+proj=tmerc +lat_0=0 +lon_0=159 +k=1 +x_0=53500000 +y_0=0 +ellps=krass +units=m +no_defs +type=crs
EPSG,2571,Pulkovo 1942 / 3-degree Gauss-Kruger zone 54,+proj=tmerc +lat_0=0 +lon_0=162 +k=1 +x_0=54500000 +y_0=0 +ellps=krass +units=m +no_defs +type=crs
EPSG,2572,Pulkovo 1942 / 3-degree Gauss-Kruger zone 55,+proj=tmerc +lat_0=0 +lon_0=165 +k=1 +x_0=55500000 +y_0=0 +ellps=krass +units=m +no_defs +type=crs
EPSG,2573,Pulkovo 1942 / 3-degree Gauss-Kruger zone 56,+proj=tmerc +lat_0=0 +lon_0=168 +k=1 +x_0=56500000 +y_0=0 +ellps=krass +units=m +no_defs +type=crs
EPSG,2574,Pulkovo 1942 / 3-degree Gauss-Kruger zone 57,+proj=tmerc +lat_0=0 +lon_0=171 +k=1 +x_0=57500000 +y_0=0 +ellps=krass +units=m +no_defs +type=crs
EPSG,2575,Pulkovo 1942 / 3-degree Gauss-Kruger zone 58,+proj=tmerc +lat_0=0 +lon_0=174 +k=1 +x_0=58500000 +y_0=0 +ellps=krass +units=m +no_defs +type=crs
EPSG,2576,Pulkovo 1942 / 3-degree Gauss-Kruger zone 59,+proj=tmerc +lat_0=0 +lon_0=177 +k=1 +x_0=59500000 +y_0=0 +ellps=krass +units=m +no_defs +type=crs
EPSG,2578,Pulkovo 1942 / 3-degree Gauss-Kruger zone 61,+proj=tmerc +lat_0=0 +lon_0=-177 +k=1 +x_0=61500000 +y_0=0 +ellps=krass +units=m +no_defs +type=crs
EPSG,2579,Pulkovo 1942 / 3-degree Gauss-Kruger zone 62,+proj=tmerc +lat_0=0 +lon_0=-174 +k=1 +x_0=62500000 +y_0=0 +ellps=krass +units=m +no_defs +type=crs
EPSG,2580,Pulkovo 1942 / 3-degree Gauss-Kruger zone 63,+proj=tmerc +lat_0=0 +lon_0=-171 +k=1 +x_0=63500000 +y_0=0 +ellps=krass +units=m +no_defs +type=crs
EPSG,2581,Pulkovo 1942 / 3-degree Gauss-Kruger zone 64,+proj=tmerc +lat_0=0 +lon_0=-168 +k=1 +x_0=64500000 +y_0=0 +ellps=krass +units=m +no_defs +type=crs
EPSG,2582,Pulkovo 1942 / 3-degree Gauss-Kruger CM 21E,+proj=tmerc +lat_0=0 +lon_0=21 +k=1 +x_0=500000 +y_0=0 +ellps=krass +units=m +no_defs +type=crs
EPSG,2583,Pulkovo 1942 / 3-degree Gauss-Kruger CM 24E,+proj=tmerc +lat_0=0 +lon_0=24 +k=1 +x_0=500000 +y_0=0 +ellps=krass +units=m +no_defs +type=crs
EPSG,2584,Pulkovo 1942 / 3-degree Gauss-Kruger CM 27E,+proj=tmerc +lat_0=0 +lon_0=27 +k=1 +x_0=500000 +y_0=0 +ellps=krass +units=m +no_defs +type=crs
EPSG,2585,Pulkovo 1942 / 3-degree Gauss-Kruger CM 30E,+proj=tmerc +lat_0=0 +lon_0=30 +k=1 +x_0=500000 +y_0=0 +ellps=krass +units=m +no_defs +type=crs
EPSG,2586,Pulkovo 1942 / 3-degree Gauss-Kruger CM 33E,+proj=tmerc +lat_0=0 +lon_0=33 +k=1 +x_0=500000 +y_0=0 +ellps=krass +units=m +no_defs +type=crs
EPSG,2587,Pulkovo 1942 / 3-degree Gauss-Kruger CM 36E,+proj=tmerc +lat_0=0 +lon_0=36 +k=1 +x_0=500000 +y_0=0 +ellps=krass +units=m +no_defs +type=crs
EPSG,2588,Pulkovo 1942 / 3-degree Gauss-Kruger CM 39E,+proj=tmerc +lat_0=0 +lon_0=39 +k=1 +x_0=500000 +y_0=0 +ellps=krass +units=m +no_defs +type=crs
EPSG,2589,Pulkovo 1942 / 3-degree Gauss-Kruger CM 42E,+proj=tmerc +lat_0=0 +lon_0=42 +k=1 +x_0=500000 +y_0=0 +ellps=krass +units=m +no_defs +type=crs
EPSG,2590,Pulkovo 1942 / 3-degree Gauss-Kruger CM 45E,+proj=tmerc +lat_0=0 +lon_0=45 +k=1 +x_0=500000 +y_0=0 +ellps=krass +units=m +no_defs +type=crs
EPSG,2591,Pulkovo 1942 / 3-degree Gauss-Kruger CM 48E,+proj=tmerc +lat_0=0 +lon_0=48 +k=1 +x_0=500000 +y_0=0 +ellps=krass +units=m +no_defs +type=crs
EPSG,2592,Pulkovo 1942 / 3-degree Gauss-Kruger CM 51E,+proj=tmerc +lat_0=0 +lon_0=51 +k=1 +x_0=500000 +y_0=0 +ellps=krass +units=m +no_defs +type=crs
EPSG,2593,Pulkovo 1942 / 3-degree Gauss-Kruger CM 54E,+proj=tmerc +lat_0=0 +lon_0=54 +k=1 +x_0=500000 +y_0=0 +ellps=krass +units=m +no_defs +type=crs
EPSG,2594,Pulkovo 1942 / 3-degree Gauss-Kruger CM 57E,+proj=tmerc +lat_0=0 +lon_0=57 +k=1 +x_0=500000 +y_0=0 +ellps=krass +units=m +no_defs +type=crs
EPSG,2595,Pulkovo 1942 / 3-degree Gauss-Kruger CM 60E,+proj=tmerc +lat_0=0 +lon_0=60 +k=1 +x_0=500000 +y_0=0 +ellps=krass +units=m +no_defs +type=crs
EPSG,2596,Pulkovo 1942 / 3-degree Gauss-Kruger CM 63E,+proj=tmerc +lat_0=0 +lon_0=63 +k=1 +x_0=500000 +y_0=0 +ellps=krass +units=m +no_defs +type=crs
EPSG,2597,Pulkovo 1942 / 3-degree Gauss-Kruger CM 66E,+proj=tmerc +lat_0=0 +lon_0=66 +k=1 +x_0=500000 +y_0=0 +ellps=krass +units=m +no_defs +type=crs
EPSG,2598,Pulkovo 1942 / 3-degree Gauss-Kruger CM 69E,+proj=tmerc +lat_0=0 +lon_0=69 +k=1 +x_0=500000 +y_0=0 +ellps=krass +units=m +no_defs +type=crs
EPSG,2599,Pulkovo 1942 / 3-degree Gauss-Kruger CM 72E,+proj=tmerc +lat_0=0 +lon_0=72 +k=1 +x_0=500000 +y_0=0 +ellps=krass +units=m +no_defs +type=crs
EPSG,2601,Pulkovo 1942 / 3-degree Gauss-Kruger CM 75E,+proj=tmerc +lat_0=0 +lon_0=75 +k=1 +x_0=500000 +y_0=0 +ellps=krass +units=m +no_defs +type=crs
EPSG,2602,Pulkovo 1942 / 3-degree Gauss-Kruger CM 78E,+proj=tmerc +lat_0=0 +lon_0=78 +k=1 +x_0=500000 +y_0=0 +ellps=krass +units=m +no_defs +type=crs
EPSG,2603,Pulkovo 1942 / 3-degree Gauss-Kruger CM 81E,+proj=tmerc +lat_0=0 +lon_0=81 +k=1 +x_0=500000 +y_0=0 +ellps=krass +units=m +no_defs +type=crs
EPSG,2604,Pulkovo 1942 / 3-degree Gauss-Kruger CM 84E,+proj=tmerc +lat_0=0 +lon_0=84 +k=1 +x_0=500000 +y_0=0 +ellps=krass +units=m +no_defs +type=crs
EPSG,2605,Pulkovo 1942 / 3-degree Gauss-Kruger CM 87E,+proj=tmerc +lat_0=0 +lon_0=87 +k=1 +x_0=500000 +y_0=0 +ellps=krass +units=m +no_defs +type=crs
EPSG,2606,Pulkovo 1942 / 3-degree Gauss-Kruger CM 90E,+proj=tmerc +lat_0=0 +lon_0=90 +k=1 +x_0=500000 +y_0=0 +ellps=krass +units=m +no_defs +type=crs
EPSG,2607,Pulkovo 1942 / 3-degree Gauss-Kruger CM 93E,+proj=tmerc +lat_0=0 +lon_0=93 +k=1 +x_0=500000 +y_0=0 +ellps=krass +units=m +no_defs +type=crs
EPSG,2608,Pulkovo 1942 / 3-degree Gauss-Kruger CM 96E,+proj=tmerc +lat_0=0 +lon_0=96 +k=1 +x_0=500000 +y_0=0 +ellps=krass +units=m +no_defs +type=crs
EPSG,2609,Pulkovo 1942 / 3-degree Gauss-Kruger CM 99E,+proj=tmerc +lat_0=0 +lon_0=99 +k=1 +x_0=500000 +y_0=0 +ellps=krass +units=m +no_defs +type=crs
EPSG,2610,Pulkovo 1942 / 3-degree Gauss-Kruger CM 102E,+proj=tmerc +lat_0=0 +lon_0=102 +k=1 +x_0=500000 +y_0=0 +ellps=krass +units=m +no_defs +type=crs
EPSG,2611,Pulkovo 1942 / 3-degree Gauss-Kruger CM 105E,+proj=tmerc +lat_0=0 +lon_0=105 +k=1 +x_0=500000 +y_0=0 +ellps=krass +units=m +no_defs +type=crs
EPSG,2612,Pulkovo 1942 / 3-degree Gauss-Kruger CM 108E,+proj=tmerc +lat_0=0 +lon_0=108 +k=1 +x_0=500000 +y_0=0 +ellps=krass +units=m +no_defs +type=crs
EPSG,2613,Pulkovo 1942 / 3-degree Gauss-Kruger CM 111E,+proj=tmerc +lat_0=0 +lon_0=111 +k=1 +x_0=500000 +y_0=0 +ellps=krass +units=m +no_defs +type=crs
EPSG,2614,Pulkovo 1942 / 3-degree Gauss-Kruger CM 114E,+proj=tmerc +lat_0=0 +lon_0=114 +k=1 +x_0=500000 +y_0=0 +ellps=krass +units=m +no_defs +type=crs
EPSG,2615,Pulkovo 1942 / 3-degree Gauss-Kruger CM 117E,+proj=tmerc +lat_0=0 +lon_0=117 +k=1 +x_0=500000 +y_0=0 +ellps=krass +units=m +no_defs +type=crs
EPSG,2616,Pulkovo 1942 / 3-degree Gauss-Kruger CM 120E,+proj=tmerc +lat_0=0 +lon_0=120 +k=1 +x_0=500000 +y_0=0 +ellps=krass +units=m +no_defs +type=crs
EPSG,2617,Pulkovo 1942 / 3-degree Gauss-Kruger CM 123E,+proj=tmerc +lat_0=0 +lon_0=123 +k=1 +x_0=500000 +y_0=0 +ellps=krass +units=m +no_defs +type=crs
EPSG,2618,Pulkovo 1942 / 3-degree Gauss-Kruger CM 126E,+proj=tmerc +lat_0=0 +lon_0=126 +k=1 +x_0=500000 +y_0=0 +ellps=krass +units=m +no_defs +type=crs
EPSG,2619,Pulkovo 1942 / 3-degree Gauss-Kruger CM 129E,+proj=tmerc +lat_0=0 +lon_0=129 +k=1 +x_0=500000 +y_0=0 +ellps=krass +units=m +no_defs +type=crs
EPSG,2620,Pulkovo 1942 / 3-degree Gauss-Kruger CM 132E,+proj=tmerc +lat_0=0 +lon_0=132 +k=1 +x_0=500000 +y_0=0 +ellps=krass +units=m +no_defs +type=crs
EPSG,2621,Pulkovo 1942 / 3-degree Gauss-Kruger CM 135E,+proj=tmerc +lat_0=0 +lon_0=135 +k=1 +x_0=500000 +y_0=0 +ellps=krass +units=m +no_defs +type=crs
EPSG,2622,Pulkovo 1942 / 3-degree Gauss-Kruger CM 138E,+proj=tmerc +lat_0=0 +lon_0=138 +k=1 +x_0=500000 +y_0=0 +ellps=krass +units=m +no_defs +type=crs
EPSG,2623,Pulkovo 1942 / 3-degree Gauss-Kruger CM 141E,+proj=tmerc +lat_0=0 +lon_0=141 +k=1 +x_0=500000 +y_0=0 +ellps=krass +units=m +no_defs +type=crs
EPSG,2624,Pulkovo 1942 / 3-degree Gauss-Kruger CM 144E,+proj=tmerc +lat_0=0 +lon_0=144 +k=1 +x_0=500000 +y_0=0 +ellps=krass +units=m +no_defs +type=crs
EPSG,2625,Pulkovo 1942 / 3-degree Gauss-Kruger CM 147E,+proj=tmerc +lat_0=0 +lon_0=147 +k=1 +x_0=500000 +y_0=0 +ellps=krass +units=m +no_defs +type=crs
EPSG,2626,Pulkovo 1942 / 3-degree Gauss-Kruger CM 150E,+proj=tmerc +lat_0=0 +lon_0=150 +k=1 +x_0=500000 +y_0=0 +ellps=krass +units=m +no_defs +type=crs
EPSG,2627,Pulkovo 1942 / 3-degree Gauss-Kruger CM 153E,+proj=tmerc +lat_0=0 +lon_0=153 +k=1 +x_0=500000 +y_0=0 +ellps=krass +units=m +no_defs +type=crs
EPSG,2628,Pulkovo 1942 / 3-degree Gauss-Kruger CM 156E,+proj=tmerc +lat_0=0 +lon_0=156 +k=1 +x_0=500000 +y_0=0 +ellps=krass +units=m +no_defs +type=crs
EPSG,2629,Pulkovo 1942 / 3-degree Gauss-Kruger CM 159E,+proj=tmerc +lat_0=0 +lon_0=159 +k=1 +x_0=500000 +y_0=0 +ellps=krass +units=m +no_defs +type=crs
EPSG,2630,Pulkovo 1942 / 3-degree Gauss-Kruger CM 162E,+proj=tmerc +lat_0=0 +lon_0=162 +k=1 +x_0=500000 +y_0=0 +ellps=krass +units=m +no_defs +type=crs
EPSG,2631,Pulkovo 1942 / 3-degree Gauss-Kruger CM 165E,+proj=tmerc +lat_0=0 +lon_0=165 +k=1 +x_0=500000 +y_0=0 +ellps=krass +units=m +no_defs +type=crs
EPSG,2632,Pulkovo 1942 / 3-degree Gauss-Kruger CM 168E,+proj=tmerc +lat_0=0 +lon_0=168 +k=1 +x_0=500000 +y_0=0 +ellps=krass +units=m +no_defs +type=crs
EPSG,2633,Pulkovo 1942 / 3-degree Gauss-Kruger CM 171E,+proj=tmerc +lat_0=0 +lon_0=171 +k=1 +x_0=500000 +y_0=0 +ellps=krass +units=m +no_defs +type=crs
EPSG,2634,Pulkovo 1942 / 3-degree Gauss-Kruger CM 174E,+proj=tmerc +lat_0=0 +lon_0=174 +k=1 +x_0=500000 +y_0=0 +ellps=krass +units=m +no_defs +type=crs
EPSG,2635,Pulkovo 1942 / 3-degree Gauss-Kruger CM 177E,+proj=tmerc +lat_0=0 +lon_0=177 +k=1 +x_0=500000 +y_0=0 +ellps=krass +units=m +no_defs +type=crs
EPSG,2636,Pulkovo 1942 / 3-degree Gauss-Kruger CM 180E,+proj=tmerc +lat_0=0 +lon_0=180 +k=1 +x_0=500000 +y_0=0 +ellps=krass +units=m +no_defs +type=crs
EPSG,2637,Pulkovo 1942 / 3-degree Gauss-Kruger CM 177W,+proj=tmerc +lat_0=0 +lon_0=-177 +k=1 +x_0=500000 +y_0=0 +ellps=krass +units=m +no_defs +type=crs
EPSG,2638,Pulkovo 1942 / 3-degree Gauss-Kruger CM 174W,+proj=tmerc +lat_0=0 +lon_0=-174 +k=1 +x_0=500000 +y_0=0 +ellps=krass +units=m +no_defs +type=crs
EPSG,2639,Pulkovo 1942 / 3-degree Gauss-Kruger CM 171W,+proj=tmerc +lat_0=0 +lon_0=-171 +k=1 +x_0=500000 +y_0=0 +ellps=krass +units=m +no_defs +type=crs
EPSG,2640,Pulkovo 1942 / 3-degree Gauss-Kruger CM 168W,+proj=tmerc +lat_0=0 +lon_0=-168 +k=1 +x_0=500000 +y_0=0 +ellps=krass +units=m +no_defs +type=crs
EPSG,2641,Pulkovo 1995 / 3-degree Gauss-Kruger zone 7,+proj=tmerc +lat_0=0 +lon_0=21 +k=1 +x_0=7500000 +y_0=0 +ellps=krass +units=m +no_defs +type=crs
EPSG,2642,Pulkovo 1995 / 3-degree Gauss-Kruger zone 8,+proj=tmerc +lat_0=0 +lon_0=24 +k=1 +x_0=8500000 +y_0=0 +ellps=krass +units=m +no_defs +type=crs
EPSG,2643,Pulkovo 1995 / 3-degree Gauss-Kruger zone 9,+proj=tmerc +lat_0=0 +lon_0=27 +k=1 +x_0=9500000 +y_0=0 +ellps=krass +units=m +no_defs +type=crs
EPSG,2644,Pulkovo 1995 / 3-degree Gauss-Kruger zone 10,+proj=tmerc +lat_0=0 +lon_0=30 +k=1 +x_0=10500000 +y_0=0 +ellps=krass +units=m +no_defs +type=crs
EPSG,2645,Pulkovo 1995 / 3-degree Gauss-Kruger zone 11,+proj=tmerc +lat_0=0 +lon_0=33 +k=1 +x_0=11500000 +y_0=0 +ellps=krass +units=m +no_defs +type=crs
EPSG,2646,Pulkovo 1995 / 3-degree Gauss-Kruger zone 12,+proj=tmerc +lat_0=0 +lon_0=36 +k=1 +x_0=12500000 +y_0=0 +ellps=krass +units=m +no_defs +type=crs
EPSG,2647,Pulkovo 1995 / 3-degree Gauss-Kruger zone 13,+proj=tmerc +lat_0=0 +lon_0=39 +k=1 +x_0=13500000 +y_0=0 +ellps=krass +units=m +no_defs +type=crs
EPSG,2648,Pulkovo 1995 / 3-degree Gauss-Kruger zone 14,+proj=tmerc +lat_0=0 +lon_0=42 +k=1 +x_0=14500000 +y_0=0 +ellps=krass +units=m +no_defs +type=crs
EPSG,2649,Pulkovo 1995 / 3-degree Gauss-Kruger zone 15,+proj=tmerc +lat_0=0 +lon_0=45 +k=1 +x_0=15500000 +y_0=0 +ellps=krass +units=m +no_defs +type=crs
EPSG,2650,Pulkovo 1995 / 3-degree Gauss-Kruger zone 16,+proj=tmerc +lat_0=0 +lon_0=48 +k=1 +x_0=16500000 +y_0=0 +ellps=krass +units=m +no_defs +type=crs
EPSG,2651,Pulkovo 1995 / 3-degree Gauss-Kruger zone 17,+proj=tmerc +lat_0=0 +lon_0=51 +k=1 +x_0=17500000 +y_0=0 +ellps=krass +units=m +no_defs +type=crs
EPSG,2652,Pulkovo 1995 / 3-degree Gauss-Kruger zone 18,+proj=tmerc +lat_0=0 +lon_0=54 +k=1 +x_0=18500000 +y_0=0 +ellps=krass +units=m +no_defs +type=crs
EPSG,2653,Pulkovo 1995 / 3-degree Gauss-Kruger zone 19,+proj=tmerc +lat_0=0 +lon_0=57 +k=1 +x_0=19500000 +y_0=0 +ellps=krass +units=m +no_defs +type=crs
EPSG,2654,Pulkovo 1995 / 3-degree Gauss-Kruger zone 20,+proj=tmerc +lat_0=0 +lon_0=60 +k=1 +x_0=20500000 +y_0=0 +ellps=krass +units=m +no_defs +type=crs
EPSG,2655,Pulkovo 1995 / 3-degree Gauss-Kruger zone 21,+proj=tmerc +lat_0=0 +lon_0=63 +k=1 +x_0=21500000 +y_0=0 +ellps=krass +units=m +no_defs +type=crs
EPSG,2656,Pulkovo 1995 / 3-degree Gauss-Kruger zone 22,+proj=tmerc +lat_0=0 +lon_0=66 +k=1 +x_0=22500000 +y_0=0 +ellps=krass +units=m +no_defs +type=crs
EPSG,2657,Pulkovo 1995 / 3-degree Gauss-Kruger zone 23,+proj=tmerc +lat_0=0 +lon_0=69 +k=1 +x_0=23500000 +y_0=0 +ellps=krass +units=m +no_defs +type=crs
EPSG,2658,Pulkovo 1995 / 3-degree Gauss-Kruger zone 24,+proj=tmerc +lat_0=0 +lon_0=72 +k=1 +x_0=24500000 +y_0=0 +ellps=krass +units=m +no_defs +type=crs
EPSG,2659,Pulkovo 1995 / 3-degree Gauss-Kruger zone 25,+proj=tmerc +lat_0=0 +lon_0=75 +k=1 +x_0=25500000 +y_0=0 +ellps=krass +units=m +no_defs +type=crs
EPSG,2660,Pulkovo 1995 / 3-degree Gauss-Kruger zone 26,+proj=tmerc +lat_0=0 +lon_0=78 +k=1 +x_0=26500000 +y_0=0 +ellps=krass +units=m +no_defs +type=crs
EPSG,2661,Pulkovo 1995 / 3-degree Gauss-Kruger zone 27,+proj=tmerc +lat_0=0 +lon_0=81 +k=1 +x_0=27500000 +y_0=0 +ellps=krass +units=m +no_defs +type=crs
EPSG,2662,Pulkovo 1995 / 3-degree Gauss-Kruger zone 28,+proj=tmerc +lat_0=0 +lon_0=84 +k=1 +x_0=28500000 +y_0=0 +ellps=krass +units=m +no_defs +type=crs
EPSG,2663,Pulkovo 1995 / 3-degree Gauss-Kruger zone 29,+proj=tmerc +lat_0=0 +lon_0=87 +k=1 +x_0=29500000 +y_0=0 +ellps=krass +units=m +no_defs +type=crs
EPSG,2664,Pulkovo 1995 / 3-degree Gauss-Kruger zone 30,+proj=tmerc +lat_0=0 +lon_0=90 +k=1 +x_0=30500000 +y_0=0 +ellps=krass +units=m +no_defs +type=crs
EPSG,2665,Pulkovo 1995 / 3-degree Gauss-Kruger zone 31,+proj=tmerc +lat_0=0 +lon_0=93 +k=1 +x_0=31500000 +y_0=0 +ellps=krass +units=m +no_defs +type=crs
EPSG,2666,Pulkovo 1995 / 3-degree Gauss-Kruger zone 32,+proj=tmerc +lat_0=0 +lon_0=96 +k=1 +x_0=32500000 +y_0=0 +ellps=krass +units=m +no_defs +type=crs
EPSG,2667,Pulkovo 1995 / 3-degree Gauss-Kruger zone 33,+proj=tmerc +lat_0=0 +lon_0=99 +k=1 +x_0=33500000 +y_0=0 +ellps=krass +units=m +no_defs +type=crs
EPSG,2668,Pulkovo 1995 / 3-degree Gauss-Kruger zone 34,+proj=tmerc +lat_0=0 +lon_0=102 +k=1 +x_0=34500000 +y_0=0 +ellps=krass +units=m +no_defs +type=crs
EPSG,2669,Pulkovo 1995 / 3-degree Gauss-Kruger zone 35,+proj=tmerc +lat_0=0 +lon_0=105 +k=1 +x_0=35500000 +y_0=0 +ellps=krass +units=m +no_defs +type=crs
EPSG,2670,Pulkovo 1995 / 3-degree Gauss-Kruger zone 36,+proj=tmerc +lat_0=0 +lon_0=108 +k=1 +x_0=36500000 +y_0=0 +ellps=krass +units=m +no_defs +type=crs
EPSG,2671,Pulkovo 1995 / 3-degree Gauss-Kruger zone 37,+proj=tmerc +lat_0=0 +lon_0=111 +k=1 +x_0=37500000 +y_0=0 +ellps=krass +units=m +no_defs +type=crs
EPSG,2672,Pulkovo 1995 / 3-degree Gauss-Kruger zone 38,+proj=tmerc +lat_0=0 +lon_0=114 +k=1 +x_0=38500000 +y_0=0 +ellps=krass +units=m +no_defs +type=crs
EPSG,2673,Pulkovo 1995 / 3-degree Gauss-Kruger zone 39,+proj=tmerc +lat_0=0 +lon_0=117 +k=1 +x_0=39500000 +y_0=0 +ellps=krass +units=m +no_defs +type=crs
EPSG,2674,Pulkovo 1995 / 3-degree Gauss-Kruger zone 40,+proj=tmerc +lat_0=0 +lon_0=120 +k=1 +x_0=40500000 +y_0=0 +ellps=krass +units=m +no_defs +type=crs
EPSG,2675,Pulkovo 1995 / 3-degree Gauss-Kruger zone 41,+proj=tmerc +lat_0=0 +lon_0=123 +k=1 +x_0=41500000 +y_0=0 +ellps=krass +units=m +no_defs +type=crs
EPSG,2676,Pulkovo 1995 / 3-degree Gauss-Kruger zone 42,+proj=tmerc +lat_0=0 +lon_0=126 +k=1 +x_0=42500000 +y_0=0 +ellps=krass +units=m +no_defs +type=crs
EPSG,2677,Pulkovo 1995 / 3-degree Gauss-Kruger zone 43,+proj=tmerc +lat_0=0 +lon_0=129 +k=1 +x_0=43500000 +y_0=0 +ellps=krass +units=m +no_defs +type=crs
EPSG,2678,Pulkovo 1995 / 3-degree Gauss-Kruger zone 44,+proj=tmerc +lat_0=0 +lon_0=132 +k=1 +x_0=44500000 +y_0=0 +ellps=krass +units=m +no_defs +type=crs
EPSG,2679,Pulkovo 1995 / 3-degree Gauss-Kruger zone 45,+proj=tmerc +lat_0=0 +lon_0=135 +k=1 +x_0=45500000 +y_0=0 +ellps=krass +units=m +no_defs +type=crs
EPSG,2680,Pulkovo 1995 / 3-degree Gauss-Kruger zone 46,+proj=tmerc +lat_0=0 +lon_0=138 +k=1 +x_0=46500000 +y_0=0 +ellps=krass +units=m +no_defs +type=crs
EPSG,2681,Pulkovo 1995 / 3-degree Gauss-Kruger zone 47,+proj=tmerc +lat_0=0 +lon_0=141 +k=1 +x_0=47500000 +y_0=0 +ellps=krass +units=m +no_defs +type=crs
EPSG,2682,Pulkovo 1995 / 3-degree Gauss-Kruger zone 48,+proj=tmerc +lat_0=0 +lon_0=144 +k=1 +x_0=48500000 +y_0=0 +ellps=krass +units=m +no_defs +type=crs
EPSG,2683,Pulkovo 1995 / 3-degree Gauss-Kruger zone 49,+proj=tmerc +lat_0=0 +lon_0=147 +k=1 +x_0=49500000 +y_0=0 +ellps=krass +units=m +no_defs +type=crs
EPSG,2684,Pulkovo 1995 / 3-degree Gauss-Kruger zone 50,+proj=tmerc +lat_0=0 +lon_0=150 +k=1 +x_0=50500000 +y_0=0 +ellps=krass +units=m +no_defs +type=crs
EPSG,2685,Pulkovo 1995 / 3-degree Gauss-Kruger zone 51,+proj=tmerc +lat_0=0 +lon_0=153 +k=1 +x_0=51500000 +y_0=0 +ellps=krass +units=m +no_defs +type=crs
EPSG,2686,Pulkovo 1995 / 3-degree Gauss-Kruger zone 52,+proj=tmerc +lat_0=0 +lon_0=156 +k=1 +x_0=52500000 +y_0=0 +ellps=krass +units=m +no_defs +type=crs
EPSG,2687,Pulkovo 1995 / 3-degree Gauss-Kruger zone 53,+proj=tmerc +lat_0=0 +lon_0=159 +k=1 +x_0=53500000 +y_0=0 +ellps=krass +units=m +no_defs +type=crs
EPSG,2688,Pulkovo 1995 / 3-degree Gauss-Kruger zone 54,+proj=tmerc +lat_0=0 +lon_0=162 +k=1 +x_0=54500000 +y_0=0 +ellps=krass +units=m +no_defs +type=crs
EPSG,2689,Pulkovo 1995 / 3-degree Gauss-Kruger zone 55,+proj=tmerc +lat_0=0 +lon_0=165 +k=1 +x_0=55500000 +y_0=0 +ellps=krass +units=m +no_defs +type=crs
EPSG,2690,Pulkovo 1995 / 3-degree Gauss-Kruger zone 56,+proj=tmerc +lat_0=0 +lon_0=168 +k=1 +x_0=56500000 +y_0=0 +ellps=krass +units=m +no_defs +type=crs
EPSG,2691,Pulkovo 1995 / 3-degree Gauss-Kruger zone 57,+proj=tmerc +lat_0=0 +lon_0=171 +k=1 +x_0=57500000 +y_0=0 +ellps=krass +units=m +no_defs +type=crs
EPSG,2692,Pulkovo 1995 / 3-degree Gauss-Kruger zone 58,+proj=tmerc +lat_0=0 +lon_0=174 +k=1 +x_0=58500000 +y_0=0 +ellps=krass +units=m +no_defs +type=crs
EPSG,2693,Pulkovo 1995 / 3-degree Gauss-Kruger zone 59,+proj=tmerc +lat_0=0 +lon_0=177 +k=1 +x_0=59500000 +y_0=0 +ellps=krass +units=m +no_defs +type=crs
EPSG,2695,Pulkovo 1995 / 3-degree Gauss-Kruger zone 61,+proj=tmerc +lat_0=0 +lon_0=-177 +k=1 +x_0=61500000 +y_0=0 +ellps=krass +units=m +no_defs +type=crs
EPSG,2696,Pulkovo 1995 / 3-degree Gauss-Kruger zone 62,+proj=tmerc +lat_0=0 +lon_0=-174 +k=1 +x_0=62500000 +y_0=0 +ellps=krass +units=m +no_defs +type=crs
EPSG,2697,Pulkovo 1995 / 3-degree Gauss-Kruger zone 63,+proj=tmerc +lat_0=0 +lon_0=-171 +k=1 +x_0=63500000 +y_0=0 +ellps=krass +units=m +no_defs +type=crs
EPSG,2698,Pulkovo 1995 / 3-degree Gauss-Kruger zone 64,+proj=tmerc +lat_0=0 +lon_0=-168 +k=1 +x_0=64500000 +y_0=0 +ellps=krass +units=m +no_defs +type=crs
EPSG,2699,Pulkovo 1995 / 3-degree Gauss-Kruger CM 21E,+proj=tmerc +lat_0=0 +lon_0=21 +k=1 +x_0=500000 +y_0=0 +ellps=krass +units=m +no_defs +type=crs
EPSG,2700,Pulkovo 1995 / 3-degree Gauss-Kruger CM 24E,+proj=tmerc +lat_0=0 +lon_0=24 +k=1 +x_0=500000 +y_0=0 +ellps=krass +units=m +no_defs +type=crs
EPSG,2701,Pulkovo 1995 / 3-degree Gauss-Kruger CM 27E,+proj=tmerc +lat_0=0 +lon_0=27 +k=1 +x_0=500000 +y_0=0 +ellps=krass +units=m +no_defs +type=crs
EPSG,2702,Pulkovo 1995 / 3-degree Gauss-Kruger CM 30E,+proj=tmerc +lat_0=0 +lon_0=30 +k=1 +x_0=500000 +y_0=0 +ellps=krass +units=m +no_defs +type=crs
EPSG,2703,Pulkovo 1995 / 3-degree Gauss-Kruger CM 33E,+proj=tmerc +lat_0=0 +lon_0=33 +k=1 +x_0=500000 +y_0=0 +ellps=krass +units=m +no_defs +type=crs
EPSG,2704,Pulkovo 1995 / 3-degree Gauss-Kruger CM 36E,+proj=tmerc +lat_0=0 +lon_0=36 +k=1 +x_0=500000 +y_0=0 +ellps=krass +units=m +no_defs +type=crs
EPSG,2705,Pulkovo 1995 / 3-degree Gauss-Kruger CM 39E,+proj=tmerc +lat_0=0 +lon_0=39 +k=1 +x_0=500000 +y_0=0 +ellps=krass +units=m +no_defs +type=crs
EPSG,2706,Pulkovo 1995 / 3-degree Gauss-Kruger CM 42E,+proj=tmerc +lat_0=0 +lon_0=42 +k=1 +x_0=500000 +y_0=0 +ellps=krass +units=m +no_defs +type=crs
EPSG,2707,Pulkovo 1995 / 3-degree Gauss-Kruger CM 45E,+proj=tmerc +lat_0=0 +lon_0=45 +k=1 +x_0=500000 +y_0=0 +ellps=krass +units=m +no_defs +type=crs
EPSG,2708,Pulkovo 1995 / 3-degree Gauss-Kruger CM 48E,+proj=tmerc +lat_0=0 +lon_0=48 +k=1 +x_0=500000 +y_0=0 +ellps=krass +units=m +no_defs +type=crs
EPSG,2709,Pulkovo 1995 / 3-degree Gauss-Kruger CM 51E,+proj=tmerc +lat_0=0 +lon_0=51 +k=1 +x_0=500000 +y_0=0 +ellps=krass +units=m +no_defs +type=crs
EPSG,2710,Pulkovo 1995 / 3-degree Gauss-Kruger CM 54E,+proj=tmerc +lat_0=0 +lon_0=54 +k=1 +x_0=500000 +y_0=0 +ellps=krass +units=m +no_defs +type=crs
EPSG,2711,Pulkovo 1995 / 3-degree Gauss-Kruger CM 57E,+proj=tmerc +lat_0=0 +lon_0=57 +k=1 +x_0=500000 +y_0=0 +ellps=krass +units=m +no_defs +type=crs
EPSG,2712,Pulkovo 1995 / 3-degree Gauss-Kruger CM 60E,+proj=tmerc +lat_0=0 +lon_0=60 +k=1 +x_0=500000 +y_0=0 +ellps=krass +units=m +no_defs +type=crs
EPSG,2713,Pulkovo 1995 / 3-degree Gauss-Kruger CM 63E,+proj=tmerc +lat_0=0 +lon_0=63 +k=1 +x_0=500000 +y_0=0 +ellps=krass +units=m +no_defs +type=crs
EPSG,2714,Pulkovo 1995 / 3-degree Gauss-Kruger CM 66E,+proj=tmerc +lat_0=0 +lon_0=66 +k=1 +x_0=500000 +y_0=0 +ellps=krass +units=m +no_defs +type=crs
EPSG,2715,Pulkovo 1995 / 3-degree Gauss-Kruger CM 69E,+proj=tmerc +lat_0=0 +lon_0=69 +k=1 +x_0=500000 +y_0=0 +ellps=krass +units=m +no_defs +type=crs
EPSG,2716,Pulkovo 1995 / 3-degree Gauss-Kruger CM 72E,+proj=tmerc +lat_0=0 +lon_0=72 +k=1 +x_0=500000 +y_0=0 +ellps=krass +units=m +no_defs +type=crs
EPSG,2717,Pulkovo 1995 / 3-degree Gauss-Kruger CM 75E,+proj=tmerc +lat_0=0 +lon_0=75 +k=1 +x_0=500000 +y_0=0 +ellps=krass +units=m +no_defs +type=crs
EPSG,2718,Pulkovo 1995 / 3-degree Gauss-Kruger CM 78E,+proj=tmerc +lat_0=0 +lon_0=78 +k=1 +x_0=500000 +y_0=0 +ellps=krass +units=m +no_defs +type=crs
EPSG,2719,Pulkovo 1995 / 3-degree Gauss-Kruger CM 81E,+proj=tmerc +lat_0=0 +lon_0=81 +k=1 +x_0=500000 +y_0=0 +ellps=krass +units=m +no_defs +type=crs
EPSG,2720,Pulkovo 1995 / 3-degree Gauss-Kruger CM 84E,+proj=tmerc +lat_0=0 +lon_0=84 +k=1 +x_0=500000 +y_0=0 +ellps=krass +units=m +no_defs +type=crs
EPSG,2721,Pulkovo 1995 / 3-degree Gauss-Kruger CM 87E,+proj=tmerc +lat_0=0 +lon_0=87 +k=1 +x_0=500000 +y_0=0 +ellps=krass +units=m +no_defs +type=crs
EPSG,2722,Pulkovo 1995 / 3-degree Gauss-Kruger CM 90E,+proj=tmerc +lat_0=0 +lon_0=90 +k=1 +x_0=500000 +y_0=0 +ellps=krass +units=m +no_defs +type=crs
EPSG,2723,Pulkovo 1995 / 3-degree Gauss-Kruger CM 93E,+proj=tmerc +lat_0=0 +lon_0=93 +k=1 +x_0=500000 +y_0=0 +ellps=krass +units=m +no_defs +type=crs
EPSG,2724,Pulkovo 1995 / 3-degree Gauss-Kruger CM 96E,+proj=tmerc +lat_0=0 +lon_0=96 +k=1 +x_0=500000 +y_0=0 +ellps=krass +units=m +no_defs +type=crs
EPSG,2725,Pulkovo 1995 / 3-degree Gauss-Kruger CM 99E,+proj=tmerc +lat_0=0 +lon_0=99 +k=1 +x_0=500000 +y_0=0 +ellps=krass +units=m +no_defs +type=crs
EPSG,2726,Pulkovo 1995 / 3-degree Gauss-Kruger CM 102E,+proj=tmerc +lat_0=0 +lon_0=102 +k=1 +x_0=500000 +y_0=0 +ellps=krass +units=m +no_defs +type=crs
EPSG,2727,Pulkovo 1995 / 3-degree Gauss-Kruger CM 105E,+proj=tmerc +lat_0=0 +lon_0=105 +k=1 +x_0=500000 +y_0=0 +ellps=krass +units=m +no_defs +type=crs
EPSG,2728,Pulkovo 1995 / 3-degree Gauss-Kruger CM 108E,+proj=tmerc +lat_0=0 +lon_0=108 +k=1 +x_0=500000 +y_0=0 +ellps=krass +units=m +no_defs +type=crs
EPSG,2729,Pulkovo 1995 / 3-degree Gauss-Kruger CM 111E,+proj=tmerc +lat_0=0 +lon_0=111 +k=1 +x_0=500000 +y_0=0 +ellps=krass +units=m +no_defs +type=crs
EPSG,2730,Pulkovo 1995 / 3-degree Gauss-Kruger CM 114E,+proj=tmerc +lat_0=0 +lon_0=114 +k=1 +x_0=500000 +y_0=0 +ellps=krass +units=m +no_defs +type=crs
EPSG,2731,Pulkovo 1995 / 3-degree Gauss-Kruger CM 117E,+proj=tmerc +lat_0=0 +lon_0=117 +k=1 +x_0=500000 +y_0=0 +ellps=krass +units=m +no_defs +type=crs
EPSG,2732,Pulkovo 1995 / 3-degree Gauss-Kruger CM 120E,+proj=tmerc +lat_0=0 +lon_0=120 +k=1 +x_0=500000 +y_0=0 +ellps=krass +units=m +no_defs +type=crs
EPSG,2733,Pulkovo 1995 / 3-degree Gauss-Kruger CM 123E,+proj=tmerc +lat_0=0 +lon_0=123 +k=1 +x_0=500000 +y_0=0 +ellps=krass +units=m +no_defs +type=crs
EPSG,2734,Pulkovo 1995 / 3-degree Gauss-Kruger CM 126E,+proj=tmerc +lat_0=0 +lon_0=126 +k=1 +x_0=500000 +y_0=0 +ellps=krass +units=m +no_defs +type=crs
EPSG,2735,Pulkovo 1995 / 3-degree Gauss-Kruger CM 129E,+proj=tmerc +lat_0=0 +lon_0=129 +k=1 +x_0=500000 +y_0=0 +ellps=krass +units=m +no_defs +type=crs
EPSG,2736,Tete / UTM zone 36S,+proj=utm +zone=36 +south +ellps=clrk66 +units=m +no_defs +type=crs
EPSG,2737,Tete / UTM zone 37S,+proj=utm +zone=37 +south +ellps=clrk66 +units=m +no_defs +type=crs
EPSG,2738,Pulkovo 1995 / 3-degree Gauss-Kruger CM 132E,+proj=tmerc +lat_0=0 +lon_0=132 +k=1 +x_0=500000 +y_0=0 +ellps=krass +units=m +no_defs +type=crs
EPSG,2739,Pulkovo 1995 / 3-degree Gauss-Kruger CM 135E,+proj=tmerc +lat_0=0 +lon_0=135 +k=1 +x_0=500000 +y_0=0 +ellps=krass +units=m +no_defs +type=crs
EPSG,2740,Pulkovo 1995 / 3-degree Gauss-Kruger CM 138E,+proj=tmerc +lat_0=0 +lon_0=138 +k=1 +x_0=500000 +y_0=0 +ellps=krass +units=m +no_defs +type=crs
EPSG,2741,Pulkovo 1995 / 3-degree Gauss-Kruger CM 141E,+proj=tmerc +lat_0=0 +lon_0=141 +k=1 +x_0=500000 +y_0=0 +ellps=krass +units=m +no_defs +type=crs
EPSG,2742,Pulkovo 1995 / 3-degree Gauss-Kruger CM 144E,+proj=tmerc +lat_0=0 +lon_0=144 +k=1 +x_0=500000 +y_0=0 +ellps=krass +units=m +no_defs +type=crs
EPSG,2743,Pulkovo 1995 / 3-degree Gauss-Kruger CM 147E,+proj=tmerc +lat_0=0 +lon_0=147 +k=1 +x_0=500000 +y_0=0 +ellps=krass +units=m +no_defs +type=crs
EPSG,2744,Pulkovo 1995 / 3-degree Gauss-Kruger CM 150E,+proj=tmerc +lat_0=0 +lon_0=150 +k=1 +x_0=500000 +y_0=0 +ellps=krass +units=m +no_defs +type=crs
EPSG,2745,Pulkovo 1995 / 3-degree Gauss-Kruger CM 153E,+proj=tmerc +lat_0=0 +lon_0=153 +k=1 +x_0=500000 +y_0=0 +ellps=krass +units=m +no_defs +type=crs
EPSG,2746,Pulkovo 1995 / 3-degree Gauss-Kruger CM 156E,+proj=tmerc +lat_0=0 +lon_0=156 +k=1 +x_0=500000 +y_0=0 +ellps=krass +units=m +no_defs +type=crs
EPSG,2747,Pulkovo 1995 / 3-degree Gauss-Kruger CM 159E,+proj=tmerc +lat_0=0 +lon_0=159 +k=1 +x_0=500000 +y_0=0 +ellps=krass +units=m +no_defs +type=crs
EPSG,2748,Pulkovo 1995 / 3-degree Gauss-Kruger CM 162E,+proj=tmerc +lat_0=0 +lon_0=162 +k=1 +x_0=500000 +y_0=0 +ellps=krass +units=m +no_defs +type=crs
EPSG,2749,Pulkovo 1995 / 3-degree Gauss-Kruger CM 165E,+proj=tmerc +lat_0=0 +lon_0=165 +k=1 +x_0=500000 +y_0=0 +ellps=krass +units=m +no_defs +type=crs
EPSG,2750,Pulkovo 1995 / 3-degree Gauss-Kruger CM 168E,+proj=tmerc +lat_0=0 +lon_0=168 +k=1 +x_0=500000 +y_0=0 +ellps=krass +units=m +no_defs +type=crs
EPSG,2751,Pulkovo 1995 / 3-degree Gauss-Kruger CM 171E,+proj=tmerc +lat_0=0 +lon_0=171 +k=1 +x_0=500000 +y_0=0 +ellps=krass +units=m +no_defs +type=crs
EPSG,2752,Pulkovo 1995 / 3-degree Gauss-Kruger CM 174E,+proj=tmerc +lat_0=0 +lon_0=174 +k=1 +x_0=500000 +y_0=0 +ellps=krass +units=m +no_defs +type=crs
EPSG,2753,Pulkovo 1995 / 3-degree Gauss-Kruger CM 177E,+proj=tmerc +lat_0=0 +lon_0=177 +k=1 +x_0=500000 +y_0=0 +ellps=krass +units=m +no_defs +type=crs
EPSG,2754,Pulkovo 1995 / 3-degree Gauss-Kruger CM 180E,+proj=tmerc +lat_0=0 +lon_0=180 +k=1 +x_0=500000 +y_0=0 +ellps=krass +units=m +no_defs +type=crs
EPSG,2755,Pulkovo 1995 / 3-degree Gauss-Kruger CM 177W,+proj=tmerc +lat_0=0 +lon_0=-177 +k=1 +x_0=500000 +y_0=0 +ellps=krass +units=m +no_defs +type=crs
EPSG,2756,Pulkovo 1995 / 3-degree Gauss-Kruger CM 174W,+proj=tmerc +lat_0=0 +lon_0=-174 +k=1 +x_0=500000 +y_0=0 +ellps=krass +units=m +no_defs +type=crs
EPSG,2757,Pulkovo 1995 / 3-degree Gauss-Kruger CM 171W,+proj=tmerc +lat_0=0 +lon_0=-171 +k=1 +x_0=500000 +y_0=0 +ellps=krass +units=m +no_defs +type=crs
EPSG,2758,Pulkovo 1995 / 3-degree Gauss-Kruger CM 168W,+proj=tmerc +lat_0=0 +lon_0=-168 +k=1 +x_0=500000 +y_0=0 +ellps=krass +units=m +no_defs +type=crs
EPSG,2759,NAD83(HARN) / Alabama East,+proj=tmerc +lat_0=30.5 +lon_0=-85.8333333333333 +k=0.99996 +x_0=200000 +y_0=0 +ellps=GRS80 +units=m +no_defs +type=crs
EPSG,2760,NAD83(HARN) / Alabama West,+proj=tmerc +lat_0=30 +lon_0=-87.5 +k=0.999933333 +x_0=600000 +y_0=0 +ellps=GRS80 +units=m +no_defs +type=crs
EPSG,2761,NAD83(HARN) / Arizona East,+proj=tmerc +lat_0=31 +lon_0=-110.166666666667 +k=0.9999 +x_0=213360 +y_0=0 +ellps=GRS80 +units=m +no_defs +type=crs
EPSG,2762,NAD83(HARN) / Arizona Central,+proj=tmerc +lat_0=31 +lon_0=-111.916666666667 +k=0.9999 +x_0=213360 +y_0=0 +ellps=GRS80 +units=m +no_defs +type=crs
EPSG,2763,NAD83(HARN) / Arizona West,+proj=tmerc +lat_0=31 +lon_0=-113.75 +k=0.999933333 +x_0=213360 +y_0=0 +ellps=GRS80 +units=m +no_defs +type=crs
EPSG,2764,NAD83(HARN) / Arkansas North,+proj=lcc +lat_0=34.3333333333333 +lon_0=-92 +lat_1=36.2333333333333 +lat_2=34.9333333333333 +x_0=400000 +y_0=0 +ellps=GRS80 +units=m +no_defs +type=crs
EPSG,2765,NAD83(HARN) / Arkansas South,+proj=lcc +lat_0=32.6666666666667 +lon_0=-92 +lat_1=34.7666666666667 +lat_2=33.3 +x_0=400000 +y_0=400000 +ellps=GRS80 +units=m +no_defs +type=crs
EPSG,2766,NAD83(HARN) / California zone 1,+proj=lcc +lat_0=39.3333333333333 +lon_0=-122 +lat_1=41.6666666666667 +lat_2=40 +x_0=2000000 +y_0=500000 +ellps=GRS80 +units=m +no_defs +type=crs
EPSG,2767,NAD83(HARN) / California zone 2,+proj=lcc +lat_0=37.6666666666667 +lon_0=-122 +lat_1=39.8333333333333 +lat_2=38.3333333333333 +x_0=2000000 +y_0=500000 +ellps=GRS80 +units=m +no_defs +type=crs
EPSG,2768,NAD83(HARN) / California zone 3,+proj=lcc +lat_0=36.5 +lon_0=-120.5 +lat_1=38.4333333333333 +lat_2=37.0666666666667 +x_0=2000000 +y_0=500000 +ellps=GRS80 +units=m +no_defs +type=crs
EPSG,2769,NAD83(HARN) / California zone 4,+proj=lcc +lat_0=35.3333333333333 +lon_0=-119 +lat_1=37.25 +lat_2=36 +x_0=2000000 +y_0=500000 +ellps=GRS80 +units=m +no_defs +type=crs
EPSG,2770,NAD83(HARN) / California zone 5,+proj=lcc +lat_0=33.5 +lon_0=-118 +lat_1=35.4666666666667 +lat_2=34.0333333333333 +x_0=2000000 +y_0=500000 +ellps=GRS80 +units=m +no_defs +type=crs
EPSG,2771,NAD83(HARN) / California zone 6,+proj=lcc +lat_0=32.1666666666667 +lon_0=-116.25 +lat_1=33.8833333333333 +lat_2=32.7833333333333 +x_0=2000000 +y_0=500000 +ellps=GRS80 +units=m +no_defs +type=crs
EPSG,2772,NAD83(HARN) / Colorado North,+proj=lcc +lat_0=39.3333333333333 +lon_0=-105.5 +lat_1=40.7833333333333 +lat_2=39.7166666666667 +x_0=914401.8289 +y_0=304800.6096 +ellps=GRS80 +units=m +no_defs +type=crs
EPSG,2773,NAD83(HARN) / Colorado Central,+proj=lcc +lat_0=37.8333333333333 +lon_0=-105.5 +lat_1=39.75 +lat_2=38.45 +x_0=914401.8289 +y_0=304800.6096 +ellps=GRS80 +units=m +no_defs +type=crs
EPSG,2774,NAD83(HARN) / Colorado South,+proj=lcc +lat_0=36.6666666666667 +lon_0=-105.5 +lat_1=38.4333333333333 +lat_2=37.2333333333333 +x_0=914401.8289 +y_0=304800.6096 +ellps=GRS80 +units=m +no_defs +type=crs
EPSG,2775,NAD83(HARN) / Connecticut,+proj=lcc +lat_0=40.8333333333333 +lon_0=-72.75 +lat_1=41.8666666666667 +lat_2=41.2 +x_0=304800.6096 +y_0=152400.3048 +ellps=GRS80 +units=m +no_defs +type=crs
EPSG,2776,NAD83(HARN) / Delaware,+proj=tmerc +lat_0=38 +lon_0=-75.4166666666667 +k=0.999995 +x_0=200000 +y_0=0 +ellps=GRS80 +units=m +no_defs +type=crs
EPSG,2777,NAD83(HARN) / Florida East,+proj=tmerc +lat_0=24.3333333333333 +lon_0=-81 +k=0.999941177 +x_0=200000 +y_0=0 +ellps=GRS80 +units=m +no_defs +type=crs
EPSG,2778,NAD83(HARN) / Florida West,+proj=tmerc +lat_0=24.3333333333333 +lon_0=-82 +k=0.999941177 +x_0=200000 +y_0=0 +ellps=GRS80 +units=m +no_defs +type=crs
EPSG,2779,NAD83(HARN) / Florida North,+proj=lcc +lat_0=29 +lon_0=-84.5 +lat_1=30.75 +lat_2=29.5833333333333 +x_0=600000 +y_0=0 +ellps=GRS80 +units=m +no_defs +type=crs
EPSG,2780,NAD83(HARN) / Georgia East,+proj=tmerc +lat_0=30 +lon_0=-82.1666666666667 +k=0.9999 +x_0=200000 +y_0=0 +ellps=GRS80 +units=m +no_defs +type=crs
EPSG,2781,NAD83(HARN) / Georgia West,+proj=tmerc +lat_0=30 +lon_0=-84.1666666666667 +k=0.9999 +x_0=700000 +y_0=0 +ellps=GRS80 +units=m +no_defs +type=crs
EPSG,2782,NAD83(HARN) / Hawaii zone 1,+proj=tmerc +lat_0=18.8333333333333 +lon_0=-155.5 +k=0.999966667 +x_0=500000 +y_0=0 +ellps=GRS80 +units=m +no_defs +type=crs
EPSG,2783,NAD83(HARN) / Hawaii zone 2,+proj=tmerc +lat_0=20.3333333333333 +lon_0=-156.666666666667 +k=0.999966667 +x_0=500000 +y_0=0 +ellps=GRS80 +units=m +no_defs +type=crs
EPSG,2784,NAD83(HARN) / Hawaii zone 3,+proj=tmerc +lat_0=21.1666666666667 +lon_0=-158 +k=0.99999 +x_0=500000 +y_0=0 +ellps=GRS80 +units=m +no_defs +type=crs
EPSG,2785,NAD83(HARN) / Hawaii zone 4,+proj=tmerc +lat_0=21.8333333333333 +lon_0=-159.5 +k=0.99999 +x_0=500000 +y_0=0 +ellps=GRS80 +units=m +no_defs +type=crs
EPSG,2786,NAD83(HARN) / Hawaii zone 5,+proj=tmerc +lat_0=21.6666666666667 +lon_0=-160.166666666667 +k=1 +x_0=500000 +y_0=0 +ellps=GRS80 +units=m +no_defs +type=crs
EPSG,2787,NAD83(HARN) / Idaho East,+proj=tmerc +lat_0=41.6666666666667 +lon_0=-112.166666666667 +k=0.999947368 +x_0=200000 +y_0=0 +ellps=GRS80 +units=m +no_defs +type=crs
EPSG,2788,NAD83(HARN) / Idaho Central,+proj=tmerc +lat_0=41.6666666666667 +lon_0=-114 +k=0.999947368 +x_0=500000 +y_0=0 +ellps=GRS80 +units=m +no_defs +type=crs
EPSG,2789,NAD83(HARN) / Idaho West,+proj=tmerc +lat_0=41.6666666666667 +lon_0=-115.75 +k=0.999933333 +x_0=800000 +y_0=0 +ellps=GRS80 +units=m +no_defs +type=crs
EPSG,2790,NAD83(HARN) / Illinois East,+proj=tmerc +lat_0=36.6666666666667 +lon_0=-88.3333333333333 +k=0.999975 +x_0=300000 +y_0=0 +ellps=GRS80 +units=m +no_defs +type=crs
EPSG,2791,NAD83(HARN) / Illinois West,+proj=tmerc +lat_0=36.6666666666667 +lon_0=-90.1666666666667 +k=0.999941177 +x_0=700000 +y_0=0 +ellps=GRS80 +units=m +no_defs +type=crs
EPSG,2792,NAD83(HARN) / Indiana East,+proj=tmerc +lat_0=37.5 +lon_0=-85.6666666666667 +k=0.999966667 +x_0=100000 +y_0=250000 +ellps=GRS80 +units=m +no_defs +type=crs
EPSG,2793,NAD83(HARN) / Indiana West,+proj=tmerc +lat_0=37.5 +lon_0=-87.0833333333333 +k=0.999966667 +x_0=900000 +y_0=250000 +ellps=GRS80 +units=m +no_defs +type=crs
EPSG,2794,NAD83(HARN) / Iowa North,+proj=lcc +lat_0=41.5 +lon_0=-93.5 +lat_1=43.2666666666667 +lat_2=42.0666666666667 +x_0=1500000 +y_0=1000000 +ellps=GRS80 +units=m +no_defs +type=crs
EPSG,2795,NAD83(HARN) / Iowa South,+proj=lcc +lat_0=40 +lon_0=-93.5 +lat_1=41.7833333333333 +lat_2=40.6166666666667 +x_0=500000 +y_0=0 +ellps=GRS80 +units=m +no_defs +type=crs
EPSG,2796,NAD83(HARN) / Kansas North,+proj=lcc +lat_0=38.3333333333333 +lon_0=-98 +lat_1=39.7833333333333 +lat_2=38.7166666666667 +x_0=400000 +y_0=0 +ellps=GRS80 +units=m +no_defs +type=crs
EPSG,2797,NAD83(HARN) / Kansas South,+proj=lcc +lat_0=36.6666666666667 +lon_0=-98.5 +lat_1=38.5666666666667 +lat_2=37.2666666666667 +x_0=400000 +y_0=400000 +ellps=GRS80 +units=m +no_defs +type=crs
EPSG,2798,NAD83(HARN) / Kentucky North,+proj=lcc +lat_0=37.5 +lon_0=-84.25 +lat_1=37.9666666666667 +lat_2=38.9666666666667 +x_0=500000 +y_0=0 +ellps=GRS80 +units=m +no_defs +type=crs
EPSG,2799,NAD83(HARN) / Kentucky South,+proj=lcc +lat_0=36.3333333333333 +lon_0=-85.75 +lat_1=37.9333333333333 +lat_2=36.7333333333333 +x_0=500000 +y_0=500000 +ellps=GRS80 +units=m +no_defs +type=crs
EPSG,2800,NAD83(HARN) / Louisiana North,+proj=lcc +lat_0=30.5 +lon_0=-92.5 +lat_1=32.6666666666667 +lat_2=31.1666666666667 +x_0=1000000 +y_0=0 +ellps=GRS80 +units=m +no_defs +type=crs
EPSG,2801,NAD83(HARN) / Louisiana South,+proj=lcc +lat_0=28.5 +lon_0=-91.3333333333333 +lat_1=30.7 +lat_2=29.3 +x_0=1000000 +y_0=0 +ellps=GRS80 +units=m +no_defs +type=crs
EPSG,2802,NAD83(HARN) / Maine East,+proj=tmerc +lat_0=43.6666666666667 +lon_0=-68.5 +k=0.9999 +x_0=300000 +y_0=0 +ellps=GRS80 +units=m +no_defs +type=crs
EPSG,2803,NAD83(HARN) / Maine West,+proj=tmerc +lat_0=42.8333333333333 +lon_0=-70.1666666666667 +k=0.999966667 +x_0=900000 +y_0=0 +ellps=GRS80 +units=m +no_defs +type=crs
EPSG,2804,NAD83(HARN) / Maryland,+proj=lcc +lat_0=37.6666666666667 +lon_0=-77 +lat_1=39.45 +lat_2=38.3 +x_0=400000 +y_0=0 +ellps=GRS80 +units=m +no_defs +type=crs
EPSG,2805,NAD83(HARN) / Massachusetts Mainland,+proj=lcc +lat_0=41 +lon_0=-71.5 +lat_1=42.6833333333333 +lat_2=41.7166666666667 +x_0=200000 +y_0=750000 +ellps=GRS80 +units=m +no_defs +type=crs
EPSG,2806,NAD83(HARN) / Massachusetts Island,+proj=lcc +lat_0=41 +lon_0=-70.5 +lat_1=41.4833333333333 +lat_2=41.2833333333333 +x_0=500000 +y_0=0 +ellps=GRS80 +units=m +no_defs +type=crs
EPSG,2807,NAD83(HARN) / Michigan North,+proj=lcc +lat_0=44.7833333333333 +lon_0=-87 +lat_1=47.0833333333333 +lat_2=45.4833333333333 +x_0=8000000 +y_0=0 +ellps=GRS80 +units=m +no_defs +type=crs
EPSG,2808,NAD83(HARN) / Michigan Central,+proj=lcc +lat_0=43.3166666666667 +lon_0=-84.3666666666667 +lat_1=45.7 +lat_2=44.1833333333333 +x_0=6000000 +y_0=0 +ellps=GRS80 +units=m +no_defs +type=crs
EPSG,2809,NAD83(HARN) / Michigan South,+proj=lcc +lat_0=41.5 +lon_0=-84.3666666666667 +lat_1=43.6666666666667 +lat_2=42.1 +x_0=4000000 +y_0=0 +ellps=GRS80 +units=m +no_defs +type=crs
EPSG,2810,NAD83(HARN) / Minnesota North,+proj=lcc +lat_0=46.5 +lon_0=-93.1 +lat_1=48.6333333333333 +lat_2=47.0333333333333 +x_0=800000 +y_0=100000 +ellps=GRS80 +units=m +no_defs +type=crs
EPSG,2811,NAD83(HARN) / Minnesota Central,+proj=lcc +lat_0=45 +lon_0=-94.25 +lat_1=47.05 +lat_2=45.6166666666667 +x_0=800000 +y_0=100000 +ellps=GRS80 +units=m +no_defs +type=crs
EPSG,2812,NAD83(HARN) / Minnesota South,+proj=lcc +lat_0=43 +lon_0=-94 +lat_1=45.2166666666667 +lat_2=43.7833333333333 +x_0=800000 +y_0=100000 +ellps=GRS80 +units=m +no_defs +type=crs
EPSG,2813,NAD83(HARN) / Mississippi East,+proj=tmerc +lat_0=29.5 +lon_0=-88.8333333333333 +k=0.99995 +x_0=300000 +y_0=0 +ellps=GRS80 +units=m +no_defs +type=crs
EPSG,2814,NAD83(HARN) / Mississippi West,+proj=tmerc +lat_0=29.5 +lon_0=-90.3333333333333 +k=0.99995 +x_0=700000 +y_0=0 +ellps=GRS80 +units=m +no_defs +type=crs
EPSG,2815,NAD83(HARN) / Missouri East,+proj=tmerc +lat_0=35.8333333333333 +lon_0=-90.5 +k=0.999933333 +x_0=250000 +y_0=0 +ellps=GRS80 +units=m +no_defs +type=crs
EPSG,2816,NAD83(HARN) / Missouri Central,+proj=tmerc +lat_0=35.8333333333333 +lon_0=-92.5 +k=0.999933333 +x_0=500000 +y_0=0 +ellps=GRS80 +units=m +no_defs +type=crs
EPSG,2817,NAD83(HARN) / Missouri West,+proj=tmerc +lat_0=36.1666666666667 +lon_0=-94.5 +k=0.999941177 +x_0=850000 +y_0=0 +ellps=GRS80 +units=m +no_defs +type=crs
EPSG,2818,NAD83(HARN) / Montana,+proj=lcc +lat_0=44.25 +lon_0=-109.5 +lat_1=49 +lat_2=45 +x_0=600000 +y_0=0 +ellps=GRS80 +units=m +no_defs +type=crs
EPSG,2819,NAD83(HARN) / Nebraska,+proj=lcc +lat_0=39.8333333333333 +lon_0=-100 +lat_1=43 +lat_2=40 +x_0=500000 +y_0=0 +ellps=GRS80 +units=m +no_defs +type=crs
EPSG,2820,NAD83(HARN) / Nevada East,+proj=tmerc +lat_0=34.75 +lon_0=-115.583333333333 +k=0.9999 +x_0=200000 +y_0=8000000 +ellps=GRS80 +units=m +no_defs +type=crs
EPSG,2821,NAD83(HARN) / Nevada Central,+proj=tmerc +lat_0=34.75 +lon_0=-116.666666666667 +k=0.9999 +x_0=500000 +y_0=6000000 +ellps=GRS80 +units=m +no_defs +type=crs
EPSG,2822,NAD83(HARN) / Nevada West,+proj=tmerc +lat_0=34.75 +lon_0=-118.583333333333 +k=0.9999 +x_0=800000 +y_0=4000000 +ellps=GRS80 +units=m +no_defs +type=crs
EPSG,2823,NAD83(HARN) / New Hampshire,+proj=tmerc +lat_0=42.5 +lon_0=-71.6666666666667 +k=0.999966667 +x_0=300000 +y_0=0 +ellps=GRS80 +units=m +no_defs +type=crs
EPSG,2824,NAD83(HARN) / New Jersey,+proj=tmerc +lat_0=38.8333333333333 +lon_0=-74.5 +k=0.9999 +x_0=150000 +y_0=0 +ellps=GRS80 +units=m +no_defs +type=crs
EPSG,2825,NAD83(HARN) / New Mexico East,+proj=tmerc +lat_0=31 +lon_0=-104.333333333333 +k=0.999909091 +x_0=165000 +y_0=0 +ellps=GRS80 +units=m +no_defs +type=crs
EPSG,2826,NAD83(HARN) / New Mexico Central,+proj=tmerc +lat_0=31 +lon_0=-106.25 +k=0.9999 +x_0=500000 +y_0=0 +ellps=GRS80 +units=m +no_defs +type=crs
EPSG,2827,NAD83(HARN) / New Mexico West,+proj=tmerc +lat_0=31 +lon_0=-107.833333333333 +k=0.999916667 +x_0=830000 +y_0=0 +ellps=GRS80 +units=m +no_defs +type=crs
EPSG,2828,NAD83(HARN) / New York East,+proj=tmerc +lat_0=38.8333333333333 +lon_0=-74.5 +k=0.9999 +x_0=150000 +y_0=0 +ellps=GRS80 +units=m +no_defs +type=crs
EPSG,2829,NAD83(HARN) / New York Central,+proj=tmerc +lat_0=40 +lon_0=-76.5833333333333 +k=0.9999375 +x_0=250000 +y_0=0 +ellps=GRS80 +units=m +no_defs +type=crs
EPSG,2830,NAD83(HARN) / New York West,+proj=tmerc +lat_0=40 +lon_0=-78.5833333333333 +k=0.9999375 +x_0=350000 +y_0=0 +ellps=GRS80 +units=m +no_defs +type=crs
EPSG,2831,NAD83(HARN) / New York Long Island,+proj=lcc +lat_0=40.1666666666667 +lon_0=-74 +lat_1=41.0333333333333 +lat_2=40.6666666666667 +x_0=300000 +y_0=0 +ellps=GRS80 +units=m +no_defs +type=crs
EPSG,2832,NAD83(HARN) / North Dakota North,+proj=lcc +lat_0=47 +lon_0=-100.5 +lat_1=48.7333333333333 +lat_2=47.4333333333333 +x_0=600000 +y_0=0 +ellps=GRS80 +units=m +no_defs +type=crs
EPSG,2833,NAD83(HARN) / North Dakota South,+proj=lcc +lat_0=45.6666666666667 +lon_0=-100.5 +lat_1=47.4833333333333 +lat_2=46.1833333333333 +x_0=600000 +y_0=0 +ellps=GRS80 +units=m +no_defs +type=crs
EPSG,2834,NAD83(HARN) / Ohio North,+proj=lcc +lat_0=39.6666666666667 +lon_0=-82.5 +lat_1=41.7 +lat_2=40.4333333333333 +x_0=600000 +y_0=0 +ellps=GRS80 +units=m +no_defs +type=crs
EPSG,2835,NAD83(HARN) / Ohio South,+proj=lcc +lat_0=38 +lon_0=-82.5 +lat_1=40.0333333333333 +lat_2=38.7333333333333 +x_0=600000 +y_0=0 +ellps=GRS80 +units=m +no_defs +type=crs
EPSG,2836,NAD83(HARN) / Oklahoma North,+proj=lcc +lat_0=35 +lon_0=-98 +lat_1=36.7666666666667 +lat_2=35.5666666666667 +x_0=600000 +y_0=0 +ellps=GRS80 +units=m +no_defs +type=crs
EPSG,2837,NAD83(HARN) / Oklahoma South,+proj=lcc +lat_0=33.3333333333333 +lon_0=-98 +lat_1=35.2333333333333 +lat_2=33.9333333333333 +x_0=600000 +y_0=0 +ellps=GRS80 +units=m +no_defs +type=crs
EPSG,2838,NAD83(HARN) / Oregon North,+proj=lcc +lat_0=43.6666666666667 +lon_0=-120.5 +lat_1=46 +lat_2=44.3333333333333 +x_0=2500000 +y_0=0 +ellps=GRS80 +units=m +no_defs +type=crs
EPSG,2839,NAD83(HARN) / Oregon South,+proj=lcc +lat_0=41.6666666666667 +lon_0=-120.5 +lat_1=44 +lat_2=42.3333333333333 +x_0=1500000 +y_0=0 +ellps=GRS80 +units=m +no_defs +type=crs
EPSG,2840,NAD83(HARN) / Rhode Island,+proj=tmerc +lat_0=41.0833333333333 +lon_0=-71.5 +k=0.99999375 +x_0=100000 +y_0=0 +ellps=GRS80 +units=m +no_defs +type=crs
EPSG,2841,NAD83(HARN) / South Dakota North,+proj=lcc +lat_0=43.8333333333333 +lon_0=-100 +lat_1=45.6833333333333 +lat_2=44.4166666666667 +x_0=600000 +y_0=0 +ellps=GRS80 +units=m +no_defs +type=crs
EPSG,2842,NAD83(HARN) / South Dakota South,+proj=lcc +lat_0=42.3333333333333 +lon_0=-100.333333333333 +lat_1=44.4 +lat_2=42.8333333333333 +x_0=600000 +y_0=0 +ellps=GRS80 +units=m +no_defs +type=crs
EPSG,2843,NAD83(HARN) / Tennessee,+proj=lcc +lat_0=34.3333333333333 +lon_0=-86 +lat_1=36.4166666666667 +lat_2=35.25 +x_0=600000 +y_0=0 +ellps=GRS80 +units=m +no_defs +type=crs
EPSG,2844,NAD83(HARN) / Texas North,+proj=lcc +lat_0=34 +lon_0=-101.5 +lat_1=36.1833333333333 +lat_2=34.65 +x_0=200000 +y_0=1000000 +ellps=GRS80 +units=m +no_defs +type=crs
EPSG,2845,NAD83(HARN) / Texas North Central,+proj=lcc +lat_0=31.6666666666667 +lon_0=-98.5 +lat_1=33.9666666666667 +lat_2=32.1333333333333 +x_0=600000 +y_0=2000000 +ellps=GRS80 +units=m +no_defs +type=crs
EPSG,2846,NAD83(HARN) / Texas Central,+proj=lcc +lat_0=29.6666666666667 +lon_0=-100.333333333333 +lat_1=31.8833333333333 +lat_2=30.1166666666667 +x_0=700000 +y_0=3000000 +ellps=GRS80 +units=m +no_defs +type=crs
EPSG,2847,NAD83(HARN) / Texas South Central,+proj=lcc +lat_0=27.8333333333333 +lon_0=-99 +lat_1=30.2833333333333 +lat_2=28.3833333333333 +x_0=600000 +y_0=4000000 +ellps=GRS80 +units=m +no_defs +type=crs
EPSG,2848,NAD83(HARN) / Texas South,+proj=lcc +lat_0=25.6666666666667 +lon_0=-98.5 +lat_1=27.8333333333333 +lat_2=26.1666666666667 +x_0=300000 +y_0=5000000 +ellps=GRS80 +units=m +no_defs +type=crs
EPSG,2849,NAD83(HARN) / Utah North,+proj=lcc +lat_0=40.3333333333333 +lon_0=-111.5 +lat_1=41.7833333333333 +lat_2=40.7166666666667 +x_0=500000 +y_0=1000000 +ellps=GRS80 +units=m +no_defs +type=crs
EPSG,2850,NAD83(HARN) / Utah Central,+proj=lcc +lat_0=38.3333333333333 +lon_0=-111.5 +lat_1=40.65 +lat_2=39.0166666666667 +x_0=500000 +y_0=2000000 +ellps=GRS80 +units=m +no_defs +type=crs
EPSG,2851,NAD83(HARN) / Utah South,+proj=lcc +lat_0=36.6666666666667 +lon_0=-111.5 +lat_1=38.35 +lat_2=37.2166666666667 +x_0=500000 +y_0=3000000 +ellps=GRS80 +units=m +no_defs +type=crs
EPSG,2852,NAD83(HARN) / Vermont,+proj=tmerc +lat_0=42.5 +lon_0=-72.5 +k=0.999964286 +x_0=500000 +y_0=0 +ellps=GRS80 +units=m +no_defs +type=crs
EPSG,2853,NAD83(HARN) / Virginia North,+proj=lcc +lat_0=37.6666666666667 +lon_0=-78.5 +lat_1=39.2 +lat_2=38.0333333333333 +x_0=3500000 +y_0=2000000 +ellps=GRS80 +units=m +no_defs +type=crs
EPSG,2854,NAD83(HARN) / Virginia South,+proj=lcc +lat_0=36.3333333333333 +lon_0=-78.5 +lat_1=37.9666666666667 +lat_2=36.7666666666667 +x_0=3500000 +y_0=1000000 +ellps=GRS80 +units=m +no_defs +type=crs
EPSG,2855,NAD83(HARN) / Washington North,+proj=lcc +lat_0=47 +lon_0=-120.833333333333 +lat_1=48.7333333333333 +lat_2=47.5 +x_0=500000 +y_0=0 +ellps=GRS80 +units=m +no_defs +type=crs
EPSG,2856,NAD83(HARN) / Washington South,+proj=lcc +lat_0=45.3333333333333 +lon_0=-120.5 +lat_1=47.3333333333333 +lat_2=45.8333333333333 +x_0=500000 +y_0=0 +ellps=GRS80 +units=m +no_defs +type=crs
EPSG,2857,NAD83(HARN) / West Virginia North,+proj=lcc +lat_0=38.5 +lon_0=-79.5 +lat_1=40.25 +lat_2=39 +x_0=600000 +y_0=0 +ellps=GRS80 +units=m +no_defs +type=crs
EPSG,2858,NAD83(HARN) / West Virginia South,+proj=lcc +lat_0=37 +lon_0=-81 +lat_1=38.8833333333333 +lat_2=37.4833333333333 +x_0=600000 +y_0=0 +ellps=GRS80 +units=m +no_defs +type=crs
EPSG,2859,NAD83(HARN) / Wisconsin North,+proj=lcc +lat_0=45.1666666666667 +lon_0=-90 +lat_1=46.7666666666667 +lat_2=45.5666666666667 +x_0=600000 +y_0=0 +ellps=GRS80 +units=m +no_defs +type=crs
EPSG,2860,NAD83(HARN) / Wisconsin Central,+proj=lcc +lat_0=43.8333333333333 +lon_0=-90 +lat_1=45.5 +lat_2=44.25 +x_0=600000 +y_0=0 +ellps=GRS80 +units=m +no_defs +type=crs
EPSG,2861,NAD83(HARN) / Wisconsin South,+proj=lcc +lat_0=42 +lon_0=-90 +lat_1=44.0666666666667 +lat_2=42.7333333333333 +x_0=600000 +y_0=0 +ellps=GRS80 +units=m +no_defs +type=crs
EPSG,2862,NAD83(HARN) / Wyoming East,+proj=tmerc +lat_0=40.5 +lon_0=-105.166666666667 +k=0.9999375 +x_0=200000 +y_0=0 +ellps=GRS80 +units=m +no_defs +type=crs
EPSG,2863,NAD83(HARN) / Wyoming East Central,+proj=tmerc +lat_0=40.5 +lon_0=-107.333333333333 +k=0.9999375 +x_0=400000 +y_0=100000 +ellps=GRS80 +units=m +no_defs +type=crs
EPSG,2864,NAD83(HARN) / Wyoming West Central,+proj=tmerc +lat_0=40.5 +lon_0=-108.75 +k=0.9999375 +x_0=600000 +y_0=0 +ellps=GRS80 +units=m +no_defs +type=crs
EPSG,2865,NAD83(HARN) / Wyoming West,+proj=tmerc +lat_0=40.5 +lon_0=-110.083333333333 +k=0.9999375 +x_0=800000 +y_0=100000 +ellps=GRS80 +units=m +no_defs +type=crs
EPSG,2866,NAD83(HARN) / Puerto Rico and Virgin Is.,+proj=lcc +lat_0=17.8333333333333 +lon_0=-66.4333333333333 +lat_1=18.4333333333333 +lat_2=18.0333333333333 +x_0=200000 +y_0=200000 +ellps=GRS80 +units=m +no_defs +type=crs
EPSG,2867,NAD83(HARN) / Arizona East (ft),+proj=tmerc +lat_0=31 +lon_0=-110.166666666667 +k=0.9999 +x_0=213360 +y_0=0 +ellps=GRS80 +units=ft +no_defs +type=crs
EPSG,2868,NAD83(HARN) / Arizona Central (ft),+proj=tmerc +lat_0=31 +lon_0=-111.916666666667 +k=0.9999 +x_0=213360 +y_0=0 +ellps=GRS80 +units=ft +no_defs +type=crs
EPSG,2869,NAD83(HARN) / Arizona West (ft),+proj=tmerc +lat_0=31 +lon_0=-113.75 +k=0.999933333 +x_0=213360 +y_0=0 +ellps=GRS80 +units=ft +no_defs +type=crs
EPSG,2870,NAD83(HARN) / California zone 1 (ftUS),+proj=lcc +lat_0=39.3333333333333 +lon_0=-122 +lat_1=41.6666666666667 +lat_2=40 +x_0=2000000.0001016 +y_0=500000.0001016 +ellps=GRS80 +units=us-ft +no_defs +type=crs
EPSG,2871,NAD83(HARN) / California zone 2 (ftUS),+proj=lcc +lat_0=37.6666666666667 +lon_0=-122 +lat_1=39.8333333333333 +lat_2=38.3333333333333 +x_0=2000000.0001016 +y_0=500000.0001016 +ellps=GRS80 +units=us-ft +no_defs +type=crs
EPSG,2872,NAD83(HARN) / California zone 3 (ftUS),+proj=lcc +lat_0=36.5 +lon_0=-120.5 +lat_1=38.4333333333333 +lat_2=37.0666666666667 +x_0=2000000.0001016 +y_0=500000.0001016 +ellps=GRS80 +units=us-ft +no_defs +type=crs
EPSG,2873,NAD83(HARN) / California zone 4 (ftUS),+proj=lcc +lat_0=35.3333333333333 +lon_0=-119 +lat_1=37.25 +lat_2=36 +x_0=2000000.0001016 +y_0=500000.0001016 +ellps=GRS80 +units=us-ft +no_defs +type=crs
EPSG,2874,NAD83(HARN) / California zone 5 (ftUS),+proj=lcc +lat_0=33.5 +lon_0=-118 +lat_1=35.4666666666667 +lat_2=34.0333333333333 +x_0=2000000.0001016 +y_0=500000.0001016 +ellps=GRS80 +units=us-ft +no_defs +type=crs
EPSG,2875,NAD83(HARN) / California zone 6 (ftUS),+proj=lcc +lat_0=32.1666666666667 +lon_0=-116.25 +lat_1=33.8833333333333 +lat_2=32.7833333333333 +x_0=2000000.0001016 +y_0=500000.0001016 +ellps=GRS80 +units=us-ft +no_defs +type=crs
EPSG,2876,NAD83(HARN) / Colorado North (ftUS),+proj=lcc +lat_0=39.3333333333333 +lon_0=-105.5 +lat_1=40.7833333333333 +lat_2=39.7166666666667 +x_0=914401.828803658 +y_0=304800.609601219 +ellps=GRS80 +units=us-ft +no_defs +type=crs
EPSG,2877,NAD83(HARN) / Colorado Central (ftUS),+proj=lcc +lat_0=37.8333333333333 +lon_0=-105.5 +lat_1=39.75 +lat_2=38.45 +x_0=914401.828803658 +y_0=304800.609601219 +ellps=GRS80 +units=us-ft +no_defs +type=crs
EPSG,2878,NAD83(HARN) / Colorado South (ftUS),+proj=lcc +lat_0=36.6666666666667 +lon_0=-105.5 +lat_1=38.4333333333333 +lat_2=37.2333333333333 +x_0=914401.828803658 +y_0=304800.609601219 +ellps=GRS80 +units=us-ft +no_defs +type=crs
EPSG,2879,NAD83(HARN) / Connecticut (ftUS),+proj=lcc +lat_0=40.8333333333333 +lon_0=-72.75 +lat_1=41.8666666666667 +lat_2=41.2 +x_0=304800.609601219 +y_0=152400.30480061 +ellps=GRS80 +units=us-ft +no_defs +type=crs
EPSG,2880,NAD83(HARN) / Delaware (ftUS),+proj=tmerc +lat_0=38 +lon_0=-75.4166666666667 +k=0.999995 +x_0=200000.0001016 +y_0=0 +ellps=GRS80 +units=us-ft +no_defs +type=crs
EPSG,2881,NAD83(HARN) / Florida East (ftUS),+proj=tmerc +lat_0=24.3333333333333 +lon_0=-81 +k=0.999941177 +x_0=200000.0001016 +y_0=0 +ellps=GRS80 +units=us-ft +no_defs +type=crs
EPSG,2882,NAD83(HARN) / Florida West (ftUS),+proj=tmerc +lat_0=24.3333333333333 +lon_0=-82 +k=0.999941177 +x_0=200000.0001016 +y_0=0 +ellps=GRS80 +units=us-ft +no_defs +type=crs
EPSG,2883,NAD83(HARN) / Florida North (ftUS),+proj=lcc +lat_0=29 +lon_0=-84.5 +lat_1=30.75 +lat_2=29.5833333333333 +x_0=600000 +y_0=0 +ellps=GRS80 +units=us-ft +no_defs +type=crs
EPSG,2884,NAD83(HARN) / Georgia East (ftUS),+proj=tmerc +lat_0=30 +lon_0=-82.1666666666667 +k=0.9999 +x_0=200000.0001016 +y_0=0 +ellps=GRS80 +units=us-ft +no_defs +type=crs
EPSG,2885,NAD83(HARN) / Georgia West (ftUS),+proj=tmerc +lat_0=30 +lon_0=-84.1666666666667 +k=0.9999 +x_0=699999.9998984 +y_0=0 +ellps=GRS80 +units=us-ft +no_defs +type=crs
EPSG,2886,NAD83(HARN) / Idaho East (ftUS),+proj=tmerc +lat_0=41.6666666666667 +lon_0=-112.166666666667 +k=0.999947368 +x_0=200000.0001016 +y_0=0 +ellps=GRS80 +units=us-ft +no_defs +type=crs
EPSG,2887,NAD83(HARN) / Idaho Central (ftUS),+proj=tmerc +lat_0=41.6666666666667 +lon_0=-114 +k=0.999947368 +x_0=500000.0001016 +y_0=0 +ellps=GRS80 +units=us-ft +no_defs +type=crs
EPSG,2888,NAD83(HARN) / Idaho West (ftUS),+proj=tmerc +lat_0=41.6666666666667 +lon_0=-115.75 +k=0.999933333 +x_0=800000.0001016 +y_0=0 +ellps=GRS80 +units=us-ft +no_defs +type=crs
EPSG,2891,NAD83(HARN) / Kentucky North (ftUS),+proj=lcc +lat_0=37.5 +lon_0=-84.25 +lat_1=37.9666666666667 +lat_2=38.9666666666667 +x_0=500000.0001016 +y_0=0 +ellps=GRS80 +units=us-ft +no_defs +type=crs
EPSG,2892,NAD83(HARN) / Kentucky South (ftUS),+proj=lcc +lat_0=36.3333333333333 +lon_0=-85.75 +lat_1=37.9333333333333 +lat_2=36.7333333333333 +x_0=500000.0001016 +y_0=500000.0001016 +ellps=GRS80 +units=us-ft +no_defs +type=crs
EPSG,2893,NAD83(HARN) / Maryland (ftUS),+proj=lcc +lat_0=37.6666666666667 +lon_0=-77 +lat_1=39.45 +lat_2=38.3 +x_0=399999.9998984 +y_0=0 +ellps=GRS80 +units=us-ft +no_defs +type=crs
EPSG,2894,NAD83(HARN) / Massachusetts Mainland (ftUS),+proj=lcc +lat_0=41 +lon_0=-71.5 +lat_1=42.6833333333333 +lat_2=41.7166666666667 +x_0=200000.0001016 +y_0=750000 +ellps=GRS80 +units=us-ft +no_defs +type=crs
EPSG,2895,NAD83(HARN) / Massachusetts Island (ftUS),+proj=lcc +lat_0=41 +lon_0=-70.5 +lat_1=41.4833333333333 +lat_2=41.2833333333333 +x_0=500000.0001016 +y_0=0 +ellps=GRS80 +units=us-ft +no_defs +type=crs
EPSG,2896,NAD83(HARN) / Michigan North (ft),+proj=lcc +lat_0=44.7833333333333 +lon_0=-87 +lat_1=47.0833333333333 +lat_2=45.4833333333333 +x_0=7999999.999968 +y_0=0 +ellps=GRS80 +units=ft +no_defs +type=crs
EPSG,2897,NAD83(HARN) / Michigan Central (ft),+proj=lcc +lat_0=43.3166666666667 +lon_0=-84.3666666666667 +lat_1=45.7 +lat_2=44.1833333333333 +x_0=5999999.999976 +y_0=0 +ellps=GRS80 +units=ft +no_defs +type=crs
EPSG,2898,NAD83(HARN) / Michigan South (ft),+proj=lcc +lat_0=41.5 +lon_0=-84.3666666666667 +lat_1=43.6666666666667 +lat_2=42.1 +x_0=3999999.999984 +y_0=0 +ellps=GRS80 +units=ft +no_defs +type=crs
EPSG,2899,NAD83(HARN) / Mississippi East (ftUS),+proj=tmerc +lat_0=29.5 +lon_0=-88.8333333333333 +k=0.99995 +x_0=300000 +y_0=0 +ellps=GRS80 +units=us-ft +no_defs +type=crs
EPSG,2900,NAD83(HARN) / Mississippi West (ftUS),+proj=tmerc +lat_0=29.5 +lon_0=-90.3333333333333 +k=0.99995 +x_0=699999.9998984 +y_0=0 +ellps=GRS80 +units=us-ft +no_defs +type=crs
EPSG,2901,NAD83(HARN) / Montana (ft),+proj=lcc +lat_0=44.25 +lon_0=-109.5 +lat_1=49 +lat_2=45 +x_0=599999.9999976 +y_0=0 +ellps=GRS80 +units=ft +no_defs +type=crs
EPSG,2902,NAD83(HARN) / New Mexico East (ftUS),+proj=tmerc +lat_0=31 +lon_0=-104.333333333333 +k=0.999909091 +x_0=165000 +y_0=0 +ellps=GRS80 +units=us-ft +no_defs +type=crs
EPSG,2903,NAD83(HARN) / New Mexico Central (ftUS),+proj=tmerc +lat_0=31 +lon_0=-106.25 +k=0.9999 +x_0=500000.0001016 +y_0=0 +ellps=GRS80 +units=us-ft +no_defs +type=crs
EPSG,2904,NAD83(HARN) / New Mexico West (ftUS),+proj=tmerc +lat_0=31 +lon_0=-107.833333333333 +k=0.999916667 +x_0=830000.0001016 +y_0=0 +ellps=GRS80 +units=us-ft +no_defs +type=crs
EPSG,2905,NAD83(HARN) / New York East (ftUS),+proj=tmerc +lat_0=38.8333333333333 +lon_0=-74.5 +k=0.9999 +x_0=150000 +y_0=0 +ellps=GRS80 +units=us-ft +no_defs +type=crs
EPSG,2906,NAD83(HARN) / New York Central (ftUS),+proj=tmerc +lat_0=40 +lon_0=-76.5833333333333 +k=0.9999375 +x_0=249999.9998984 +y_0=0 +ellps=GRS80 +units=us-ft +no_defs +type=crs
EPSG,2907,NAD83(HARN) / New York West (ftUS),+proj=tmerc +lat_0=40 +lon_0=-78.5833333333333 +k=0.9999375 +x_0=350000.0001016 +y_0=0 +ellps=GRS80 +units=us-ft +no_defs +type=crs
EPSG,2908,NAD83(HARN) / New York Long Island (ftUS),+proj=lcc +lat_0=40.1666666666667 +lon_0=-74 +lat_1=41.0333333333333 +lat_2=40.6666666666667 +x_0=300000 +y_0=0 +ellps=GRS80 +units=us-ft +no_defs +type=crs
EPSG,2909,NAD83(HARN) / North Dakota North (ft),+proj=lcc +lat_0=47 +lon_0=-100.5 +lat_1=48.7333333333333 +lat_2=47.4333333333333 +x_0=599999.9999976 +y_0=0 +ellps=GRS80 +units=ft +no_defs +type=crs
EPSG,2910,NAD83(HARN) / North Dakota South (ft),+proj=lcc +lat_0=45.6666666666667 +lon_0=-100.5 +lat_1=47.4833333333333 +lat_2=46.1833333333333 +x_0=599999.9999976 +y_0=0 +ellps=GRS80 +units=ft +no_defs +type=crs
EPSG,2911,NAD83(HARN) / Oklahoma North (ftUS),+proj=lcc +lat_0=35 +lon_0=-98 +lat_1=36.7666666666667 +lat_2=35.5666666666667 +x_0=600000 +y_0=0 +ellps=GRS80 +units=us-ft +no_defs +type=crs
EPSG,2912,NAD83(HARN) / Oklahoma South (ftUS),+proj=lcc +lat_0=33.3333333333333 +lon_0=-98 +lat_1=35.2333333333333 +lat_2=33.9333333333333 +x_0=600000 +y_0=0 +ellps=GRS80 +units=us-ft +no_defs +type=crs
EPSG,2913,NAD83(HARN) / Oregon North (ft),+proj=lcc +lat_0=43.6666666666667 +lon_0=-120.5 +lat_1=46 +lat_2=44.3333333333333 +x_0=2500000.0001424 +y_0=0 +ellps=GRS80 +units=ft +no_defs +type=crs
EPSG,2914,NAD83(HARN) / Oregon South (ft),+proj=lcc +lat_0=41.6666666666667 +lon_0=-120.5 +lat_1=44 +lat_2=42.3333333333333 +x_0=1500000.0001464 +y_0=0 +ellps=GRS80 +units=ft +no_defs +type=crs
EPSG,2915,NAD83(HARN) / Tennessee (ftUS),+proj=lcc +lat_0=34.3333333333333 +lon_0=-86 +lat_1=36.4166666666667 +lat_2=35.25 +x_0=600000 +y_0=0 +ellps=GRS80 +units=us-ft +no_defs +type=crs
EPSG,2916,NAD83(HARN) / Texas North (ftUS),+proj=lcc +lat_0=34 +lon_0=-101.5 +lat_1=36.1833333333333 +lat_2=34.65 +x_0=200000.0001016 +y_0=999999.9998984 +ellps=GRS80 +units=us-ft +no_defs +type=crs
EPSG,2917,NAD83(HARN) / Texas North Central (ftUS),+proj=lcc +lat_0=31.6666666666667 +lon_0=-98.5 +lat_1=33.9666666666667 +lat_2=32.1333333333333 +x_0=600000 +y_0=2000000.0001016 +ellps=GRS80 +units=us-ft +no_defs +type=crs
EPSG,2918,NAD83(HARN) / Texas Central (ftUS),+proj=lcc +lat_0=29.6666666666667 +lon_0=-100.333333333333 +lat_1=31.8833333333333 +lat_2=30.1166666666667 +x_0=699999.9998984 +y_0=3000000 +ellps=GRS80 +units=us-ft +no_defs +type=crs
EPSG,2919,NAD83(HARN) / Texas South Central (ftUS),+proj=lcc +lat_0=27.8333333333333 +lon_0=-99 +lat_1=30.2833333333333 +lat_2=28.3833333333333 +x_0=600000 +y_0=3999999.9998984 +ellps=GRS80 +units=us-ft +no_defs +type=crs
EPSG,2920,NAD83(HARN) / Texas South (ftUS),+proj=lcc +lat_0=25.6666666666667 +lon_0=-98.5 +lat_1=27.8333333333333 +lat_2=26.1666666666667 +x_0=300000 +y_0=5000000.0001016 +ellps=GRS80 +units=us-ft +no_defs +type=crs
EPSG,2921,NAD83(HARN) / Utah North (ft),+proj=lcc +lat_0=40.3333333333333 +lon_0=-111.5 +lat_1=41.7833333333333 +lat_2=40.7166666666667 +x_0=500000.0001504 +y_0=999999.999996 +ellps=GRS80 +units=ft +no_defs +type=crs
EPSG,2922,NAD83(HARN) / Utah Central (ft),+proj=lcc +lat_0=38.3333333333333 +lon_0=-111.5 +lat_1=40.65 +lat_2=39.0166666666667 +x_0=500000.0001504 +y_0=1999999.999992 +ellps=GRS80 +units=ft +no_defs +type=crs
EPSG,2923,NAD83(HARN) / Utah South (ft),+proj=lcc +lat_0=36.6666666666667 +lon_0=-111.5 +lat_1=38.35 +lat_2=37.2166666666667 +x_0=500000.0001504 +y_0=2999999.999988 +ellps=GRS80 +units=ft +no_defs +type=crs
EPSG,2924,NAD83(HARN) / Virginia North (ftUS),+proj=lcc +lat_0=37.6666666666667 +lon_0=-78.5 +lat_1=39.2 +lat_2=38.0333333333333 +x_0=3500000.0001016 +y_0=2000000.0001016 +ellps=GRS80 +units=us-ft +no_defs +type=crs
EPSG,2925,NAD83(HARN) / Virginia South (ftUS),+proj=lcc +lat_0=36.3333333333333 +lon_0=-78.5 +lat_1=37.9666666666667 +lat_2=36.7666666666667 +x_0=3500000.0001016 +y_0=999999.9998984 +ellps=GRS80 +units=us-ft +no_defs +type=crs
EPSG,2926,NAD83(HARN) / Washington North (ftUS),+proj=lcc +lat_0=47 +lon_0=-120.833333333333 +lat_1=48.7333333333333 +lat_2=47.5 +x_0=500000.0001016 +y_0=0 +ellps=GRS80 +units=us-ft +no_defs +type=crs
EPSG,2927,NAD83(HARN) / Washington South (ftUS),+proj=lcc +lat_0=45.3333333333333 +lon_0=-120.5 +lat_1=47.3333333333333 +lat_2=45.8333333333333 +x_0=500000.0001016 +y_0=0 +ellps=GRS80 +units=us-ft +no_defs +type=crs
EPSG,2928,NAD83(HARN) / Wisconsin North (ftUS),+proj=lcc +lat_0=45.1666666666667 +lon_0=-90 +lat_1=46.7666666666667 +lat_2=45.5666666666667 +x_0=600000 +y_0=0 +ellps=GRS80 +units=us-ft +no_defs +type=crs
EPSG,2929,NAD83(HARN) / Wisconsin Central (ftUS),+proj=lcc +lat_0=43.8333333333333 +lon_0=-90 +lat_1=45.5 +lat_2=44.25 +x_0=600000 +y_0=0 +ellps=GRS80 +units=us-ft +no_defs +type=crs
EPSG,2930,NAD83(HARN) / Wisconsin South (ftUS),+proj=lcc +lat_0=42 +lon_0=-90 +lat_1=44.0666666666667 +lat_2=42.7333333333333 +x_0=600000 +y_0=0 +ellps=GRS80 +units=us-ft +no_defs +type=crs
EPSG,2931,Beduaram / TM 13 NE,+proj=tmerc +lat_0=0 +lon_0=13 +k=0.9996 +x_0=500000 +y_0=0 +ellps=clrk80ign +units=m +no_defs +type=crs
EPSG,2932,QND95 / Qatar National Grid,+proj=tmerc +lat_0=24.45 +lon_0=51.2166666666667 +k=0.99999 +x_0=200000 +y_0=300000 +ellps=intl +units=m +no_defs +type=crs
EPSG,2933,Segara / UTM zone 50S,+proj=utm +zone=50 +south +ellps=bessel +units=m +no_defs +type=crs
EPSG,2935,Pulkovo 1942 / CS63 zone A1,+proj=tmerc +lat_0=0.116666666666667 +lon_0=41.5333333333333 +k=1 +x_0=1300000 +y_0=0 +ellps=krass +units=m +no_defs +type=crs
EPSG,2936,Pulkovo 1942 / CS63 zone A2,+proj=tmerc +lat_0=0.116666666666667 +lon_0=44.5333333333333 +k=1 +x_0=2300000 +y_0=0 +ellps=krass +units=m +no_defs +type=crs
EPSG,2937,Pulkovo 1942 / CS63 zone A3,+proj=tmerc +lat_0=0.116666666666667 +lon_0=47.5333333333333 +k=1 +x_0=3300000 +y_0=0 +ellps=krass +units=m +no_defs +type=crs
EPSG,2938,Pulkovo 1942 / CS63 zone A4,+proj=tmerc +lat_0=0.116666666666667 +lon_0=50.5333333333333 +k=1 +x_0=4300000 +y_0=0 +ellps=krass +units=m +no_defs +type=crs
EPSG,2939,Pulkovo 1942 / CS63 zone K2,+proj=tmerc +lat_0=0.133333333333333 +lon_0=50.7666666666667 +k=1 +x_0=2300000 +y_0=0 +ellps=krass +units=m +no_defs +type=crs
EPSG,2940,Pulkovo 1942 / CS63 zone K3,+proj=tmerc +lat_0=0.133333333333333 +lon_0=53.7666666666667 +k=1 +x_0=3300000 +y_0=0 +ellps=krass +units=m +no_defs +type=crs
EPSG,2941,Pulkovo 1942 / CS63 zone K4,+proj=tmerc +lat_0=0.133333333333333 +lon_0=56.7666666666667 +k=1 +x_0=4300000 +y_0=0 +ellps=krass +units=m +no_defs +type=crs
EPSG,2942,Porto Santo / UTM zone 28N,+proj=utm +zone=28 +ellps=intl +units=m +no_defs +type=crs
EPSG,2943,Selvagem Grande / UTM zone 28N,+proj=utm +zone=28 +ellps=intl +units=m +no_defs +type=crs
EPSG,2945,NAD83(CSRS) / MTM zone 3,+proj=tmerc +lat_0=0 +lon_0=-58.5 +k=0.9999 +x_0=304800 +y_0=0 +ellps=GRS80 +units=m +no_defs +type=crs
EPSG,2946,NAD83(CSRS) / MTM zone 4,+proj=tmerc +lat_0=0 +lon_0=-61.5 +k=0.9999 +x_0=304800 +y_0=0 +ellps=GRS80 +units=m +no_defs +type=crs
EPSG,2947,NAD83(CSRS) / MTM zone 5,+proj=tmerc +lat_0=0 +lon_0=-64.5 +k=0.9999 +x_0=304800 +y_0=0 +ellps=GRS80 +units=m +no_defs +type=crs
EPSG,2948,NAD83(CSRS) / MTM zone 6,+proj=tmerc +lat_0=0 +lon_0=-67.5 +k=0.9999 +x_0=304800 +y_0=0 +ellps=GRS80 +units=m +no_defs +type=crs
EPSG,2949,NAD83(CSRS) / MTM zone 7,+proj=tmerc +lat_0=0 +lon_0=-70.5 +k=0.9999 +x_0=304800 +y_0=0 +ellps=GRS80 +units=m +no_defs +type=crs
EPSG,2950,NAD83(CSRS) / MTM zone 8,+proj=tmerc +lat_0=0 +lon_0=-73.5 +k=0.9999 +x_0=304800 +y_0=0 +ellps=GRS80 +units=m +no_defs +type=crs
EPSG,2951,NAD83(CSRS) / MTM zone 9,+proj=tmerc +lat_0=0 +lon_0=-76.5 +k=0.9999 +x_0=304800 +y_0=0 +ellps=GRS80 +units=m +no_defs +type=crs
EPSG,2952,NAD83(CSRS) / MTM zone 10,+proj=tmerc +lat_0=0 +lon_0=-79.5 +k=0.9999 +x_0=304800 +y_0=0 +ellps=GRS80 +units=m +no_defs +type=crs
EPSG,2953,NAD83(CSRS) / New Brunswick Stereographic,+proj=sterea +lat_0=46.5 +lon_0=-66.5 +k=0.999912 +x_0=2500000 +y_0=7500000 +ellps=GRS80 +units=m +no_defs +type=crs
EPSG,2954,NAD83(CSRS) / Prince Edward Isl. Stereographic (NAD83),+proj=sterea +lat_0=47.25 +lon_0=-63 +k=0.999912 +x_0=400000 +y_0=800000 +ellps=GRS80 +units=m +no_defs +type=crs
EPSG,2955,NAD83(CSRS) / UTM zone 11N,+proj=utm +zone=11 +ellps=GRS80 +units=m +no_defs +type=crs
EPSG,2956,NAD83(CSRS) / UTM zone 12N,+proj=utm +zone=12 +ellps=GRS80 +units=m +no_defs +type=crs
EPSG,2957,NAD83(CSRS) / UTM zone 13N,+proj=utm +zone=13 +ellps=GRS80 +units=m +no_defs +type=crs
EPSG,2958,NAD83(CSRS) / UTM zone 17N,+proj=utm +zone=17 +ellps=GRS80 +units=m +no_defs +type=crs
EPSG,2959,NAD83(CSRS) / UTM zone 18N,+proj=utm +zone=18 +ellps=GRS80 +units=m +no_defs +type=crs
EPSG,2960,NAD83(CSRS) / UTM zone 19N,+proj=utm +zone=19 +ellps=GRS80 +units=m +no_defs +type=crs
EPSG,2961,NAD83(CSRS) / UTM zone 20N,+proj=utm +zone=20 +ellps=GRS80 +units=m +no_defs +type=crs
EPSG,2962,NAD83(CSRS) / UTM zone 21N,+proj=utm +zone=21 +ellps=GRS80 +units=m +no_defs +type=crs
EPSG,2964,NAD27 / Alaska Albers,+proj=aea +lat_0=50 +lon_0=-154 +lat_1=55 +lat_2=65 +x_0=0 +y_0=0 +datum=NAD27 +units=us-ft +no_defs +type=crs
EPSG,2965,NAD83 / Indiana East (ftUS),+proj=tmerc +lat_0=37.5 +lon_0=-85.6666666666667 +k=0.999966667 +x_0=99999.9998983998 +y_0=249999.9998984 +datum=NAD83 +units=us-ft +no_defs +type=crs
EPSG,2966,NAD83 / Indiana West (ftUS),+proj=tmerc +lat_0=37.5 +lon_0=-87.0833333333333 +k=0.999966667 +x_0=900000 +y_0=249999.9998984 +datum=NAD83 +units=us-ft +no_defs +type=crs
EPSG,2967,NAD83(HARN) / Indiana East (ftUS),+proj=tmerc +lat_0=37.5 +lon_0=-85.6666666666667 +k=0.999966667 +x_0=99999.9998983998 +y_0=249999.9998984 +ellps=GRS80 +units=us-ft +no_defs +type=crs
EPSG,2968,NAD83(HARN) / Indiana West (ftUS),+proj=tmerc +lat_0=37.5 +lon_0=-87.0833333333333 +k=0.999966667 +x_0=900000 +y_0=249999.9998984 +ellps=GRS80 +units=us-ft +no_defs +type=crs
EPSG,2969,Fort Marigot / UTM zone 20N,+proj=utm +zone=20 +ellps=intl +units=m +no_defs +type=crs
EPSG,2970,Guadeloupe 1948 / UTM zone 20N,+proj=utm +zone=20 +ellps=intl +units=m +no_defs +type=crs
EPSG,2971,CSG67 / UTM zone 22N,+proj=utm +zone=22 +ellps=intl +units=m +no_defs +type=crs
EPSG,2972,RGFG95 / UTM zone 22N,+proj=utm +zone=22 +ellps=GRS80 +units=m +no_defs +type=crs
EPSG,2973,Martinique 1938 / UTM zone 20N,+proj=utm +zone=20 +ellps=intl +units=m +no_defs +type=crs
EPSG,2975,RGR92 / UTM zone 40S,+proj=utm +zone=40 +south +ellps=GRS80 +units=m +no_defs +type=crs
EPSG,2976,Tahiti 52 / UTM zone 6S,+proj=utm +zone=6 +south +ellps=intl +units=m +no_defs +type=crs
EPSG,2977,Tahaa 54 / UTM zone 5S,+proj=utm +zone=5 +south +ellps=intl +units=m +no_defs +type=crs
EPSG,2978,IGN72 Nuku Hiva / UTM zone 7S,+proj=utm +zone=7 +south +ellps=intl +units=m +no_defs +type=crs
EPSG,2980,Combani 1950 / UTM zone 38S,+proj=utm +zone=38 +south +ellps=intl +units=m +no_defs +type=crs
EPSG,2981,IGN56 Lifou / UTM zone 58S,+proj=utm +zone=58 +south +ellps=intl +units=m +no_defs +type=crs
EPSG,2987,Saint Pierre et Miquelon 1950 / UTM zone 21N,+proj=utm +zone=21 +ellps=clrk66 +units=m +no_defs +type=crs
EPSG,2988,MOP78 / UTM zone 1S,+proj=utm +zone=1 +south +ellps=intl +units=m +no_defs +type=crs
EPSG,2991,NAD83 / Oregon LCC (m),+proj=lcc +lat_0=41.75 +lon_0=-120.5 +lat_1=43 +lat_2=45.5 +x_0=400000 +y_0=0 +datum=NAD83 +units=m +no_defs +type=crs
EPSG,2992,NAD83 / Oregon GIC Lambert (ft),+proj=lcc +lat_0=41.75 +lon_0=-120.5 +lat_1=43 +lat_2=45.5 +x_0=399999.9999984 +y_0=0 +datum=NAD83 +units=ft +no_defs +type=crs
EPSG,2993,NAD83(HARN) / Oregon LCC (m),+proj=lcc +lat_0=41.75 +lon_0=-120.5 +lat_1=43 +lat_2=45.5 +x_0=400000 +y_0=0 +ellps=GRS80 +units=m +no_defs +type=crs
EPSG,2994,NAD83(HARN) / Oregon GIC Lambert (ft),+proj=lcc +lat_0=41.75 +lon_0=-120.5 +lat_1=43 +lat_2=45.5 +x_0=399999.9999984 +y_0=0 +ellps=GRS80 +units=ft +no_defs +type=crs
EPSG,2995,IGN53 Mare / UTM zone 58S,+proj=utm +zone=58 +south +ellps=intl +units=m +no_defs +type=crs
EPSG,2996,ST84 Ile des Pins / UTM zone 58S,+proj=utm +zone=58 +south +ellps=intl +units=m +no_defs +type=crs
EPSG,2997,ST71 Belep / UTM zone 58S,+proj=utm +zone=58 +south +ellps=intl +units=m +no_defs +type=crs
EPSG,2998,NEA74 Noumea / UTM zone 58S,+proj=utm +zone=58 +south +ellps=intl +units=m +no_defs +type=crs
EPSG,2999,Grand Comoros / UTM zone 38S,+proj=utm +zone=38 +south +ellps=intl +units=m +no_defs +type=crs
EPSG,3000,Segara / NEIEZ,+proj=merc +lon_0=110 +k=0.997 +x_0=3900000 +y_0=900000 +ellps=bessel +units=m +no_defs +type=crs
EPSG,3001,Batavia / NEIEZ,+proj=merc +lon_0=110 +k=0.997 +x_0=3900000 +y_0=900000 +ellps=bessel +units=m +no_defs +type=crs
EPSG,3002,Makassar / NEIEZ,+proj=merc +lon_0=110 +k=0.997 +x_0=3900000 +y_0=900000 +ellps=bessel +units=m +no_defs +type=crs
EPSG,3003,Monte Mario / Italy zone 1,+proj=tmerc +lat_0=0 +lon_0=9 +k=0.9996 +x_0=1500000 +y_0=0 +ellps=intl +units=m +no_defs +type=crs
EPSG,3004,Monte Mario / Italy zone 2,+proj=tmerc +lat_0=0 +lon_0=15 +k=0.9996 +x_0=2520000 +y_0=0 +ellps=intl +units=m +no_defs +type=crs
EPSG,3005,NAD83 / BC Albers,+proj=aea +lat_0=45 +lon_0=-126 +lat_1=50 +lat_2=58.5 +x_0=1000000 +y_0=0 +datum=NAD83 +units=m +no_defs +type=crs
EPSG,3006,SWEREF99 TM,+proj=utm +zone=33 +ellps=GRS80 +units=m +no_defs +type=crs
EPSG,3007,SWEREF99 12 00,+proj=tmerc +lat_0=0 +lon_0=12 +k=1 +x_0=150000 +y_0=0 +ellps=GRS80 +units=m +no_defs +type=crs
EPSG,3008,SWEREF99 13 30,+proj=tmerc +lat_0=0 +lon_0=13.5 +k=1 +x_0=150000 +y_0=0 +ellps=GRS80 +units=m +no_defs +type=crs
EPSG,3009,SWEREF99 15 00,+proj=tmerc +lat_0=0 +lon_0=15 +k=1 +x_0=150000 +y_0=0 +ellps=GRS80 +units=m +no_defs +type=crs
EPSG,3010,SWEREF99 16 30,+proj=tmerc +lat_0=0 +lon_0=16.5 +k=1 +x_0=150000 +y_0=0 +ellps=GRS80 +units=m +no_defs +type=crs
EPSG,3011,SWEREF99 18 00,+proj=tmerc +lat_0=0 +lon_0=18 +k=1 +x_0=150000 +y_0=0 +ellps=GRS80 +units=m +no_defs +type=crs
EPSG,3012,SWEREF99 14 15,+proj=tmerc +lat_0=0 +lon_0=14.25 +k=1 +x_0=150000 +y_0=0 +ellps=GRS80 +units=m +no_defs +type=crs
EPSG,3013,SWEREF99 15 45,+proj=tmerc +lat_0=0 +lon_0=15.75 +k=1 +x_0=150000 +y_0=0 +ellps=GRS80 +units=m +no_defs +type=crs
EPSG,3014,SWEREF99 17 15,+proj=tmerc +lat_0=0 +lon_0=17.25 +k=1 +x_0=150000 +y_0=0 +ellps=GRS80 +units=m +no_defs +type=crs
EPSG,3015,SWEREF99 18 45,+proj=tmerc +lat_0=0 +lon_0=18.75 +k=1 +x_0=150000 +y_0=0 +ellps=GRS80 +units=m +no_defs +type=crs
EPSG,3016,SWEREF99 20 15,+proj=tmerc +lat_0=0 +lon_0=20.25 +k=1 +x_0=150000 +y_0=0 +ellps=GRS80 +units=m +no_defs +type=crs
EPSG,3017,SWEREF99 21 45,+proj=tmerc +lat_0=0 +lon_0=21.75 +k=1 +x_0=150000 +y_0=0 +ellps=GRS80 +units=m +no_defs +type=crs
EPSG,3018,SWEREF99 23 15,+proj=tmerc +lat_0=0 +lon_0=23.25 +k=1 +x_0=150000 +y_0=0 +ellps=GRS80 +units=m +no_defs +type=crs
EPSG,3019,RT90 7.5 gon V,+proj=tmerc +lat_0=0 +lon_0=11.3082777777778 +k=1 +x_0=1500000 +y_0=0 +ellps=bessel +units=m +no_defs +type=crs
EPSG,3020,RT90 5 gon V,+proj=tmerc +lat_0=0 +lon_0=13.5582777777778 +k=1 +x_0=1500000 +y_0=0 +ellps=bessel +units=m +no_defs +type=crs
EPSG,3021,RT90 2.5 gon V,+proj=tmerc +lat_0=0 +lon_0=15.8082777777778 +k=1 +x_0=1500000 +y_0=0 +ellps=bessel +units=m +no_defs +type=crs
EPSG,3022,RT90 0 gon,+proj=tmerc +lat_0=0 +lon_0=18.0582777777778 +k=1 +x_0=1500000 +y_0=0 +ellps=bessel +units=m +no_defs +type=crs
EPSG,3023,RT90 2.5 gon O,+proj=tmerc +lat_0=0 +lon_0=20.3082777777778 +k=1 +x_0=1500000 +y_0=0 +ellps=bessel +units=m +no_defs +type=crs
EPSG,3024,RT90 5 gon O,+proj=tmerc +lat_0=0 +lon_0=22.5582777777778 +k=1 +x_0=1500000 +y_0=0 +ellps=bessel +units=m +no_defs +type=crs
EPSG,3025,RT38 7.5 gon V,+proj=tmerc +lat_0=0 +lon_0=11.3082777777778 +k=1 +x_0=1500000 +y_0=0 +ellps=bessel +units=m +no_defs +type=crs
EPSG,3026,RT38 5 gon V,+proj=tmerc +lat_0=0 +lon_0=13.5582777777778 +k=1 +x_0=1500000 +y_0=0 +ellps=bessel +units=m +no_defs +type=crs
EPSG,3027,RT38 2.5 gon V,+proj=tmerc +lat_0=0 +lon_0=15.8082777777778 +k=1 +x_0=1500000 +y_0=0 +ellps=bessel +units=m +no_defs +type=crs
EPSG,3028,RT38 0 gon,+proj=tmerc +lat_0=0 +lon_0=18.0582777777778 +k=1 +x_0=1500000 +y_0=0 +ellps=bessel +units=m +no_defs +type=crs
EPSG,3029,RT38 2.5 gon O,+proj=tmerc +lat_0=0 +lon_0=20.3082777777778 +k=1 +x_0=1500000 +y_0=0 +ellps=bessel +units=m +no_defs +type=crs
EPSG,3030,RT38 5 gon O,+proj=tmerc +lat_0=0 +lon_0=22.5582777777778 +k=1 +x_0=1500000 +y_0=0 +ellps=bessel +units=m +no_defs +type=crs
EPSG,3031,WGS 84 / Antarctic Polar Stereographic,+proj=stere +lat_0=-90 +lat_ts=-71 +lon_0=0 +x_0=0 +y_0=0 +datum=WGS84 +units=m +no_defs +type=crs
EPSG,3032,WGS 84 / Australian Antarctic Polar Stereographic,+proj=stere +lat_0=-90 +lat_ts=-71 +lon_0=70 +x_0=6000000 +y_0=6000000 +datum=WGS84 +units=m +no_defs +type=crs
EPSG,3033,WGS 84 / Australian Antarctic Lambert,+proj=lcc +lat_0=-50 +lon_0=70 +lat_1=-68.5 +lat_2=-74.5 +x_0=6000000 +y_0=6000000 +datum=WGS84 +units=m +no_defs +type=crs
EPSG,3034,ETRS89-extended / LCC Europe,+proj=lcc +lat_0=52 +lon_0=10 +lat_1=35 +lat_2=65 +x_0=4000000 +y_0=2800000 +ellps=GRS80 +units=m +no_defs +type=crs
EPSG,3035,ETRS89-extended / LAEA Europe,+proj=laea +lat_0=52 +lon_0=10 +x_0=4321000 +y_0=3210000 +ellps=GRS80 +units=m +no_defs +type=crs
EPSG,3036,Moznet / UTM zone 36S,+proj=utm +zone=36 +south +ellps=WGS84 +units=m +no_defs +type=crs
EPSG,3037,Moznet / UTM zone 37S,+proj=utm +zone=37 +south +ellps=WGS84 +units=m +no_defs +type=crs
EPSG,3040,ETRS89 / UTM zone 28N (N-E),+proj=utm +zone=28 +ellps=GRS80 +units=m +no_defs +type=crs
EPSG,3041,ETRS89 / UTM zone 29N (N-E),+proj=utm +zone=29 +ellps=GRS80 +units=m +no_defs +type=crs
EPSG,3042,ETRS89 / UTM zone 30N (N-E),+proj=utm +zone=30 +ellps=GRS80 +units=m +no_defs +type=crs
EPSG,3043,ETRS89 / UTM zone 31N (N-E),+proj=utm +zone=31 +ellps=GRS80 +units=m +no_defs +type=crs
EPSG,3044,ETRS89 / UTM zone 32N (N-E),+proj=utm +zone=32 +ellps=GRS80 +units=m +no_defs +type=crs
EPSG,3045,ETRS89 / UTM zone 33N (N-E),+proj=utm +zone=33 +ellps=GRS80 +units=m +no_defs +type=crs
EPSG,3046,ETRS89 / UTM zone 34N (N-E),+proj=utm +zone=34 +ellps=GRS80 +units=m +no_defs +type=crs
EPSG,3047,ETRS89 / UTM zone 35N (N-E),+proj=utm +zone=35 +ellps=GRS80 +units=m +no_defs +type=crs
EPSG,3048,ETRS89 / UTM zone 36N (N-E),+proj=utm +zone=36 +ellps=GRS80 +units=m +no_defs +type=crs
EPSG,3049,ETRS89 / UTM zone 37N (N-E),+proj=utm +zone=37 +ellps=GRS80 +units=m +no_defs +type=crs
EPSG,3054,Hjorsey 1955 / UTM zone 26N,+proj=utm +zone=26 +ellps=intl +units=m +no_defs +type=crs
EPSG,3055,Hjorsey 1955 / UTM zone 27N,+proj=utm +zone=27 +ellps=intl +units=m +no_defs +type=crs
EPSG,3056,Hjorsey 1955 / UTM zone 28N,+proj=utm +zone=28 +ellps=intl +units=m +no_defs +type=crs
EPSG,3057,ISN93 / Lambert 1993,+proj=lcc +lat_0=65 +lon_0=-19 +lat_1=64.25 +lat_2=65.75 +x_0=500000 +y_0=500000 +ellps=GRS80 +units=m +no_defs +type=crs
EPSG,3058,Helle 1954 / Jan Mayen Grid,+proj=tmerc +lat_0=0 +lon_0=-8.5 +k=1 +x_0=50000 +y_0=-7800000 +ellps=intl +units=m +no_defs +type=crs
EPSG,3059,LKS-92 / Latvia TM,+proj=tmerc +lat_0=0 +lon_0=24 +k=0.9996 +x_0=500000 +y_0=-6000000 +ellps=GRS80 +units=m +no_defs +type=crs
EPSG,3060,IGN72 Grande Terre / UTM zone 58S,+proj=utm +zone=58 +south +ellps=intl +units=m +no_defs +type=crs
EPSG,3061,Porto Santo 1995 / UTM zone 28N,+proj=utm +zone=28 +ellps=intl +units=m +no_defs +type=crs
EPSG,3062,Azores Oriental 1995 / UTM zone 26N,+proj=utm +zone=26 +ellps=intl +units=m +no_defs +type=crs
EPSG,3063,Azores Central 1995 / UTM zone 26N,+proj=utm +zone=26 +ellps=intl +units=m +no_defs +type=crs
EPSG,3064,IGM95 / UTM zone 32N,+proj=utm +zone=32 +ellps=GRS80 +units=m +no_defs +type=crs
EPSG,3065,IGM95 / UTM zone 33N,+proj=utm +zone=33 +ellps=GRS80 +units=m +no_defs +type=crs
EPSG,3066,ED50 / Jordan TM,+proj=tmerc +lat_0=0 +lon_0=37 +k=0.9998 +x_0=500000 +y_0=-3000000 +ellps=intl +units=m +no_defs +type=crs
EPSG,3067,"ETRS89 / TM35FIN(E,N)",+proj=utm +zone=35 +ellps=GRS80 +units=m +no_defs +type=crs
EPSG,3068,DHDN / Soldner Berlin,+proj=cass +lat_0=52.4186482777778 +lon_0=13.6272036666667 +x_0=40000 +y_0=10000 +ellps=bessel +units=m +no_defs +type=crs
EPSG,3069,NAD27 / Wisconsin Transverse Mercator,+proj=tmerc +lat_0=0 +lon_0=-90 +k=0.9996 +x_0=500000 +y_0=-4500000 +datum=NAD27 +units=m +no_defs +type=crs
EPSG,3070,NAD83 / Wisconsin Transverse Mercator,+proj=tmerc +lat_0=0 +lon_0=-90 +k=0.9996 +x_0=520000 +y_0=-4480000 +datum=NAD83 +units=m +no_defs +type=crs
EPSG,3071,NAD83(HARN) / Wisconsin Transverse Mercator,+proj=tmerc +lat_0=0 +lon_0=-90 +k=0.9996 +x_0=520000 +y_0=-4480000 +ellps=GRS80 +units=m +no_defs +type=crs
EPSG,3072,NAD83 / Maine CS2000 East,+proj=tmerc +lat_0=43.8333333333333 +lon_0=-67.875 +k=0.99998 +x_0=700000 +y_0=0 +datum=NAD83 +units=m +no_defs +type=crs
EPSG,3074,NAD83 / Maine CS2000 West,+proj=tmerc +lat_0=42.8333333333333 +lon_0=-70.375 +k=0.99998 +x_0=300000 +y_0=0 +datum=NAD83 +units=m +no_defs +type=crs
EPSG,3075,NAD83(HARN) / Maine CS2000 East,+proj=tmerc +lat_0=43.8333333333333 +lon_0=-67.875 +k=0.99998 +x_0=700000 +y_0=0 +ellps=GRS80 +units=m +no_defs +type=crs
EPSG,3077,NAD83(HARN) / Maine CS2000 West,+proj=tmerc +lat_0=42.8333333333333 +lon_0=-70.375 +k=0.99998 +x_0=300000 +y_0=0 +ellps=GRS80 +units=m +no_defs +type=crs
EPSG,3078,NAD83 / Michigan Oblique Mercator,+proj=omerc +no_uoff +lat_0=45.3091666666667 +lonc=-86 +alpha=337.25556 +gamma=337.25556 +k=0.9996 +x_0=2546731.496 +y_0=-4354009.816 +datum=NAD83 +units=m +no_defs +type=crs
EPSG,3079,NAD83(HARN) / Michigan Oblique Mercator,+proj=omerc +no_uoff +lat_0=45.3091666666667 +lonc=-86 +alpha=337.25556 +gamma=337.25556 +k=0.9996 +x_0=2546731.496 +y_0=-4354009.816 +ellps=GRS80 +units=m +no_defs +type=crs
EPSG,3080,NAD27 / Shackleford,+proj=lcc +lat_0=31.1666666666667 +lon_0=-100 +lat_1=27.4166666666667 +lat_2=34.9166666666667 +x_0=914400 +y_0=914400 +datum=NAD27 +units=ft +no_defs +type=crs
EPSG,3081,NAD83 / Texas State Mapping System,+proj=lcc +lat_0=31.1666666666667 +lon_0=-100 +lat_1=27.4166666666667 +lat_2=34.9166666666667 +x_0=1000000 +y_0=1000000 +datum=NAD83 +units=m +no_defs +type=crs
EPSG,3082,NAD83 / Texas Centric Lambert Conformal,+proj=lcc +lat_0=18 +lon_0=-100 +lat_1=27.5 +lat_2=35 +x_0=1500000 +y_0=5000000 +datum=NAD83 +units=m +no_defs +type=crs
EPSG,3083,NAD83 / Texas Centric Albers Equal Area,+proj=aea +lat_0=18 +lon_0=-100 +lat_1=27.5 +lat_2=35 +x_0=1500000 +y_0=6000000 +datum=NAD83 +units=m +no_defs +type=crs
EPSG,3084,NAD83(HARN) / Texas Centric Lambert Conformal,+proj=lcc +lat_0=18 +lon_0=-100 +lat_1=27.5 +lat_2=35 +x_0=1500000 +y_0=5000000 +ellps=GRS80 +units=m +no_defs +type=crs
EPSG,3085,NAD83(HARN) / Texas Centric Albers Equal Area,+proj=aea +lat_0=18 +lon_0=-100 +lat_1=27.5 +lat_2=35 +x_0=1500000 +y_0=6000000 +ellps=GRS80 +units=m +no_defs +type=crs
EPSG,3086,NAD83 / Florida GDL Albers,+proj=aea +lat_0=24 +lon_0=-84 +lat_1=24 +lat_2=31.5 +x_0=400000 +y_0=0 +datum=NAD83 +units=m +no_defs +type=crs
EPSG,3087,NAD83(HARN) / Florida GDL Albers,+proj=aea +lat_0=24 +lon_0=-84 +lat_1=24 +lat_2=31.5 +x_0=400000 +y_0=0 +ellps=GRS80 +units=m +no_defs +type=crs
EPSG,3088,NAD83 / Kentucky Single Zone,+proj=lcc +lat_0=36.3333333333333 +lon_0=-85.75 +lat_1=37.0833333333333 +lat_2=38.6666666666667 +x_0=1500000 +y_0=1000000 +datum=NAD83 +units=m +no_defs +type=crs
EPSG,3089,NAD83 / Kentucky Single Zone (ftUS),+proj=lcc +lat_0=36.3333333333333 +lon_0=-85.75 +lat_1=37.0833333333333 +lat_2=38.6666666666667 +x_0=1500000 +y_0=999999.9998984 +datum=NAD83 +units=us-ft +no_defs +type=crs
EPSG,3090,NAD83(HARN) / Kentucky Single Zone,+proj=lcc +lat_0=36.3333333333333 +lon_0=-85.75 +lat_1=37.0833333333333 +lat_2=38.6666666666667 +x_0=1500000 +y_0=1000000 +ellps=GRS80 +units=m +no_defs +type=crs
EPSG,3091,NAD83(HARN) / Kentucky Single Zone (ftUS),+proj=lcc +lat_0=36.3333333333333 +lon_0=-85.75 +lat_1=37.0833333333333 +lat_2=38.6666666666667 +x_0=1500000 +y_0=999999.9998984 +ellps=GRS80 +units=us-ft +no_defs +type=crs
EPSG,3092,Tokyo / UTM zone 51N,+proj=utm +zone=51 +ellps=bessel +units=m +no_defs +type=crs
EPSG,3093,Tokyo / UTM zone 52N,+proj=utm +zone=52 +ellps=bessel +units=m +no_defs +type=crs
EPSG,3094,Tokyo / UTM zone 53N,+proj=utm +zone=53 +ellps=bessel +units=m +no_defs +type=crs
EPSG,3095,Tokyo / UTM zone 54N,+proj=utm +zone=54 +ellps=bessel +units=m +no_defs +type=crs
EPSG,3096,Tokyo / UTM zone 55N,+proj=utm +zone=55 +ellps=bessel +units=m +no_defs +type=crs
EPSG,3097,JGD2000 / UTM zone 51N,+proj=utm +zone=51 +ellps=GRS80 +units=m +no_defs +type=crs
EPSG,3098,JGD2000 / UTM zone 52N,+proj=utm +zone=52 +ellps=GRS80 +units=m +no_defs +type=crs
EPSG,3099,JGD2000 / UTM zone 53N,+proj=utm +zone=53 +ellps=GRS80 +units=m +no_defs +type=crs
EPSG,3100,JGD2000 / UTM zone 54N,+proj=utm +zone=54 +ellps=GRS80 +units=m +no_defs +type=crs
EPSG,3101,JGD2000 / UTM zone 55N,+proj=utm +zone=55 +ellps=GRS80 +units=m +no_defs +type=crs
EPSG,3102,American Samoa 1962 / American Samoa Lambert,+proj=lcc +lat_1=-14.2666666666667 +lat_0=-14.2666666666667 +lon_0=-170 +k_0=1 +x_0=152400.30480061 +y_0=95169.3116586233 +ellps=clrk66 +units=us-ft +no_defs +type=crs
EPSG,3106,Gulshan 303 / TM 90 NE,+proj=tmerc +lat_0=0 +lon_0=90 +k=0.9996 +x_0=500000 +y_0=0 +ellps=evrst30 +units=m +no_defs +type=crs
EPSG,3107,GDA94 / SA Lambert,+proj=lcc +lat_0=-32 +lon_0=135 +lat_1=-28 +lat_2=-36 +x_0=1000000 +y_0=2000000 +ellps=GRS80 +units=m +no_defs +type=crs
EPSG,3108,ETRS89 / Guernsey Grid,+proj=tmerc +lat_0=49.5 +lon_0=-2.41666666666667 +k=0.999997 +x_0=47000 +y_0=50000 +ellps=GRS80 +units=m +no_defs +type=crs
EPSG,3109,ETRS89 / Jersey Transverse Mercator,+proj=tmerc +lat_0=49.225 +lon_0=-2.135 +k=0.9999999 +x_0=40000 +y_0=70000 +ellps=GRS80 +units=m +no_defs +type=crs
EPSG,3110,AGD66 / Vicgrid66,+proj=lcc +lat_0=-37 +lon_0=145 +lat_1=-36 +lat_2=-38 +x_0=2500000 +y_0=4500000 +ellps=aust_SA +units=m +no_defs +type=crs
EPSG,3111,GDA94 / Vicgrid,+proj=lcc +lat_0=-37 +lon_0=145 +lat_1=-36 +lat_2=-38 +x_0=2500000 +y_0=2500000 +ellps=GRS80 +units=m +no_defs +type=crs
EPSG,3112,GDA94 / Geoscience Australia Lambert,+proj=lcc +lat_0=0 +lon_0=134 +lat_1=-18 +lat_2=-36 +x_0=0 +y_0=0 +ellps=GRS80 +units=m +no_defs +type=crs
EPSG,3113,GDA94 / BCSG02,+proj=tmerc +lat_0=-28 +lon_0=153 +k=0.99999 +x_0=50000 +y_0=100000 +ellps=GRS80 +units=m +no_defs +type=crs
EPSG,3114,MAGNA-SIRGAS / Colombia Far West zone,+proj=tmerc +lat_0=4.59620041666667 +lon_0=-80.0775079166667 +k=1 +x_0=1000000 +y_0=1000000 +ellps=GRS80 +units=m +no_defs +type=crs
EPSG,3115,MAGNA-SIRGAS / Colombia West zone,+proj=tmerc +lat_0=4.59620041666667 +lon_0=-77.0775079166667 +k=1 +x_0=1000000 +y_0=1000000 +ellps=GRS80 +units=m +no_defs +type=crs
EPSG,3116,MAGNA-SIRGAS / Colombia Bogota zone,+proj=tmerc +lat_0=4.59620041666667 +lon_0=-74.0775079166667 +k=1 +x_0=1000000 +y_0=1000000 +ellps=GRS80 +units=m +no_defs +type=crs
EPSG,3117,MAGNA-SIRGAS / Colombia East Central zone,+proj=tmerc +lat_0=4.59620041666667 +lon_0=-71.0775079166667 +k=1 +x_0=1000000 +y_0=1000000 +ellps=GRS80 +units=m +no_defs +type=crs
EPSG,3118,MAGNA-SIRGAS / Colombia East zone,+proj=tmerc +lat_0=4.59620041666667 +lon_0=-68.0775079166667 +k=1 +x_0=1000000 +y_0=1000000 +ellps=GRS80 +units=m +no_defs +type=crs
EPSG,3119,Douala 1948 / AEF west,+proj=tmerc +lat_0=0 +lon_0=10.5 +k=0.999 +x_0=1000000 +y_0=1000000 +ellps=intl +units=m +no_defs +type=crs
EPSG,3120,Pulkovo 1942(58) / Poland zone I,+proj=sterea +lat_0=50.625 +lon_0=21.0833333333333 +k=0.9998 +x_0=4637000 +y_0=5467000 +ellps=krass +units=m +no_defs +type=crs
EPSG,3121,PRS92 / Philippines zone 1,+proj=tmerc +lat_0=0 +lon_0=117 +k=0.99995 +x_0=500000 +y_0=0 +ellps=clrk66 +units=m +no_defs +type=crs
EPSG,3122,PRS92 / Philippines zone 2,+proj=tmerc +lat_0=0 +lon_0=119 +k=0.99995 +x_0=500000 +y_0=0 +ellps=clrk66 +units=m +no_defs +type=crs
EPSG,3123,PRS92 / Philippines zone 3,+proj=tmerc +lat_0=0 +lon_0=121 +k=0.99995 +x_0=500000 +y_0=0 +ellps=clrk66 +units=m +no_defs +type=crs
EPSG,3124,PRS92 / Philippines zone 4,+proj=tmerc +lat_0=0 +lon_0=123 +k=0.99995 +x_0=500000 +y_0=0 +ellps=clrk66 +units=m +no_defs +type=crs
EPSG,3125,PRS92 / Philippines zone 5,+proj=tmerc +lat_0=0 +lon_0=125 +k=0.99995 +x_0=500000 +y_0=0 +ellps=clrk66 +units=m +no_defs +type=crs
EPSG,3126,ETRS89 / ETRS-GK19FIN,+proj=tmerc +lat_0=0 +lon_0=19 +k=1 +x_0=500000 +y_0=0 +ellps=GRS80 +units=m +no_defs +type=crs
EPSG,3127,ETRS89 / ETRS-GK20FIN,+proj=tmerc +lat_0=0 +lon_0=20 +k=1 +x_0=500000 +y_0=0 +ellps=GRS80 +units=m +no_defs +type=crs
EPSG,3128,ETRS89 / ETRS-GK21FIN,+proj=tmerc +lat_0=0 +lon_0=21 +k=1 +x_0=500000 +y_0=0 +ellps=GRS80 +units=m +no_defs +type=crs
EPSG,3129,ETRS89 / ETRS-GK22FIN,+proj=tmerc +lat_0=0 +lon_0=22 +k=1 +x_0=500000 +y_0=0 +ellps=GRS80 +units=m +no_defs +type=crs
EPSG,3130,ETRS89 / ETRS-GK23FIN,+proj=tmerc +lat_0=0 +lon_0=23 +k=1 +x_0=500000 +y_0=0 +ellps=GRS80 +units=m +no_defs +type=crs
EPSG,3131,ETRS89 / ETRS-GK24FIN,+proj=tmerc +lat_0=0 +lon_0=24 +k=1 +x_0=500000 +y_0=0 +ellps=GRS80 +units=m +no_defs +type=crs
EPSG,3132,ETRS89 / ETRS-GK25FIN,+proj=tmerc +lat_0=0 +lon_0=25 +k=1 +x_0=500000 +y_0=0 +ellps=GRS80 +units=m +no_defs +type=crs
EPSG,3133,ETRS89 / ETRS-GK26FIN,+proj=tmerc +lat_0=0 +lon_0=26 +k=1 +x_0=500000 +y_0=0 +ellps=GRS80 +units=m +no_defs +type=crs
EPSG,3134,ETRS89 / ETRS-GK27FIN,+proj=tmerc +lat_0=0 +lon_0=27 +k=1 +x_0=500000 +y_0=0 +ellps=GRS80 +units=m +no_defs +type=crs
EPSG,3135,ETRS89 / ETRS-GK28FIN,+proj=tmerc +lat_0=0 +lon_0=28 +k=1 +x_0=500000 +y_0=0 +ellps=GRS80 +units=m +no_defs +type=crs
EPSG,3136,ETRS89 / ETRS-GK29FIN,+proj=tmerc +lat_0=0 +lon_0=29 +k=1 +x_0=500000 +y_0=0 +ellps=GRS80 +units=m +no_defs +type=crs
EPSG,3137,ETRS89 / ETRS-GK30FIN,+proj=tmerc +lat_0=0 +lon_0=30 +k=1 +x_0=500000 +y_0=0 +ellps=GRS80 +units=m +no_defs +type=crs
EPSG,3138,ETRS89 / ETRS-GK31FIN,+proj=tmerc +lat_0=0 +lon_0=31 +k=1 +x_0=500000 +y_0=0 +ellps=GRS80 +units=m +no_defs +type=crs
EPSG,3139,Vanua Levu 1915 / Vanua Levu Grid,+proj=cass +hyperbolic +lat_0=-16.25 +lon_0=179.333333333333 +x_0=251727.9155424 +y_0=334519.953768 +a=6378306.3696 +b=6356571.996 +units=link +no_defs +type=crs
EPSG,3140,Viti Levu 1912 / Viti Levu Grid,+proj=cass +lat_0=-18 +lon_0=178 +x_0=109435.392 +y_0=141622.272 +a=6378306.3696 +b=6356571.996 +units=link +no_defs +type=crs
EPSG,3141,Fiji 1956 / UTM zone 60S,+proj=utm +zone=60 +south +ellps=intl +units=m +no_defs +type=crs
EPSG,3142,Fiji 1956 / UTM zone 1S,+proj=utm +zone=1 +south +ellps=intl +units=m +no_defs +type=crs
EPSG,3148,Indian 1960 / UTM zone 48N,+proj=utm +zone=48 +ellps=evrst30 +units=m +no_defs +type=crs
EPSG,3149,Indian 1960 / UTM zone 49N,+proj=utm +zone=49 +ellps=evrst30 +units=m +no_defs +type=crs
EPSG,3152,ST74,+proj=tmerc +lat_0=0 +lon_0=18.05779 +k=0.99999425 +x_0=100178.1808 +y_0=-6500614.7836 +ellps=GRS80 +units=m +no_defs +type=crs
EPSG,3153,NAD83(CSRS) / BC Albers,+proj=aea +lat_0=45 +lon_0=-126 +lat_1=50 +lat_2=58.5 +x_0=1000000 +y_0=0 +ellps=GRS80 +units=m +no_defs +type=crs
EPSG,3154,NAD83(CSRS) / UTM zone 7N,+proj=utm +zone=7 +ellps=GRS80 +units=m +no_defs +type=crs
EPSG,3155,NAD83(CSRS) / UTM zone 8N,+proj=utm +zone=8 +ellps=GRS80 +units=m +no_defs +type=crs
EPSG,3156,NAD83(CSRS) / UTM zone 9N,+proj=utm +zone=9 +ellps=GRS80 +units=m +no_defs +type=crs
EPSG,3157,NAD83(CSRS) / UTM zone 10N,+proj=utm +zone=10 +ellps=GRS80 +units=m +no_defs +type=crs
EPSG,3158,NAD83(CSRS) / UTM zone 14N,+proj=utm +zone=14 +ellps=GRS80 +units=m +no_defs +type=crs
EPSG,3159,NAD83(CSRS) / UTM zone 15N,+proj=utm +zone=15 +ellps=GRS80 +units=m +no_defs +type=crs
EPSG,3160,NAD83(CSRS) / UTM zone 16N,+proj=utm +zone=16 +ellps=GRS80 +units=m +no_defs +type=crs
EPSG,3161,NAD83 / Ontario MNR Lambert,+proj=lcc +lat_0=0 +lon_0=-85 +lat_1=44.5 +lat_2=53.5 +x_0=930000 +y_0=6430000 +datum=NAD83 +units=m +no_defs +type=crs
EPSG,3162,NAD83(CSRS) / Ontario MNR Lambert,+proj=lcc +lat_0=0 +lon_0=-85 +lat_1=44.5 +lat_2=53.5 +x_0=930000 +y_0=6430000 +ellps=GRS80 +units=m +no_defs +type=crs
EPSG,3163,RGNC91-93 / Lambert New Caledonia,+proj=lcc +lat_0=-21.5 +lon_0=166 +lat_1=-20.6666666666667 +lat_2=-22.3333333333333 +x_0=400000 +y_0=300000 +ellps=GRS80 +units=m +no_defs +type=crs
EPSG,3164,ST87 Ouvea / UTM zone 58S,+proj=utm +zone=58 +south +ellps=WGS84 +units=m +no_defs +type=crs
EPSG,3165,NEA74 Noumea / Noumea Lambert,+proj=lcc +lat_0=-22.26969175 +lon_0=166.44242575 +lat_1=-22.24469175 +lat_2=-22.29469175 +x_0=0.66 +y_0=1.02 +ellps=intl +units=m +no_defs +type=crs
EPSG,3166,NEA74 Noumea / Noumea Lambert 2,+proj=lcc +lat_0=-22.2697222222222 +lon_0=166.4425 +lat_1=-22.2447222222222 +lat_2=-22.2947222222222 +x_0=8.313 +y_0=-2.354 +ellps=intl +units=m +no_defs +type=crs
EPSG,3167,Kertau (RSO) / RSO Malaya (ch),+proj=omerc +no_uoff +lat_0=4 +lonc=102.25 +alpha=323.0257905 +gamma=323.130102361111 +k=0.99984 +x_0=804670.24 +y_0=0 +ellps=evrst69 +to_meter=20.116756 +no_defs +type=crs
EPSG,3168,Kertau (RSO) / RSO Malaya (m),+proj=omerc +no_uoff +lat_0=4 +lonc=102.25 +alpha=323.0257905 +gamma=323.130102361111 +k=0.99984 +x_0=804670.24 +y_0=0 +ellps=evrst69 +units=m +no_defs +type=crs
EPSG,3169,RGNC91-93 / UTM zone 57S,+proj=utm +zone=57 +south +ellps=GRS80 +units=m +no_defs +type=crs
EPSG,3170,RGNC91-93 / UTM zone 58S,+proj=utm +zone=58 +south +ellps=GRS80 +units=m +no_defs +type=crs
EPSG,3171,RGNC91-93 / UTM zone 59S,+proj=utm +zone=59 +south +ellps=GRS80 +units=m +no_defs +type=crs
EPSG,3172,IGN53 Mare / UTM zone 59S,+proj=utm +zone=59 +south +ellps=intl +units=m +no_defs +type=crs
EPSG,3174,NAD83 / Great Lakes Albers,+proj=aea +lat_0=45.568977 +lon_0=-84.455955 +lat_1=42.122774 +lat_2=49.01518 +x_0=1000000 +y_0=1000000 +datum=NAD83 +units=m +no_defs +type=crs
EPSG,3175,NAD83 / Great Lakes and St Lawrence Albers,+proj=aea +lat_0=45.568977 +lon_0=-83.248627 +lat_1=42.122774 +lat_2=49.01518 +x_0=1000000 +y_0=1000000 +datum=NAD83 +units=m +no_defs +type=crs
EPSG,3176,Indian 1960 / TM 106 NE,+proj=tmerc +lat_0=0 +lon_0=106 +k=0.9996 +x_0=500000 +y_0=0 +ellps=evrst30 +units=m +no_defs +type=crs
EPSG,3177,LGD2006 / Libya TM,+proj=tmerc +lat_0=0 +lon_0=17 +k=0.9965 +x_0=1000000 +y_0=0 +ellps=intl +units=m +no_defs +type=crs
EPSG,3178,GR96 / UTM zone 18N,+proj=utm +zone=18 +ellps=GRS80 +units=m +no_defs +type=crs
EPSG,3179,GR96 / UTM zone 19N,+proj=utm +zone=19 +ellps=GRS80 +units=m +no_defs +type=crs
EPSG,3180,GR96 / UTM zone 20N,+proj=utm +zone=20 +ellps=GRS80 +units=m +no_defs +type=crs
EPSG,3181,GR96 / UTM zone 21N,+proj=utm +zone=21 +ellps=GRS80 +units=m +no_defs +type=crs
EPSG,3182,GR96 / UTM zone 22N,+proj=utm +zone=22 +ellps=GRS80 +units=m +no_defs +type=crs
EPSG,3183,GR96 / UTM zone 23N,+proj=utm +zone=23 +ellps=GRS80 +units=m +no_defs +type=crs
EPSG,3184,GR96 / UTM zone 24N,+proj=utm +zone=24 +ellps=GRS80 +units=m +no_defs +type=crs
EPSG,3185,GR96 / UTM zone 25N,+proj=utm +zone=25 +ellps=GRS80 +units=m +no_defs +type=crs
EPSG,3186,GR96 / UTM zone 26N,+proj=utm +zone=26 +ellps=GRS80 +units=m +no_defs +type=crs
EPSG,3187,GR96 / UTM zone 27N,+proj=utm +zone=27 +ellps=GRS80 +units=m +no_defs +type=crs
EPSG,3188,GR96 / UTM zone 28N,+proj=utm +zone=28 +ellps=GRS80 +units=m +no_defs +type=crs
EPSG,3189,GR96 / UTM zone 29N,+proj=utm +zone=29 +ellps=GRS80 +units=m +no_defs +type=crs
EPSG,3190,LGD2006 / Libya TM zone 5,+proj=tmerc +lat_0=0 +lon_0=9 +k=0.99995 +x_0=200000 +y_0=0 +ellps=intl +units=m +no_defs +type=crs
EPSG,3191,LGD2006 / Libya TM zone 6,+proj=tmerc +lat_0=0 +lon_0=11 +k=0.99995 +x_0=200000 +y_0=0 +ellps=intl +units=m +no_defs +type=crs
EPSG,3192,LGD2006 / Libya TM zone 7,+proj=tmerc +lat_0=0 +lon_0=13 +k=0.99995 +x_0=200000 +y_0=0 +ellps=intl +units=m +no_defs +type=crs
EPSG,3193,LGD2006 / Libya TM zone 8,+proj=tmerc +lat_0=0 +lon_0=15 +k=0.99995 +x_0=200000 +y_0=0 +ellps=intl +units=m +no_defs +type=crs
EPSG,3194,LGD2006 / Libya TM zone 9,+proj=tmerc +lat_0=0 +lon_0=17 +k=0.99995 +x_0=200000 +y_0=0 +ellps=intl +units=m +no_defs +type=crs
EPSG,3195,LGD2006 / Libya TM zone 10,+proj=tmerc +lat_0=0 +lon_0=19 +k=0.99995 +x_0=200000 +y_0=0 +ellps=intl +units=m +no_defs +type=crs
EPSG,3196,LGD2006 / Libya TM zone 11,+proj=tmerc +lat_0=0 +lon_0=21 +k=0.99995 +x_0=200000 +y_0=0 +ellps=intl +units=m +no_defs +type=crs
EPSG,3197,LGD2006 / Libya TM zone 12,+proj=tmerc +lat_0=0 +lon_0=23 +k=0.99995 +x_0=200000 +y_0=0 +ellps=intl +units=m +no_defs +type=crs
EPSG,3198,LGD2006 / Libya TM zone 13,+proj=tmerc +lat_0=0 +lon_0=25 +k=0.99995 +x_0=200000 +y_0=0 +ellps=intl +units=m +no_defs +type=crs
EPSG,3199,LGD2006 / UTM zone 32N,+proj=utm +zone=32 +ellps=intl +units=m +no_defs +type=crs
EPSG,3200,FD58 / Iraq zone,+proj=lcc +lat_1=32.5 +lat_0=32.5 +lon_0=45 +k_0=0.9987864078 +x_0=1500000 +y_0=1166200 +a=6378249.145 +rf=293.465 +units=m +no_defs +type=crs
EPSG,3201,LGD2006 / UTM zone 33N,+proj=utm +zone=33 +ellps=intl +units=m +no_defs +type=crs
EPSG,3202,LGD2006 / UTM zone 34N,+proj=utm +zone=34 +ellps=intl +units=m +no_defs +type=crs
EPSG,3203,LGD2006 / UTM zone 35N,+proj=utm +zone=35 +ellps=intl +units=m +no_defs +type=crs
EPSG,3204,WGS 84 / SCAR IMW SP19-20,+proj=lcc +lat_0=-90 +lon_0=-66 +lat_1=-60.6666666666667 +lat_2=-63.3333333333333 +x_0=0 +y_0=0 +datum=WGS84 +units=m +no_defs +type=crs
EPSG,3205,WGS 84 / SCAR IMW SP21-22,+proj=lcc +lat_0=-90 +lon_0=-54 +lat_1=-60.6666666666667 +lat_2=-63.3333333333333 +x_0=0 +y_0=0 +datum=WGS84 +units=m +no_defs +type=crs
EPSG,3206,WGS 84 / SCAR IMW SP23-24,+proj=lcc +lat_0=-90 +lon_0=-42 +lat_1=-60.6666666666667 +lat_2=-63.3333333333333 +x_0=0 +y_0=0 +datum=WGS84 +units=m +no_defs +type=crs
EPSG,3207,WGS 84 / SCAR IMW SQ01-02,+proj=lcc +lat_0=-90 +lon_0=-174 +lat_1=-64.6666666666667 +lat_2=-67.3333333333333 +x_0=0 +y_0=0 +datum=WGS84 +units=m +no_defs +type=crs
EPSG,3208,WGS 84 / SCAR IMW SQ19-20,+proj=lcc +lat_0=-90 +lon_0=-66 +lat_1=-64.6666666666667 +lat_2=-67.3333333333333 +x_0=0 +y_0=0 +datum=WGS84 +units=m +no_defs +type=crs
EPSG,3209,WGS 84 / SCAR IMW SQ21-22,+proj=lcc +lat_0=-90 +lon_0=-54 +lat_1=-64.6666666666667 +lat_2=-67.3333333333333 +x_0=0 +y_0=0 +datum=WGS84 +units=m +no_defs +type=crs
EPSG,3210,WGS 84 / SCAR IMW SQ37-38,+proj=lcc +lat_0=-90 +lon_0=42 +lat_1=-64.6666666666667 +lat_2=-67.3333333333333 +x_0=0 +y_0=0 +datum=WGS84 +units=m +no_defs +type=crs
EPSG,3211,WGS 84 / SCAR IMW SQ39-40,+proj=lcc +lat_0=-90 +lon_0=54 +lat_1=-64.6666666666667 +lat_2=-67.3333333333333 +x_0=0 +y_0=0 +datum=WGS84 +units=m +no_defs +type=crs
EPSG,3212,WGS 84 / SCAR IMW SQ41-42,+proj=lcc +lat_0=-90 +lon_0=66 +lat_1=-64.6666666666667 +lat_2=-67.3333333333333 +x_0=0 +y_0=0 +datum=WGS84 +units=m +no_defs +type=crs
EPSG,3213,WGS 84 / SCAR IMW SQ43-44,+proj=lcc +lat_0=-90 +lon_0=78 +lat_1=-64.6666666666667 +lat_2=-67.3333333333333 +x_0=0 +y_0=0 +datum=WGS84 +units=m +no_defs +type=crs
EPSG,3214,WGS 84 / SCAR IMW SQ45-46,+proj=lcc +lat_0=-90 +lon_0=90 +lat_1=-64.6666666666667 +lat_2=-67.3333333333333 +x_0=0 +y_0=0 +datum=WGS84 +units=m +no_defs +type=crs
EPSG,3215,WGS 84 / SCAR IMW SQ47-48,+proj=lcc +lat_0=-90 +lon_0=102 +lat_1=-64.6666666666667 +lat_2=-67.3333333333333 +x_0=0 +y_0=0 +datum=WGS84 +units=m +no_defs +type=crs
EPSG,3216,WGS 84 / SCAR IMW SQ49-50,+proj=lcc +lat_0=-90 +lon_0=114 +lat_1=-64.6666666666667 +lat_2=-67.3333333333333 +x_0=0 +y_0=0 +datum=WGS84 +units=m +no_defs +type=crs
EPSG,3217,WGS 84 / SCAR IMW SQ51-52,+proj=lcc +lat_0=-90 +lon_0=126 +lat_1=-64.6666666666667 +lat_2=-67.3333333333333 +x_0=0 +y_0=0 +datum=WGS84 +units=m +no_defs +type=crs
EPSG,3218,WGS 84 / SCAR IMW SQ53-54,+proj=lcc +lat_0=-90 +lon_0=138 +lat_1=-64.6666666666667 +lat_2=-67.3333333333333 +x_0=0 +y_0=0 +datum=WGS84 +units=m +no_defs +type=crs
EPSG,3219,WGS 84 / SCAR IMW SQ55-56,+proj=lcc +lat_0=-90 +lon_0=150 +lat_1=-64.6666666666667 +lat_2=-67.3333333333333 +x_0=0 +y_0=0 +datum=WGS84 +units=m +no_defs +type=crs
EPSG,3220,WGS 84 / SCAR IMW SQ57-58,+proj=lcc +lat_0=-90 +lon_0=162 +lat_1=-64.6666666666667 +lat_2=-67.3333333333333 +x_0=0 +y_0=0 +datum=WGS84 +units=m +no_defs +type=crs
EPSG,3221,WGS 84 / SCAR IMW SR13-14,+proj=lcc +lat_0=-90 +lon_0=-102 +lat_1=-68.6666666666667 +lat_2=-71.3333333333333 +x_0=0 +y_0=0 +datum=WGS84 +units=m +no_defs +type=crs
EPSG,3222,WGS 84 / SCAR IMW SR15-16,+proj=lcc +lat_0=-90 +lon_0=-90 +lat_1=-68.6666666666667 +lat_2=-71.3333333333333 +x_0=0 +y_0=0 +datum=WGS84 +units=m +no_defs +type=crs
EPSG,3223,WGS 84 / SCAR IMW SR17-18,+proj=lcc +lat_0=-90 +lon_0=-78 +lat_1=-68.6666666666667 +lat_2=-71.3333333333333 +x_0=0 +y_0=0 +datum=WGS84 +units=m +no_defs +type=crs
EPSG,3224,WGS 84 / SCAR IMW SR19-20,+proj=lcc +lat_0=-90 +lon_0=-66 +lat_1=-68.6666666666667 +lat_2=-71.3333333333333 +x_0=0 +y_0=0 +datum=WGS84 +units=m +no_defs +type=crs
EPSG,3225,WGS 84 / SCAR IMW SR27-28,+proj=lcc +lat_0=-90 +lon_0=-18 +lat_1=-68.6666666666667 +lat_2=-71.3333333333333 +x_0=0 +y_0=0 +datum=WGS84 +units=m +no_defs +type=crs
EPSG,3226,WGS 84 / SCAR IMW SR29-30,+proj=lcc +lat_0=-90 +lon_0=-6 +lat_1=-68.6666666666667 +lat_2=-71.3333333333333 +x_0=0 +y_0=0 +datum=WGS84 +units=m +no_defs +type=crs
EPSG,3227,WGS 84 / SCAR IMW SR31-32,+proj=lcc +lat_0=-90 +lon_0=6 +lat_1=-68.6666666666667 +lat_2=-71.3333333333333 +x_0=0 +y_0=0 +datum=WGS84 +units=m +no_defs +type=crs
EPSG,3228,WGS 84 / SCAR IMW SR33-34,+proj=lcc +lat_0=-90 +lon_0=18 +lat_1=-68.6666666666667 +lat_2=-71.3333333333333 +x_0=0 +y_0=0 +datum=WGS84 +units=m +no_defs +type=crs
EPSG,3229,WGS 84 / SCAR IMW SR35-36,+proj=lcc +lat_0=-90 +lon_0=30 +lat_1=-68.6666666666667 +lat_2=-71.3333333333333 +x_0=0 +y_0=0 +datum=WGS84 +units=m +no_defs +type=crs
EPSG,3230,WGS 84 / SCAR IMW SR37-38,+proj=lcc +lat_0=-90 +lon_0=42 +lat_1=-68.6666666666667 +lat_2=-71.3333333333333 +x_0=0 +y_0=0 +datum=WGS84 +units=m +no_defs +type=crs
EPSG,3231,WGS 84 / SCAR IMW SR39-40,+proj=lcc +lat_0=-90 +lon_0=54 +lat_1=-68.6666666666667 +lat_2=-71.3333333333333 +x_0=0 +y_0=0 +datum=WGS84 +units=m +no_defs +type=crs
EPSG,3232,WGS 84 / SCAR IMW SR41-42,+proj=lcc +lat_0=-90 +lon_0=66 +lat_1=-68.6666666666667 +lat_2=-71.3333333333333 +x_0=0 +y_0=0 +datum=WGS84 +units=m +no_defs +type=crs
EPSG,3233,WGS 84 / SCAR IMW SR43-44,+proj=lcc +lat_0=-90 +lon_0=78 +lat_1=-68.6666666666667 +lat_2=-71.3333333333333 +x_0=0 +y_0=0 +datum=WGS84 +units=m +no_defs +type=crs
EPSG,3234,WGS 84 / SCAR IMW SR45-46,+proj=lcc +lat_0=-90 +lon_0=90 +lat_1=-68.6666666666667 +lat_2=-71.3333333333333 +x_0=0 +y_0=0 +datum=WGS84 +units=m +no_defs +type=crs
EPSG,3235,WGS 84 / SCAR IMW SR47-48,+proj=lcc +lat_0=-90 +lon_0=102 +lat_1=-68.6666666666667 +lat_2=-71.3333333333333 +x_0=0 +y_0=0 +datum=WGS84 +units=m +no_defs +type=crs
EPSG,3236,WGS 84 / SCAR IMW SR49-50,+proj=lcc +lat_0=-90 +lon_0=114 +lat_1=-68.6666666666667 +lat_2=-71.3333333333333 +x_0=0 +y_0=0 +datum=WGS84 +units=m +no_defs +type=crs
EPSG,3237,WGS 84 / SCAR IMW SR51-52,+proj=lcc +lat_0=-90 +lon_0=126 +lat_1=-68.6666666666667 +lat_2=-71.3333333333333 +x_0=0 +y_0=0 +datum=WGS84 +units=m +no_defs +type=crs
EPSG,3238,WGS 84 / SCAR IMW SR53-54,+proj=lcc +lat_0=-90 +lon_0=138 +lat_1=-68.6666666666667 +lat_2=-71.3333333333333 +x_0=0 +y_0=0 +datum=WGS84 +units=m +no_defs +type=crs
EPSG,3239,WGS 84 / SCAR IMW SR55-56,+proj=lcc +lat_0=-90 +lon_0=150 +lat_1=-68.6666666666667 +lat_2=-71.3333333333333 +x_0=0 +y_0=0 +datum=WGS84 +units=m +no_defs +type=crs
EPSG,3240,WGS 84 / SCAR IMW SR57-58,+proj=lcc +lat_0=-90 +lon_0=162 +lat_1=-68.6666666666667 +lat_2=-71.3333333333333 +x_0=0 +y_0=0 +datum=WGS84 +units=m +no_defs +type=crs
EPSG,3241,WGS 84 / SCAR IMW SR59-60,+proj=lcc +lat_0=-90 +lon_0=174 +lat_1=-68.6666666666667 +lat_2=-71.3333333333333 +x_0=0 +y_0=0 +datum=WGS84 +units=m +no_defs +type=crs
EPSG,3242,WGS 84 / SCAR IMW SS04-06,+proj=lcc +lat_0=-90 +lon_0=-153 +lat_1=-72.6666666666667 +lat_2=-75.3333333333333 +x_0=0 +y_0=0 +datum=WGS84 +units=m +no_defs +type=crs
EPSG,3243,WGS 84 / SCAR IMW SS07-09,+proj=lcc +lat_0=-90 +lon_0=-135 +lat_1=-72.6666666666667 +lat_2=-75.3333333333333 +x_0=0 +y_0=0 +datum=WGS84 +units=m +no_defs +type=crs
EPSG,3244,WGS 84 / SCAR IMW SS10-12,+proj=lcc +lat_0=-90 +lon_0=-117 +lat_1=-72.6666666666667 +lat_2=-75.3333333333333 +x_0=0 +y_0=0 +datum=WGS84 +units=m +no_defs +type=crs
EPSG,3245,WGS 84 / SCAR IMW SS13-15,+proj=lcc +lat_0=-90 +lon_0=-99 +lat_1=-72.6666666666667 +lat_2=-75.3333333333333 +x_0=0 +y_0=0 +datum=WGS84 +units=m +no_defs +type=crs
EPSG,3246,WGS 84 / SCAR IMW SS16-18,+proj=lcc +lat_0=-90 +lon_0=-81 +lat_1=-72.6666666666667 +lat_2=-75.3333333333333 +x_0=0 +y_0=0 +datum=WGS84 +units=m +no_defs +type=crs
EPSG,3247,WGS 84 / SCAR IMW SS19-21,+proj=lcc +lat_0=-90 +lon_0=-63 +lat_1=-72.6666666666667 +lat_2=-75.3333333333333 +x_0=0 +y_0=0 +datum=WGS84 +units=m +no_defs +type=crs
EPSG,3248,WGS 84 / SCAR IMW SS25-27,+proj=lcc +lat_0=-90 +lon_0=-27 +lat_1=-72.6666666666667 +lat_2=-75.3333333333333 +x_0=0 +y_0=0 +datum=WGS84 +units=m +no_defs +type=crs
EPSG,3249,WGS 84 / SCAR IMW SS28-30,+proj=lcc +lat_0=-90 +lon_0=-9 +lat_1=-72.6666666666667 +lat_2=-75.3333333333333 +x_0=0 +y_0=0 +datum=WGS84 +units=m +no_defs +type=crs
EPSG,3250,WGS 84 / SCAR IMW SS31-33,+proj=lcc +lat_0=-90 +lon_0=9 +lat_1=-72.6666666666667 +lat_2=-75.3333333333333 +x_0=0 +y_0=0 +datum=WGS84 +units=m +no_defs +type=crs
EPSG,3251,WGS 84 / SCAR IMW SS34-36,+proj=lcc +lat_0=-90 +lon_0=27 +lat_1=-72.6666666666667 +lat_2=-75.3333333333333 +x_0=0 +y_0=0 +datum=WGS84 +units=m +no_defs +type=crs
EPSG,3252,WGS 84 / SCAR IMW SS37-39,+proj=lcc +lat_0=-90 +lon_0=45 +lat_1=-72.6666666666667 +lat_2=-75.3333333333333 +x_0=0 +y_0=0 +datum=WGS84 +units=m +no_defs +type=crs
EPSG,3253,WGS 84 / SCAR IMW SS40-42,+proj=lcc +lat_0=-90 +lon_0=63 +lat_1=-72.6666666666667 +lat_2=-75.3333333333333 +x_0=0 +y_0=0 +datum=WGS84 +units=m +no_defs +type=crs
EPSG,3254,WGS 84 / SCAR IMW SS43-45,+proj=lcc +lat_0=-90 +lon_0=81 +lat_1=-72.6666666666667 +lat_2=-75.3333333333333 +x_0=0 +y_0=0 +datum=WGS84 +units=m +no_defs +type=crs
EPSG,3255,WGS 84 / SCAR IMW SS46-48,+proj=lcc +lat_0=-90 +lon_0=99 +lat_1=-72.6666666666667 +lat_2=-75.3333333333333 +x_0=0 +y_0=0 +datum=WGS84 +units=m +no_defs +type=crs
EPSG,3256,WGS 84 / SCAR IMW SS49-51,+proj=lcc +lat_0=-90 +lon_0=117 +lat_1=-72.6666666666667 +lat_2=-75.3333333333333 +x_0=0 +y_0=0 +datum=WGS84 +units=m +no_defs +type=crs
EPSG,3257,WGS 84 / SCAR IMW SS52-54,+proj=lcc +lat_0=-90 +lon_0=135 +lat_1=-72.6666666666667 +lat_2=-75.3333333333333 +x_0=0 +y_0=0 +datum=WGS84 +units=m +no_defs +type=crs
EPSG,3258,WGS 84 / SCAR IMW SS55-57,+proj=lcc +lat_0=-90 +lon_0=153 +lat_1=-72.6666666666667 +lat_2=-75.3333333333333 +x_0=0 +y_0=0 +datum=WGS84 +units=m +no_defs +type=crs
EPSG,3259,WGS 84 / SCAR IMW SS58-60,+proj=lcc +lat_0=-90 +lon_0=171 +lat_1=-72.6666666666667 +lat_2=-75.3333333333333 +x_0=0 +y_0=0 +datum=WGS84 +units=m +no_defs +type=crs
EPSG,3260,WGS 84 / SCAR IMW ST01-04,+proj=lcc +lat_0=-90 +lon_0=-168 +lat_1=-76.6666666666667 +lat_2=-79.3333333333333 +x_0=0 +y_0=0 +datum=WGS84 +units=m +no_defs +type=crs
EPSG,3261,WGS 84 / SCAR IMW ST05-08,+proj=lcc +lat_0=-90 +lon_0=-144 +lat_1=-76.6666666666667 +lat_2=-79.3333333333333 +x_0=0 +y_0=0 +datum=WGS84 +units=m +no_defs +type=crs
EPSG,3262,WGS 84 / SCAR IMW ST09-12,+proj=lcc +lat_0=-90 +lon_0=-120 +lat_1=-76.6666666666667 +lat_2=-79.3333333333333 +x_0=0 +y_0=0 +datum=WGS84 +units=m +no_defs +type=crs
EPSG,3263,WGS 84 / SCAR IMW ST13-16,+proj=lcc +lat_0=-90 +lon_0=-96 +lat_1=-76.6666666666667 +lat_2=-79.3333333333333 +x_0=0 +y_0=0 +datum=WGS84 +units=m +no_defs +type=crs
EPSG,3264,WGS 84 / SCAR IMW ST17-20,+proj=lcc +lat_0=-90 +lon_0=-72 +lat_1=-76.6666666666667 +lat_2=-79.3333333333333 +x_0=0 +y_0=0 +datum=WGS84 +units=m +no_defs +type=crs
EPSG,3265,WGS 84 / SCAR IMW ST21-24,+proj=lcc +lat_0=-90 +lon_0=-48 +lat_1=-76.6666666666667 +lat_2=-79.3333333333333 +x_0=0 +y_0=0 +datum=WGS84 +units=m +no_defs +type=crs
EPSG,3266,WGS 84 / SCAR IMW ST25-28,+proj=lcc +lat_0=-90 +lon_0=-24 +lat_1=-76.6666666666667 +lat_2=-79.3333333333333 +x_0=0 +y_0=0 +datum=WGS84 +units=m +no_defs +type=crs
EPSG,3267,WGS 84 / SCAR IMW ST29-32,+proj=lcc +lat_0=-90 +lon_0=0 +lat_1=-76.6666666666667 +lat_2=-79.3333333333333 +x_0=0 +y_0=0 +datum=WGS84 +units=m +no_defs +type=crs
EPSG,3268,WGS 84 / SCAR IMW ST33-36,+proj=lcc +lat_0=-90 +lon_0=24 +lat_1=-76.6666666666667 +lat_2=-79.3333333333333 +x_0=0 +y_0=0 +datum=WGS84 +units=m +no_defs +type=crs
EPSG,3269,WGS 84 / SCAR IMW ST37-40,+proj=lcc +lat_0=-90 +lon_0=48 +lat_1=-76.6666666666667 +lat_2=-79.3333333333333 +x_0=0 +y_0=0 +datum=WGS84 +units=m +no_defs +type=crs
EPSG,3270,WGS 84 / SCAR IMW ST41-44,+proj=lcc +lat_0=-90 +lon_0=72 +lat_1=-76.6666666666667 +lat_2=-79.3333333333333 +x_0=0 +y_0=0 +datum=WGS84 +units=m +no_defs +type=crs
EPSG,3271,WGS 84 / SCAR IMW ST45-48,+proj=lcc +lat_0=-90 +lon_0=96 +lat_1=-76.6666666666667 +lat_2=-79.3333333333333 +x_0=0 +y_0=0 +datum=WGS84 +units=m +no_defs +type=crs
EPSG,3272,WGS 84 / SCAR IMW ST49-52,+proj=lcc +lat_0=-90 +lon_0=120 +lat_1=-76.6666666666667 +lat_2=-79.3333333333333 +x_0=0 +y_0=0 +datum=WGS84 +units=m +no_defs +type=crs
EPSG,3273,WGS 84 / SCAR IMW ST53-56,+proj=lcc +lat_0=-90 +lon_0=144 +lat_1=-76.6666666666667 +lat_2=-79.3333333333333 +x_0=0 +y_0=0 +datum=WGS84 +units=m +no_defs +type=crs
EPSG,3274,WGS 84 / SCAR IMW ST57-60,+proj=lcc +lat_0=-90 +lon_0=168 +lat_1=-76.6666666666667 +lat_2=-79.3333333333333 +x_0=0 +y_0=0 +datum=WGS84 +units=m +no_defs +type=crs
EPSG,3275,WGS 84 / SCAR IMW SU01-05,+proj=stere +lat_0=-90 +lat_ts=-80.2386111111111 +lon_0=-165 +x_0=0 +y_0=0 +datum=WGS84 +units=m +no_defs +type=crs
EPSG,3276,WGS 84 / SCAR IMW SU06-10,+proj=stere +lat_0=-90 +lat_ts=-80.2386111111111 +lon_0=-135 +x_0=0 +y_0=0 +datum=WGS84 +units=m +no_defs +type=crs
EPSG,3277,WGS 84 / SCAR IMW SU11-15,+proj=stere +lat_0=-90 +lat_ts=-80.2386111111111 +lon_0=-105 +x_0=0 +y_0=0 +datum=WGS84 +units=m +no_defs +type=crs
EPSG,3278,WGS 84 / SCAR IMW SU16-20,+proj=stere +lat_0=-90 +lat_ts=-80.2386111111111 +lon_0=-75 +x_0=0 +y_0=0 +datum=WGS84 +units=m +no_defs +type=crs
EPSG,3279,WGS 84 / SCAR IMW SU21-25,+proj=stere +lat_0=-90 +lat_ts=-80.2386111111111 +lon_0=-45 +x_0=0 +y_0=0 +datum=WGS84 +units=m +no_defs +type=crs
EPSG,3280,WGS 84 / SCAR IMW SU26-30,+proj=stere +lat_0=-90 +lat_ts=-80.2386111111111 +lon_0=-15 +x_0=0 +y_0=0 +datum=WGS84 +units=m +no_defs +type=crs
EPSG,3281,WGS 84 / SCAR IMW SU31-35,+proj=stere +lat_0=-90 +lat_ts=-80.2386111111111 +lon_0=15 +x_0=0 +y_0=0 +datum=WGS84 +units=m +no_defs +type=crs
EPSG,3282,WGS 84 / SCAR IMW SU36-40,+proj=stere +lat_0=-90 +lat_ts=-80.2386111111111 +lon_0=45 +x_0=0 +y_0=0 +datum=WGS84 +units=m +no_defs +type=crs
EPSG,3283,WGS 84 / SCAR IMW SU41-45,+proj=stere +lat_0=-90 +lat_ts=-80.2386111111111 +lon_0=75 +x_0=0 +y_0=0 +datum=WGS84 +units=m +no_defs +type=crs
EPSG,3284,WGS 84 / SCAR IMW SU46-50,+proj=stere +lat_0=-90 +lat_ts=-80.2386111111111 +lon_0=105 +x_0=0 +y_0=0 +datum=WGS84 +units=m +no_defs +type=crs
EPSG,3285,WGS 84 / SCAR IMW SU51-55,+proj=stere +lat_0=-90 +lat_ts=-80.2386111111111 +lon_0=135 +x_0=0 +y_0=0 +datum=WGS84 +units=m +no_defs +type=crs
EPSG,3286,WGS 84 / SCAR IMW SU56-60,+proj=stere +lat_0=-90 +lat_ts=-80.2386111111111 +lon_0=165 +x_0=0 +y_0=0 +datum=WGS84 +units=m +no_defs +type=crs
EPSG,3287,WGS 84 / SCAR IMW SV01-10,+proj=stere +lat_0=-90 +lat_ts=-80.2386111111111 +lon_0=-150 +x_0=0 +y_0=0 +datum=WGS84 +units=m +no_defs +type=crs
EPSG,3288,WGS 84 / SCAR IMW SV11-20,+proj=stere +lat_0=-90 +lat_ts=-80.2386111111111 +lon_0=-90 +x_0=0 +y_0=0 +datum=WGS84 +units=m +no_defs +type=crs
EPSG,3289,WGS 84 / SCAR IMW SV21-30,+proj=stere +lat_0=-90 +lat_ts=-80.2386111111111 +lon_0=-30 +x_0=0 +y_0=0 +datum=WGS84 +units=m +no_defs +type=crs
EPSG,3290,WGS 84 / SCAR IMW SV31-40,+proj=stere +lat_0=-90 +lat_ts=-80.2386111111111 +lon_0=30 +x_0=0 +y_0=0 +datum=WGS84 +units=m +no_defs +type=crs
EPSG,3291,WGS 84 / SCAR IMW SV41-50,+proj=stere +lat_0=-90 +lat_ts=-80.2386111111111 +lon_0=90 +x_0=0 +y_0=0 +datum=WGS84 +units=m +no_defs +type=crs
EPSG,3292,WGS 84 / SCAR IMW SV51-60,+proj=stere +lat_0=-90 +lat_ts=-80.2386111111111 +lon_0=150 +x_0=0 +y_0=0 +datum=WGS84 +units=m +no_defs +type=crs
EPSG,3293,WGS 84 / SCAR IMW SW01-60,+proj=stere +lat_0=-90 +lat_ts=-80.2386111111111 +lon_0=0 +x_0=0 +y_0=0 +datum=WGS84 +units=m +no_defs +type=crs
EPSG,3294,WGS 84 / USGS Transantarctic Mountains,+proj=lcc +lat_0=-78 +lon_0=162 +lat_1=-76.6666666666667 +lat_2=-79.3333333333333 +x_0=0 +y_0=0 +datum=WGS84 +units=m +no_defs +type=crs
EPSG,3295,Guam 1963 / Yap Islands,+proj=aeqd +lat_0=9.54670833333333 +lon_0=138.168744444444 +x_0=40000 +y_0=60000 +ellps=clrk66 +units=m +no_defs +type=crs
EPSG,3296,RGPF / UTM zone 5S,+proj=utm +zone=5 +south +ellps=GRS80 +units=m +no_defs +type=crs
EPSG,3297,RGPF / UTM zone 6S,+proj=utm +zone=6 +south +ellps=GRS80 +units=m +no_defs +type=crs
EPSG,3298,RGPF / UTM zone 7S,+proj=utm +zone=7 +south +ellps=GRS80 +units=m +no_defs +type=crs
EPSG,3299,RGPF / UTM zone 8S,+proj=utm +zone=8 +south +ellps=GRS80 +units=m +no_defs +type=crs
EPSG,3300,Estonian Coordinate System of 1992,+proj=lcc +lat_0=57.5175539305556 +lon_0=24 +lat_1=59.3333333333333 +lat_2=58 +x_0=500000 +y_0=6375000 +ellps=GRS80 +units=m +no_defs +type=crs
EPSG,3301,Estonian Coordinate System of 1997,+proj=lcc +lat_0=57.5175539305556 +lon_0=24 +lat_1=59.3333333333333 +lat_2=58 +x_0=500000 +y_0=6375000 +ellps=GRS80 +units=m +no_defs +type=crs
EPSG,3302,IGN63 Hiva Oa / UTM zone 7S,+proj=utm +zone=7 +south +ellps=intl +units=m +no_defs +type=crs
EPSG,3303,Fatu Iva 72 / UTM zone 7S,+proj=utm +zone=7 +south +ellps=intl +units=m +no_defs +type=crs
EPSG,3304,Tahiti 79 / UTM zone 6S,+proj=utm +zone=6 +south +ellps=intl +units=m +no_defs +type=crs
EPSG,3305,Moorea 87 / UTM zone 6S,+proj=utm +zone=6 +south +ellps=intl +units=m +no_defs +type=crs
EPSG,3306,Maupiti 83 / UTM zone 5S,+proj=utm +zone=5 +south +ellps=intl +units=m +no_defs +type=crs
EPSG,3307,Nakhl-e Ghanem / UTM zone 39N,+proj=utm +zone=39 +ellps=WGS84 +units=m +no_defs +type=crs
EPSG,3308,GDA94 / NSW Lambert,+proj=lcc +lat_0=-33.25 +lon_0=147 +lat_1=-30.75 +lat_2=-35.75 +x_0=9300000 +y_0=4500000 +ellps=GRS80 +units=m +no_defs +type=crs
EPSG,3309,NAD27 / California Albers,+proj=aea +lat_0=0 +lon_0=-120 +lat_1=34 +lat_2=40.5 +x_0=0 +y_0=-4000000 +datum=NAD27 +units=m +no_defs +type=crs
EPSG,3310,NAD83 / California Albers,+proj=aea +lat_0=0 +lon_0=-120 +lat_1=34 +lat_2=40.5 +x_0=0 +y_0=-4000000 +datum=NAD83 +units=m +no_defs +type=crs
EPSG,3311,NAD83(HARN) / California Albers,+proj=aea +lat_0=0 +lon_0=-120 +lat_1=34 +lat_2=40.5 +x_0=0 +y_0=-4000000 +ellps=GRS80 +units=m +no_defs +type=crs
EPSG,3312,CSG67 / UTM zone 21N,+proj=utm +zone=21 +ellps=intl +units=m +no_defs +type=crs
EPSG,3313,RGFG95 / UTM zone 21N,+proj=utm +zone=21 +ellps=GRS80 +units=m +no_defs +type=crs
EPSG,3316,Kasai 1953 / Congo TM zone 22,+proj=tmerc +lat_0=0 +lon_0=22 +k=0.9999 +x_0=500000 +y_0=10000000 +a=6378249.145 +rf=293.465 +units=m +no_defs +type=crs
EPSG,3317,Kasai 1953 / Congo TM zone 24,+proj=tmerc +lat_0=0 +lon_0=24 +k=0.9999 +x_0=500000 +y_0=10000000 +a=6378249.145 +rf=293.465 +units=m +no_defs +type=crs
EPSG,3318,IGC 1962 / Congo TM zone 12,+proj=tmerc +lat_0=0 +lon_0=12 +k=0.9999 +x_0=500000 +y_0=10000000 +a=6378249.145 +rf=293.465 +units=m +no_defs +type=crs
EPSG,3319,IGC 1962 / Congo TM zone 14,+proj=tmerc +lat_0=0 +lon_0=14 +k=0.9999 +x_0=500000 +y_0=10000000 +a=6378249.145 +rf=293.465 +units=m +no_defs +type=crs
EPSG,3320,IGC 1962 / Congo TM zone 16,+proj=tmerc +lat_0=0 +lon_0=16 +k=0.9999 +x_0=500000 +y_0=10000000 +a=6378249.145 +rf=293.465 +units=m +no_defs +type=crs
EPSG,3321,IGC 1962 / Congo TM zone 18,+proj=tmerc +lat_0=0 +lon_0=18 +k=0.9999 +x_0=500000 +y_0=10000000 +a=6378249.145 +rf=293.465 +units=m +no_defs +type=crs
EPSG,3322,IGC 1962 / Congo TM zone 20,+proj=tmerc +lat_0=0 +lon_0=20 +k=0.9999 +x_0=500000 +y_0=10000000 +a=6378249.145 +rf=293.465 +units=m +no_defs +type=crs
EPSG,3323,IGC 1962 / Congo TM zone 22,+proj=tmerc +lat_0=0 +lon_0=22 +k=0.9999 +x_0=500000 +y_0=10000000 +a=6378249.145 +rf=293.465 +units=m +no_defs +type=crs
EPSG,3324,IGC 1962 / Congo TM zone 24,+proj=tmerc +lat_0=0 +lon_0=24 +k=0.9999 +x_0=500000 +y_0=10000000 +a=6378249.145 +rf=293.465 +units=m +no_defs +type=crs
EPSG,3325,IGC 1962 / Congo TM zone 26,+proj=tmerc +lat_0=0 +lon_0=26 +k=0.9999 +x_0=500000 +y_0=10000000 +a=6378249.145 +rf=293.465 +units=m +no_defs +type=crs
EPSG,3326,IGC 1962 / Congo TM zone 28,+proj=tmerc +lat_0=0 +lon_0=28 +k=0.9999 +x_0=500000 +y_0=10000000 +a=6378249.145 +rf=293.465 +units=m +no_defs +type=crs
EPSG,3327,IGC 1962 / Congo TM zone 30,+proj=tmerc +lat_0=0 +lon_0=30 +k=0.9999 +x_0=500000 +y_0=10000000 +a=6378249.145 +rf=293.465 +units=m +no_defs +type=crs
EPSG,3328,Pulkovo 1942(58) / GUGiK-80,+proj=sterea +lat_0=52.1666666666667 +lon_0=19.1666666666667 +k=0.999714 +x_0=500000 +y_0=500000 +ellps=krass +units=m +no_defs +type=crs
EPSG,3329,Pulkovo 1942(58) / 3-degree Gauss-Kruger zone 5,+proj=tmerc +lat_0=0 +lon_0=15 +k=1 +x_0=5500000 +y_0=0 +ellps=krass +units=m +no_defs +type=crs
EPSG,3330,Pulkovo 1942(58) / 3-degree Gauss-Kruger zone 6,+proj=tmerc +lat_0=0 +lon_0=18 +k=1 +x_0=6500000 +y_0=0 +ellps=krass +units=m +no_defs +type=crs
EPSG,3331,Pulkovo 1942(58) / 3-degree Gauss-Kruger zone 7,+proj=tmerc +lat_0=0 +lon_0=21 +k=1 +x_0=7500000 +y_0=0 +ellps=krass +units=m +no_defs +type=crs
EPSG,3332,Pulkovo 1942(58) / 3-degree Gauss-Kruger zone 8,+proj=tmerc +lat_0=0 +lon_0=24 +k=1 +x_0=8500000 +y_0=0 +ellps=krass +units=m +no_defs +type=crs
EPSG,3333,Pulkovo 1942(58) / Gauss-Kruger zone 3,+proj=tmerc +lat_0=0 +lon_0=15 +k=1 +x_0=3500000 +y_0=0 +ellps=krass +units=m +no_defs +type=crs
EPSG,3334,Pulkovo 1942(58) / Gauss-Kruger zone 4,+proj=tmerc +lat_0=0 +lon_0=21 +k=1 +x_0=4500000 +y_0=0 +ellps=krass +units=m +no_defs +type=crs
EPSG,3335,Pulkovo 1942(58) / Gauss-Kruger zone 5,+proj=tmerc +lat_0=0 +lon_0=27 +k=1 +x_0=5500000 +y_0=0 +ellps=krass +units=m +no_defs +type=crs
EPSG,3336,IGN 1962 Kerguelen / UTM zone 42S,+proj=utm +zone=42 +south +ellps=intl +units=m +no_defs +type=crs
EPSG,3337,Le Pouce 1934 / Mauritius Grid,+proj=lcc +lat_1=-20.1950694444444 +lat_0=-20.1950694444444 +lon_0=57.5218277777778 +k_0=1 +x_0=1000000 +y_0=1000000 +a=6378249.145 +rf=293.465 +units=m +no_defs +type=crs
EPSG,3338,NAD83 / Alaska Albers,+proj=aea +lat_0=50 +lon_0=-154 +lat_1=55 +lat_2=65 +x_0=0 +y_0=0 +datum=NAD83 +units=m +no_defs +type=crs
EPSG,3339,IGCB 1955 / Congo TM zone 12,+proj=tmerc +lat_0=0 +lon_0=12 +k=0.9999 +x_0=500000 +y_0=10000000 +a=6378249.145 +rf=293.465 +units=m +no_defs +type=crs
EPSG,3340,IGCB 1955 / Congo TM zone 14,+proj=tmerc +lat_0=0 +lon_0=14 +k=0.9999 +x_0=500000 +y_0=10000000 +a=6378249.145 +rf=293.465 +units=m +no_defs +type=crs
EPSG,3341,IGCB 1955 / Congo TM zone 16,+proj=tmerc +lat_0=0 +lon_0=16 +k=0.9999 +x_0=500000 +y_0=10000000 +a=6378249.145 +rf=293.465 +units=m +no_defs +type=crs
EPSG,3342,IGCB 1955 / UTM zone 33S,+proj=utm +zone=33 +south +a=6378249.145 +rf=293.465 +units=m +no_defs +type=crs
EPSG,3343,Mauritania 1999 / UTM zone 28N,+proj=utm +zone=28 +ellps=GRS80 +units=m +no_defs +type=crs
EPSG,3344,Mauritania 1999 / UTM zone 29N,+proj=utm +zone=29 +ellps=GRS80 +units=m +no_defs +type=crs
EPSG,3345,Mauritania 1999 / UTM zone 30N,+proj=utm +zone=30 +ellps=GRS80 +units=m +no_defs +type=crs
EPSG,3346,LKS94 / Lithuania TM,+proj=tmerc +lat_0=0 +lon_0=24 +k=0.9998 +x_0=500000 +y_0=0 +ellps=GRS80 +units=m +no_defs +type=crs
EPSG,3347,NAD83 / Statistics Canada Lambert,+proj=lcc +lat_0=63.390675 +lon_0=-91.8666666666667 +lat_1=49 +lat_2=77 +x_0=6200000 +y_0=3000000 +datum=NAD83 +units=m +no_defs +type=crs
EPSG,3348,NAD83(CSRS) / Statistics Canada Lambert,+proj=lcc +lat_0=63.390675 +lon_0=-91.8666666666667 +lat_1=49 +lat_2=77 +x_0=6200000 +y_0=3000000 +ellps=GRS80 +units=m +no_defs +type=crs
EPSG,3350,Pulkovo 1942 / CS63 zone C0,+proj=tmerc +lat_0=0.1 +lon_0=21.95 +k=1 +x_0=250000 +y_0=0 +ellps=krass +units=m +no_defs +type=crs
EPSG,3351,Pulkovo 1942 / CS63 zone C1,+proj=tmerc +lat_0=0.1 +lon_0=24.95 +k=1 +x_0=1250000 +y_0=0 +ellps=krass +units=m +no_defs +type=crs
EPSG,3352,Pulkovo 1942 / CS63 zone C2,+proj=tmerc +lat_0=0.1 +lon_0=27.95 +k=1 +x_0=2250000 +y_0=0 +ellps=krass +units=m +no_defs +type=crs
EPSG,3353,Mhast (onshore) / UTM zone 32S,+proj=utm +zone=32 +south +ellps=intl +units=m +no_defs +type=crs
EPSG,3354,Mhast (offshore) / UTM zone 32S,+proj=utm +zone=32 +south +ellps=intl +units=m +no_defs +type=crs
EPSG,3355,Egypt Gulf of Suez S-650 TL / Red Belt,+proj=tmerc +lat_0=30 +lon_0=31 +k=1 +x_0=615000 +y_0=810000 +ellps=helmert +units=m +no_defs +type=crs
EPSG,3358,NAD83(HARN) / North Carolina,+proj=lcc +lat_0=33.75 +lon_0=-79 +lat_1=36.1666666666667 +lat_2=34.3333333333333 +x_0=609601.22 +y_0=0 +ellps=GRS80 +units=m +no_defs +type=crs
EPSG,3360,NAD83(HARN) / South Carolina,+proj=lcc +lat_0=31.8333333333333 +lon_0=-81 +lat_1=34.8333333333333 +lat_2=32.5 +x_0=609600 +y_0=0 +ellps=GRS80 +units=m +no_defs +type=crs
EPSG,3361,NAD83(HARN) / South Carolina (ft),+proj=lcc +lat_0=31.8333333333333 +lon_0=-81 +lat_1=34.8333333333333 +lat_2=32.5 +x_0=609600 +y_0=0 +ellps=GRS80 +units=ft +no_defs +type=crs
EPSG,3362,NAD83(HARN) / Pennsylvania North,+proj=lcc +lat_0=40.1666666666667 +lon_0=-77.75 +lat_1=41.95 +lat_2=40.8833333333333 +x_0=600000 +y_0=0 +ellps=GRS80 +units=m +no_defs +type=crs
EPSG,3363,NAD83(HARN) / Pennsylvania North (ftUS),+proj=lcc +lat_0=40.1666666666667 +lon_0=-77.75 +lat_1=41.95 +lat_2=40.8833333333333 +x_0=600000 +y_0=0 +ellps=GRS80 +units=us-ft +no_defs +type=crs
EPSG,3364,NAD83(HARN) / Pennsylvania South,+proj=lcc +lat_0=39.3333333333333 +lon_0=-77.75 +lat_1=40.9666666666667 +lat_2=39.9333333333333 +x_0=600000 +y_0=0 +ellps=GRS80 +units=m +no_defs +type=crs
EPSG,3365,NAD83(HARN) / Pennsylvania South (ftUS),+proj=lcc +lat_0=39.3333333333333 +lon_0=-77.75 +lat_1=40.9666666666667 +lat_2=39.9333333333333 +x_0=600000 +y_0=0 +ellps=GRS80 +units=us-ft +no_defs +type=crs
EPSG,3367,IGN Astro 1960 / UTM zone 28N,+proj=utm +zone=28 +a=6378249.145 +rf=293.465 +units=m +no_defs +type=crs
EPSG,3368,IGN Astro 1960 / UTM zone 29N,+proj=utm +zone=29 +a=6378249.145 +rf=293.465 +units=m +no_defs +type=crs
EPSG,3369,IGN Astro 1960 / UTM zone 30N,+proj=utm +zone=30 +a=6378249.145 +rf=293.465 +units=m +no_defs +type=crs
EPSG,3370,NAD27 / UTM zone 59N,+proj=utm +zone=59 +datum=NAD27 +units=m +no_defs +type=crs
EPSG,3371,NAD27 / UTM zone 60N,+proj=utm +zone=60 +datum=NAD27 +units=m +no_defs +type=crs
EPSG,3372,NAD83 / UTM zone 59N,+proj=utm +zone=59 +datum=NAD83 +units=m +no_defs +type=crs
EPSG,3373,NAD83 / UTM zone 60N,+proj=utm +zone=60 +datum=NAD83 +units=m +no_defs +type=crs
EPSG,3374,FD54 / UTM zone 29N,+proj=utm +zone=29 +ellps=intl +units=m +no_defs +type=crs
EPSG,3375,GDM2000 / Peninsula RSO,+proj=omerc +no_uoff +lat_0=4 +lonc=102.25 +alpha=323.025796466667 +gamma=323.130102361111 +k=0.99984 +x_0=804671 +y_0=0 +ellps=GRS80 +units=m +no_defs +type=crs
EPSG,3376,GDM2000 / East Malaysia BRSO,+proj=omerc +no_uoff +lat_0=4 +lonc=115 +alpha=53.31580995 +gamma=53.1301023611111 +k=0.99984 +x_0=0 +y_0=0 +ellps=GRS80 +units=m +no_defs +type=crs
EPSG,3377,GDM2000 / Johor Grid,+proj=cass +lat_0=2.12167974444444 +lon_0=103.427936236111 +x_0=-14810.562 +y_0=8758.32 +ellps=GRS80 +units=m +no_defs +type=crs
EPSG,3378,GDM2000 / Sembilan and Melaka Grid,+proj=cass +lat_0=2.68234763611111 +lon_0=101.974905041667 +x_0=3673.785 +y_0=-4240.573 +ellps=GRS80 +units=m +no_defs +type=crs
EPSG,3379,GDM2000 / Pahang Grid,+proj=cass +lat_0=3.76938808888889 +lon_0=102.368298983333 +x_0=-7368.228 +y_0=6485.858 +ellps=GRS80 +units=m +no_defs +type=crs
EPSG,3380,GDM2000 / Selangor Grid,+proj=cass +lat_0=3.68464905 +lon_0=101.389107913889 +x_0=-34836.161 +y_0=56464.049 +ellps=GRS80 +units=m +no_defs +type=crs
EPSG,3381,GDM2000 / Terengganu Grid,+proj=cass +lat_0=4.9762852 +lon_0=103.070275625 +x_0=19594.245 +y_0=3371.895 +ellps=GRS80 +units=m +no_defs +type=crs
EPSG,3382,GDM2000 / Pinang Grid,+proj=cass +lat_0=5.42151754166667 +lon_0=100.344376963889 +x_0=-23.414 +y_0=62.283 +ellps=GRS80 +units=m +no_defs +type=crs
EPSG,3383,GDM2000 / Kedah and Perlis Grid,+proj=cass +lat_0=5.96467271388889 +lon_0=100.636371111111 +x_0=0 +y_0=0 +ellps=GRS80 +units=m +no_defs +type=crs
EPSG,3384,GDM2000 / Perak Grid,+proj=cass +lat_0=4.85906302222222 +lon_0=100.815410586111 +x_0=-1.769 +y_0=133454.779 +ellps=GRS80 +units=m +no_defs +type=crs
EPSG,3385,GDM2000 / Kelantan Grid,+proj=cass +lat_0=5.97254365833333 +lon_0=102.295241669444 +x_0=13227.851 +y_0=8739.894 +ellps=GRS80 +units=m +no_defs +type=crs
EPSG,3386,KKJ / Finland zone 0,+proj=tmerc +lat_0=0 +lon_0=18 +k=1 +x_0=500000 +y_0=0 +ellps=intl +units=m +no_defs +type=crs
EPSG,3387,KKJ / Finland zone 5,+proj=tmerc +lat_0=0 +lon_0=33 +k=1 +x_0=5500000 +y_0=0 +ellps=intl +units=m +no_defs +type=crs
EPSG,3388,Pulkovo 1942 / Caspian Sea Mercator,+proj=merc +lat_ts=42 +lon_0=51 +x_0=0 +y_0=0 +ellps=krass +units=m +no_defs +type=crs
EPSG,3389,Pulkovo 1942 / 3-degree Gauss-Kruger zone 60,+proj=tmerc +lat_0=0 +lon_0=180 +k=1 +x_0=60500000 +y_0=0 +ellps=krass +units=m +no_defs +type=crs
EPSG,3390,Pulkovo 1995 / 3-degree Gauss-Kruger zone 60,+proj=tmerc +lat_0=0 +lon_0=180 +k=1 +x_0=60500000 +y_0=0 +ellps=krass +units=m +no_defs +type=crs
EPSG,3391,Karbala 1979 / UTM zone 37N,+proj=utm +zone=37 +a=6378249.145 +rf=293.465 +units=m +no_defs +type=crs
EPSG,3392,Karbala 1979 / UTM zone 38N,+proj=utm +zone=38 +a=6378249.145 +rf=293.465 +units=m +no_defs +type=crs
EPSG,3393,Karbala 1979 / UTM zone 39N,+proj=utm +zone=39 +a=6378249.145 +rf=293.465 +units=m +no_defs +type=crs
EPSG,3394,Nahrwan 1934 / Iraq zone,+proj=lcc +lat_1=32.5 +lat_0=32.5 +lon_0=45 +k_0=0.9987864078 +x_0=1500000 +y_0=1166200 +a=6378249.145 +rf=293.465 +units=m +no_defs +type=crs
EPSG,3395,WGS 84 / World Mercator,+proj=merc +lon_0=0 +k=1 +x_0=0 +y_0=0 +datum=WGS84 +units=m +no_defs +type=crs
EPSG,3396,PD/83 / 3-degree Gauss-Kruger zone 3,+proj=tmerc +lat_0=0 +lon_0=9 +k=1 +x_0=3500000 +y_0=0 +ellps=bessel +units=m +no_defs +type=crs
EPSG,3397,PD/83 / 3-degree Gauss-Kruger zone 4,+proj=tmerc +lat_0=0 +lon_0=12 +k=1 +x_0=4500000 +y_0=0 +ellps=bessel +units=m +no_defs +type=crs
EPSG,3398,RD/83 / 3-degree Gauss-Kruger zone 4,+proj=tmerc +lat_0=0 +lon_0=12 +k=1 +x_0=4500000 +y_0=0 +ellps=bessel +units=m +no_defs +type=crs
EPSG,3399,RD/83 / 3-degree Gauss-Kruger zone 5,+proj=tmerc +lat_0=0 +lon_0=15 +k=1 +x_0=5500000 +y_0=0 +ellps=bessel +units=m +no_defs +type=crs
EPSG,3400,NAD83 / Alberta 10-TM (Forest),+proj=tmerc +lat_0=0 +lon_0=-115 +k=0.9992 +x_0=500000 +y_0=0 +datum=NAD83 +units=m +no_defs +type=crs
EPSG,3401,NAD83 / Alberta 10-TM (Resource),+proj=tmerc +lat_0=0 +lon_0=-115 +k=0.9992 +x_0=0 +y_0=0 +datum=NAD83 +units=m +no_defs +type=crs
EPSG,3402,NAD83(CSRS) / Alberta 10-TM (Forest),+proj=tmerc +lat_0=0 +lon_0=-115 +k=0.9992 +x_0=500000 +y_0=0 +ellps=GRS80 +units=m +no_defs +type=crs
EPSG,3403,NAD83(CSRS) / Alberta 10-TM (Resource),+proj=tmerc +lat_0=0 +lon_0=-115 +k=0.9992 +x_0=0 +y_0=0 +ellps=GRS80 +units=m +no_defs +type=crs
EPSG,3404,NAD83(HARN) / North Carolina (ftUS),+proj=lcc +lat_0=33.75 +lon_0=-79 +lat_1=36.1666666666667 +lat_2=34.3333333333333 +x_0=609601.219202438 +y_0=0 +ellps=GRS80 +units=us-ft +no_defs +type=crs
EPSG,3405,VN-2000 / UTM zone 48N,+proj=utm +zone=48 +ellps=WGS84 +units=m +no_defs +type=crs
EPSG,3406,VN-2000 / UTM zone 49N,+proj=utm +zone=49 +ellps=WGS84 +units=m +no_defs +type=crs
EPSG,3407,Hong Kong 1963 Grid System,+proj=cass +lat_0=22.3121333333333 +lon_0=114.178555555556 +x_0=40243.5777560424 +y_0=19069.9335151258 +a=6378293.64520876 +b=6356617.98767984 +to_meter=0.3047972654 +no_defs +type=crs
EPSG,3408,NSIDC EASE-Grid North,+proj=laea +lat_0=90 +lon_0=0 +x_0=0 +y_0=0 +R=6371228 +units=m +no_defs +type=crs
EPSG,3409,NSIDC EASE-Grid South,+proj=laea +lat_0=-90 +lon_0=0 +x_0=0 +y_0=0 +R=6371228 +units=m +no_defs +type=crs
EPSG,3410,NSIDC EASE-Grid Global,+proj=cea +lat_ts=30 +lon_0=0 +x_0=0 +y_0=0 +R=6371228 +units=m +no_defs +type=crs
EPSG,3411,NSIDC Sea Ice Polar Stereographic North,+proj=stere +lat_0=90 +lat_ts=70 +lon_0=-45 +x_0=0 +y_0=0 +a=6378273 +b=6356889.449 +units=m +no_defs +type=crs
EPSG,3412,NSIDC Sea Ice Polar Stereographic South,+proj=stere +lat_0=-90 +lat_ts=-70 +lon_0=0 +x_0=0 +y_0=0 +a=6378273 +b=6356889.449 +units=m +no_defs +type=crs
EPSG,3413,WGS 84 / NSIDC Sea Ice Polar Stereographic North,+proj=stere +lat_0=90 +lat_ts=70 +lon_0=-45 +x_0=0 +y_0=0 +datum=WGS84 +units=m +no_defs +type=crs
EPSG,3414,SVY21 / Singapore TM,+proj=tmerc +lat_0=1.36666666666667 +lon_0=103.833333333333 +k=1 +x_0=28001.642 +y_0=38744.572 +ellps=WGS84 +units=m +no_defs +type=crs
EPSG,3415,WGS 72BE / South China Sea Lambert,+proj=lcc +lat_0=21 +lon_0=114 +lat_1=18 +lat_2=24 +x_0=500000 +y_0=500000 +ellps=WGS72 +units=m +no_defs +type=crs
EPSG,3416,ETRS89 / Austria Lambert,+proj=lcc +lat_0=47.5 +lon_0=13.3333333333333 +lat_1=49 +lat_2=46 +x_0=400000 +y_0=400000 +ellps=GRS80 +units=m +no_defs +type=crs
EPSG,3417,NAD83 / Iowa North (ftUS),+proj=lcc +lat_0=41.5 +lon_0=-93.5 +lat_1=43.2666666666667 +lat_2=42.0666666666667 +x_0=1500000 +y_0=999999.99998984 +datum=NAD83 +units=us-ft +no_defs +type=crs
EPSG,3418,NAD83 / Iowa South (ftUS),+proj=lcc +lat_0=40 +lon_0=-93.5 +lat_1=41.7833333333333 +lat_2=40.6166666666667 +x_0=500000.00001016 +y_0=0 +datum=NAD83 +units=us-ft +no_defs +type=crs
EPSG,3419,NAD83 / Kansas North (ftUS),+proj=lcc +lat_0=38.3333333333333 +lon_0=-98 +lat_1=39.7833333333333 +lat_2=38.7166666666667 +x_0=399999.99998984 +y_0=0 +datum=NAD83 +units=us-ft +no_defs +type=crs
EPSG,3420,NAD83 / Kansas South (ftUS),+proj=lcc +lat_0=36.6666666666667 +lon_0=-98.5 +lat_1=38.5666666666667 +lat_2=37.2666666666667 +x_0=399999.99998984 +y_0=399999.99998984 +datum=NAD83 +units=us-ft +no_defs +type=crs
EPSG,3421,NAD83 / Nevada East (ftUS),+proj=tmerc +lat_0=34.75 +lon_0=-115.583333333333 +k=0.9999 +x_0=200000.00001016 +y_0=8000000.00001016 +datum=NAD83 +units=us-ft +no_defs +type=crs
EPSG,3422,NAD83 / Nevada Central (ftUS),+proj=tmerc +lat_0=34.75 +lon_0=-116.666666666667 +k=0.9999 +x_0=500000.00001016 +y_0=6000000 +datum=NAD83 +units=us-ft +no_defs +type=crs
EPSG,3423,NAD83 / Nevada West (ftUS),+proj=tmerc +lat_0=34.75 +lon_0=-118.583333333333 +k=0.9999 +x_0=800000.00001016 +y_0=3999999.99998984 +datum=NAD83 +units=us-ft +no_defs +type=crs
EPSG,3424,NAD83 / New Jersey (ftUS),+proj=tmerc +lat_0=38.8333333333333 +lon_0=-74.5 +k=0.9999 +x_0=150000 +y_0=0 +datum=NAD83 +units=us-ft +no_defs +type=crs
EPSG,3425,NAD83(HARN) / Iowa North (ftUS),+proj=lcc +lat_0=41.5 +lon_0=-93.5 +lat_1=43.2666666666667 +lat_2=42.0666666666667 +x_0=1500000 +y_0=999999.99998984 +ellps=GRS80 +units=us-ft +no_defs +type=crs
EPSG,3426,NAD83(HARN) / Iowa South (ftUS),+proj=lcc +lat_0=40 +lon_0=-93.5 +lat_1=41.7833333333333 +lat_2=40.6166666666667 +x_0=500000.00001016 +y_0=0 +ellps=GRS80 +units=us-ft +no_defs +type=crs
EPSG,3427,NAD83(HARN) / Kansas North (ftUS),+proj=lcc +lat_0=38.3333333333333 +lon_0=-98 +lat_1=39.7833333333333 +lat_2=38.7166666666667 +x_0=399999.99998984 +y_0=0 +ellps=GRS80 +units=us-ft +no_defs +type=crs
EPSG,3428,NAD83(HARN) / Kansas South (ftUS),+proj=lcc +lat_0=36.6666666666667 +lon_0=-98.5 +lat_1=38.5666666666667 +lat_2=37.2666666666667 +x_0=399999.99998984 +y_0=399999.99998984 +ellps=GRS80 +units=us-ft +no_defs +type=crs
EPSG,3429,NAD83(HARN) / Nevada East (ftUS),+proj=tmerc +lat_0=34.75 +lon_0=-115.583333333333 +k=0.9999 +x_0=200000.00001016 +y_0=8000000.00001016 +ellps=GRS80 +units=us-ft +no_defs +type=crs
EPSG,3430,NAD83(HARN) / Nevada Central (ftUS),+proj=tmerc +lat_0=34.75 +lon_0=-116.666666666667 +k=0.9999 +x_0=500000.00001016 +y_0=6000000 +ellps=GRS80 +units=us-ft +no_defs +type=crs
EPSG,3431,NAD83(HARN) / Nevada West (ftUS),+proj=tmerc +lat_0=34.75 +lon_0=-118.583333333333 +k=0.9999 +x_0=800000.00001016 +y_0=3999999.99998984 +ellps=GRS80 +units=us-ft +no_defs +type=crs
EPSG,3432,NAD83(HARN) / New Jersey (ftUS),+proj=tmerc +lat_0=38.8333333333333 +lon_0=-74.5 +k=0.9999 +x_0=150000 +y_0=0 +ellps=GRS80 +units=us-ft +no_defs +type=crs
EPSG,3433,NAD83 / Arkansas North (ftUS),+proj=lcc +lat_0=34.3333333333333 +lon_0=-92 +lat_1=36.2333333333333 +lat_2=34.9333333333333 +x_0=399999.99998984 +y_0=0 +datum=NAD83 +units=us-ft +no_defs +type=crs
EPSG,3434,NAD83 / Arkansas South (ftUS),+proj=lcc +lat_0=32.6666666666667 +lon_0=-92 +lat_1=34.7666666666667 +lat_2=33.3 +x_0=399999.99998984 +y_0=399999.99998984 +datum=NAD83 +units=us-ft +no_defs +type=crs
EPSG,3435,NAD83 / Illinois East (ftUS),+proj=tmerc +lat_0=36.6666666666667 +lon_0=-88.3333333333333 +k=0.999975 +x_0=300000 +y_0=0 +datum=NAD83 +units=us-ft +no_defs +type=crs
EPSG,3436,NAD83 / Illinois West (ftUS),+proj=tmerc +lat_0=36.6666666666667 +lon_0=-90.1666666666667 +k=0.999941177 +x_0=699999.99998984 +y_0=0 +datum=NAD83 +units=us-ft +no_defs +type=crs
EPSG,3437,NAD83 / New Hampshire (ftUS),+proj=tmerc +lat_0=42.5 +lon_0=-71.6666666666667 +k=0.999966667 +x_0=300000 +y_0=0 +datum=NAD83 +units=us-ft +no_defs +type=crs
EPSG,3438,NAD83 / Rhode Island (ftUS),+proj=tmerc +lat_0=41.0833333333333 +lon_0=-71.5 +k=0.99999375 +x_0=99999.99998984 +y_0=0 +datum=NAD83 +units=us-ft +no_defs +type=crs
EPSG,3439,PSD93 / UTM zone 39N,+proj=utm +zone=39 +a=6378249.145 +rf=293.465 +units=m +no_defs +type=crs
EPSG,3440,PSD93 / UTM zone 40N,+proj=utm +zone=40 +a=6378249.145 +rf=293.465 +units=m +no_defs +type=crs
EPSG,3441,NAD83(HARN) / Arkansas North (ftUS),+proj=lcc +lat_0=34.3333333333333 +lon_0=-92 +lat_1=36.2333333333333 +lat_2=34.9333333333333 +x_0=399999.99998984 +y_0=0 +ellps=GRS80 +units=us-ft +no_defs +type=crs
EPSG,3442,NAD83(HARN) / Arkansas South (ftUS),+proj=lcc +lat_0=32.6666666666667 +lon_0=-92 +lat_1=34.7666666666667 +lat_2=33.3 +x_0=399999.99998984 +y_0=399999.99998984 +ellps=GRS80 +units=us-ft +no_defs +type=crs
EPSG,3443,NAD83(HARN) / Illinois East (ftUS),+proj=tmerc +lat_0=36.6666666666667 +lon_0=-88.3333333333333 +k=0.999975 +x_0=300000 +y_0=0 +ellps=GRS80 +units=us-ft +no_defs +type=crs
EPSG,3444,NAD83(HARN) / Illinois West (ftUS),+proj=tmerc +lat_0=36.6666666666667 +lon_0=-90.1666666666667 +k=0.999941177 +x_0=699999.99998984 +y_0=0 +ellps=GRS80 +units=us-ft +no_defs +type=crs
EPSG,3445,NAD83(HARN) / New Hampshire (ftUS),+proj=tmerc +lat_0=42.5 +lon_0=-71.6666666666667 +k=0.999966667 +x_0=300000 +y_0=0 +ellps=GRS80 +units=us-ft +no_defs +type=crs
EPSG,3446,NAD83(HARN) / Rhode Island (ftUS),+proj=tmerc +lat_0=41.0833333333333 +lon_0=-71.5 +k=0.99999375 +x_0=99999.99998984 +y_0=0 +ellps=GRS80 +units=us-ft +no_defs +type=crs
EPSG,3447,ETRS89 / Belgian Lambert 2005,+proj=lcc +lat_0=50.797815 +lon_0=4.35921583333333 +lat_1=49.8333333333333 +lat_2=51.1666666666667 +x_0=150328 +y_0=166262 +ellps=GRS80 +units=m +no_defs +type=crs
EPSG,3448,JAD2001 / Jamaica Metric Grid,+proj=lcc +lat_1=18 +lat_0=18 +lon_0=-77 +k_0=1 +x_0=750000 +y_0=650000 +ellps=WGS84 +units=m +no_defs +type=crs
EPSG,3449,JAD2001 / UTM zone 17N,+proj=utm +zone=17 +ellps=WGS84 +units=m +no_defs +type=crs
EPSG,3450,JAD2001 / UTM zone 18N,+proj=utm +zone=18 +ellps=WGS84 +units=m +no_defs +type=crs
EPSG,3451,NAD83 / Louisiana North (ftUS),+proj=lcc +lat_0=30.5 +lon_0=-92.5 +lat_1=32.6666666666667 +lat_2=31.1666666666667 +x_0=999999.99998984 +y_0=0 +datum=NAD83 +units=us-ft +no_defs +type=crs
EPSG,3452,NAD83 / Louisiana South (ftUS),+proj=lcc +lat_0=28.5 +lon_0=-91.3333333333333 +lat_1=30.7 +lat_2=29.3 +x_0=999999.99998984 +y_0=0 +datum=NAD83 +units=us-ft +no_defs +type=crs
EPSG,3453,NAD83 / Louisiana Offshore (ftUS),+proj=lcc +lat_0=25.5 +lon_0=-91.3333333333333 +lat_1=27.8333333333333 +lat_2=26.1666666666667 +x_0=999999.99998984 +y_0=0 +datum=NAD83 +units=us-ft +no_defs +type=crs
EPSG,3455,NAD83 / South Dakota South (ftUS),+proj=lcc +lat_0=42.3333333333333 +lon_0=-100.333333333333 +lat_1=44.4 +lat_2=42.8333333333333 +x_0=600000 +y_0=0 +datum=NAD83 +units=us-ft +no_defs +type=crs
EPSG,3456,NAD83(HARN) / Louisiana North (ftUS),+proj=lcc +lat_0=30.5 +lon_0=-92.5 +lat_1=32.6666666666667 +lat_2=31.1666666666667 +x_0=999999.99998984 +y_0=0 +ellps=GRS80 +units=us-ft +no_defs +type=crs
EPSG,3457,NAD83(HARN) / Louisiana South (ftUS),+proj=lcc +lat_0=28.5 +lon_0=-91.3333333333333 +lat_1=30.7 +lat_2=29.3 +x_0=999999.99998984 +y_0=0 +ellps=GRS80 +units=us-ft +no_defs +type=crs
EPSG,3458,NAD83(HARN) / South Dakota North (ftUS),+proj=lcc +lat_0=43.8333333333333 +lon_0=-100 +lat_1=45.6833333333333 +lat_2=44.4166666666667 +x_0=600000 +y_0=0 +ellps=GRS80 +units=us-ft +no_defs +type=crs
EPSG,3459,NAD83(HARN) / South Dakota South (ftUS),+proj=lcc +lat_0=42.3333333333333 +lon_0=-100.333333333333 +lat_1=44.4 +lat_2=42.8333333333333 +x_0=600000 +y_0=0 +ellps=GRS80 +units=us-ft +no_defs +type=crs
EPSG,3460,Fiji 1986 / Fiji Map Grid,+proj=tmerc +lat_0=-17 +lon_0=178.75 +k=0.99985 +x_0=2000000 +y_0=4000000 +ellps=WGS72 +units=m +no_defs +type=crs
EPSG,3461,Dabola 1981 / UTM zone 28N,+proj=utm +zone=28 +ellps=clrk80ign +units=m +no_defs +type=crs
EPSG,3462,Dabola 1981 / UTM zone 29N,+proj=utm +zone=29 +ellps=clrk80ign +units=m +no_defs +type=crs
EPSG,3463,NAD83 / Maine CS2000 Central,+proj=tmerc +lat_0=43.5 +lon_0=-69.125 +k=0.99998 +x_0=500000 +y_0=0 +datum=NAD83 +units=m +no_defs +type=crs
EPSG,3464,NAD83(HARN) / Maine CS2000 Central,+proj=tmerc +lat_0=43.5 +lon_0=-69.125 +k=0.99998 +x_0=500000 +y_0=0 +ellps=GRS80 +units=m +no_defs +type=crs
EPSG,3465,NAD83(NSRS2007) / Alabama East,+proj=tmerc +lat_0=30.5 +lon_0=-85.8333333333333 +k=0.99996 +x_0=200000 +y_0=0 +ellps=GRS80 +units=m +no_defs +type=crs
EPSG,3466,NAD83(NSRS2007) / Alabama West,+proj=tmerc +lat_0=30 +lon_0=-87.5 +k=0.999933333 +x_0=600000 +y_0=0 +ellps=GRS80 +units=m +no_defs +type=crs
EPSG,3467,NAD83(NSRS2007) / Alaska Albers,+proj=aea +lat_0=50 +lon_0=-154 +lat_1=55 +lat_2=65 +x_0=0 +y_0=0 +ellps=GRS80 +units=m +no_defs +type=crs
EPSG,3468,NAD83(NSRS2007) / Alaska zone 1,+proj=omerc +no_uoff +lat_0=57 +lonc=-133.666666666667 +alpha=323.130102361111 +gamma=323.130102361111 +k=0.9999 +x_0=5000000 +y_0=-5000000 +ellps=GRS80 +units=m +no_defs +type=crs
EPSG,3469,NAD83(NSRS2007) / Alaska zone 2,+proj=tmerc +lat_0=54 +lon_0=-142 +k=0.9999 +x_0=500000 +y_0=0 +ellps=GRS80 +units=m +no_defs +type=crs
EPSG,3470,NAD83(NSRS2007) / Alaska zone 3,+proj=tmerc +lat_0=54 +lon_0=-146 +k=0.9999 +x_0=500000 +y_0=0 +ellps=GRS80 +units=m +no_defs +type=crs
EPSG,3471,NAD83(NSRS2007) / Alaska zone 4,+proj=tmerc +lat_0=54 +lon_0=-150 +k=0.9999 +x_0=500000 +y_0=0 +ellps=GRS80 +units=m +no_defs +type=crs
EPSG,3472,NAD83(NSRS2007) / Alaska zone 5,+proj=tmerc +lat_0=54 +lon_0=-154 +k=0.9999 +x_0=500000 +y_0=0 +ellps=GRS80 +units=m +no_defs +type=crs
EPSG,3473,NAD83(NSRS2007) / Alaska zone 6,+proj=tmerc +lat_0=54 +lon_0=-158 +k=0.9999 +x_0=500000 +y_0=0 +ellps=GRS80 +units=m +no_defs +type=crs
EPSG,3474,NAD83(NSRS2007) / Alaska zone 7,+proj=tmerc +lat_0=54 +lon_0=-162 +k=0.9999 +x_0=500000 +y_0=0 +ellps=GRS80 +units=m +no_defs +type=crs
EPSG,3475,NAD83(NSRS2007) / Alaska zone 8,+proj=tmerc +lat_0=54 +lon_0=-166 +k=0.9999 +x_0=500000 +y_0=0 +ellps=GRS80 +units=m +no_defs +type=crs
EPSG,3476,NAD83(NSRS2007) / Alaska zone 9,+proj=tmerc +lat_0=54 +lon_0=-170 +k=0.9999 +x_0=500000 +y_0=0 +ellps=GRS80 +units=m +no_defs +type=crs
EPSG,3477,NAD83(NSRS2007) / Alaska zone 10,+proj=lcc +lat_0=51 +lon_0=-176 +lat_1=53.8333333333333 +lat_2=51.8333333333333 +x_0=1000000 +y_0=0 +ellps=GRS80 +units=m +no_defs +type=crs
EPSG,3478,NAD83(NSRS2007) / Arizona Central,+proj=tmerc +lat_0=31 +lon_0=-111.916666666667 +k=0.9999 +x_0=213360 +y_0=0 +ellps=GRS80 +units=m +no_defs +type=crs
EPSG,3479,NAD83(NSRS2007) / Arizona Central (ft),+proj=tmerc +lat_0=31 +lon_0=-111.916666666667 +k=0.9999 +x_0=213360 +y_0=0 +ellps=GRS80 +units=ft +no_defs +type=crs
EPSG,3480,NAD83(NSRS2007) / Arizona East,+proj=tmerc +lat_0=31 +lon_0=-110.166666666667 +k=0.9999 +x_0=213360 +y_0=0 +ellps=GRS80 +units=m +no_defs +type=crs
EPSG,3481,NAD83(NSRS2007) / Arizona East (ft),+proj=tmerc +lat_0=31 +lon_0=-110.166666666667 +k=0.9999 +x_0=213360 +y_0=0 +ellps=GRS80 +units=ft +no_defs +type=crs
EPSG,3482,NAD83(NSRS2007) / Arizona West,+proj=tmerc +lat_0=31 +lon_0=-113.75 +k=0.999933333 +x_0=213360 +y_0=0 +ellps=GRS80 +units=m +no_defs +type=crs
EPSG,3483,NAD83(NSRS2007) / Arizona West (ft),+proj=tmerc +lat_0=31 +lon_0=-113.75 +k=0.999933333 +x_0=213360 +y_0=0 +ellps=GRS80 +units=ft +no_defs +type=crs
EPSG,3484,NAD83(NSRS2007) / Arkansas North,+proj=lcc +lat_0=34.3333333333333 +lon_0=-92 +lat_1=36.2333333333333 +lat_2=34.9333333333333 +x_0=400000 +y_0=0 +ellps=GRS80 +units=m +no_defs +type=crs
EPSG,3485,NAD83(NSRS2007) / Arkansas North (ftUS),+proj=lcc +lat_0=34.3333333333333 +lon_0=-92 +lat_1=36.2333333333333 +lat_2=34.9333333333333 +x_0=399999.99998984 +y_0=0 +ellps=GRS80 +units=us-ft +no_defs +type=crs
EPSG,3486,NAD83(NSRS2007) / Arkansas South,+proj=lcc +lat_0=32.6666666666667 +lon_0=-92 +lat_1=34.7666666666667 +lat_2=33.3 +x_0=400000 +y_0=400000 +ellps=GRS80 +units=m +no_defs +type=crs
EPSG,3487,NAD83(NSRS2007) / Arkansas South (ftUS),+proj=lcc +lat_0=32.6666666666667 +lon_0=-92 +lat_1=34.7666666666667 +lat_2=33.3 +x_0=399999.99998984 +y_0=399999.99998984 +ellps=GRS80 +units=us-ft +no_defs +type=crs
EPSG,3488,NAD83(NSRS2007) / California Albers,+proj=aea +lat_0=0 +lon_0=-120 +lat_1=34 +lat_2=40.5 +x_0=0 +y_0=-4000000 +ellps=GRS80 +units=m +no_defs +type=crs
EPSG,3489,NAD83(NSRS2007) / California zone 1,+proj=lcc +lat_0=39.3333333333333 +lon_0=-122 +lat_1=41.6666666666667 +lat_2=40 +x_0=2000000 +y_0=500000 +ellps=GRS80 +units=m +no_defs +type=crs
EPSG,3490,NAD83(NSRS2007) / California zone 1 (ftUS),+proj=lcc +lat_0=39.3333333333333 +lon_0=-122 +lat_1=41.6666666666667 +lat_2=40 +x_0=2000000.0001016 +y_0=500000.0001016 +ellps=GRS80 +units=us-ft +no_defs +type=crs
EPSG,3491,NAD83(NSRS2007) / California zone 2,+proj=lcc +lat_0=37.6666666666667 +lon_0=-122 +lat_1=39.8333333333333 +lat_2=38.3333333333333 +x_0=2000000 +y_0=500000 +ellps=GRS80 +units=m +no_defs +type=crs
EPSG,3492,NAD83(NSRS2007) / California zone 2 (ftUS),+proj=lcc +lat_0=37.6666666666667 +lon_0=-122 +lat_1=39.8333333333333 +lat_2=38.3333333333333 +x_0=2000000.0001016 +y_0=500000.0001016 +ellps=GRS80 +units=us-ft +no_defs +type=crs
EPSG,3493,NAD83(NSRS2007) / California zone 3,+proj=lcc +lat_0=36.5 +lon_0=-120.5 +lat_1=38.4333333333333 +lat_2=37.0666666666667 +x_0=2000000 +y_0=500000 +ellps=GRS80 +units=m +no_defs +type=crs
EPSG,3494,NAD83(NSRS2007) / California zone 3 (ftUS),+proj=lcc +lat_0=36.5 +lon_0=-120.5 +lat_1=38.4333333333333 +lat_2=37.0666666666667 +x_0=2000000.0001016 +y_0=500000.0001016 +ellps=GRS80 +units=us-ft +no_defs +type=crs
EPSG,3495,NAD83(NSRS2007) / California zone 4,+proj=lcc +lat_0=35.3333333333333 +lon_0=-119 +lat_1=37.25 +lat_2=36 +x_0=2000000 +y_0=500000 +ellps=GRS80 +units=m +no_defs +type=crs
EPSG,3496,NAD83(NSRS2007) / California zone 4 (ftUS),+proj=lcc +lat_0=35.3333333333333 +lon_0=-119 +lat_1=37.25 +lat_2=36 +x_0=2000000.0001016 +y_0=500000.0001016 +ellps=GRS80 +units=us-ft +no_defs +type=crs
EPSG,3497,NAD83(NSRS2007) / California zone 5,+proj=lcc +lat_0=33.5 +lon_0=-118 +lat_1=35.4666666666667 +lat_2=34.0333333333333 +x_0=2000000 +y_0=500000 +ellps=GRS80 +units=m +no_defs +type=crs
EPSG,3498,NAD83(NSRS2007) / California zone 5 (ftUS),+proj=lcc +lat_0=33.5 +lon_0=-118 +lat_1=35.4666666666667 +lat_2=34.0333333333333 +x_0=2000000.0001016 +y_0=500000.0001016 +ellps=GRS80 +units=us-ft +no_defs +type=crs
EPSG,3499,NAD83(NSRS2007) / California zone 6,+proj=lcc +lat_0=32.1666666666667 +lon_0=-116.25 +lat_1=33.8833333333333 +lat_2=32.7833333333333 +x_0=2000000 +y_0=500000 +ellps=GRS80 +units=m +no_defs +type=crs
EPSG,3500,NAD83(NSRS2007) / California zone 6 (ftUS),+proj=lcc +lat_0=32.1666666666667 +lon_0=-116.25 +lat_1=33.8833333333333 +lat_2=32.7833333333333 +x_0=2000000.0001016 +y_0=500000.0001016 +ellps=GRS80 +units=us-ft +no_defs +type=crs
EPSG,3501,NAD83(NSRS2007) / Colorado Central,+proj=lcc +lat_0=37.8333333333333 +lon_0=-105.5 +lat_1=39.75 +lat_2=38.45 +x_0=914401.8289 +y_0=304800.6096 +ellps=GRS80 +units=m +no_defs +type=crs
EPSG,3502,NAD83(NSRS2007) / Colorado Central (ftUS),+proj=lcc +lat_0=37.8333333333333 +lon_0=-105.5 +lat_1=39.75 +lat_2=38.45 +x_0=914401.828803658 +y_0=304800.609601219 +ellps=GRS80 +units=us-ft +no_defs +type=crs
EPSG,3503,NAD83(NSRS2007) / Colorado North,+proj=lcc +lat_0=39.3333333333333 +lon_0=-105.5 +lat_1=40.7833333333333 +lat_2=39.7166666666667 +x_0=914401.8289 +y_0=304800.6096 +ellps=GRS80 +units=m +no_defs +type=crs
EPSG,3504,NAD83(NSRS2007) / Colorado North (ftUS),+proj=lcc +lat_0=39.3333333333333 +lon_0=-105.5 +lat_1=40.7833333333333 +lat_2=39.7166666666667 +x_0=914401.828803658 +y_0=304800.609601219 +ellps=GRS80 +units=us-ft +no_defs +type=crs
EPSG,3505,NAD83(NSRS2007) / Colorado South,+proj=lcc +lat_0=36.6666666666667 +lon_0=-105.5 +lat_1=38.4333333333333 +lat_2=37.2333333333333 +x_0=914401.8289 +y_0=304800.6096 +ellps=GRS80 +units=m +no_defs +type=crs
EPSG,3506,NAD83(NSRS2007) / Colorado South (ftUS),+proj=lcc +lat_0=36.6666666666667 +lon_0=-105.5 +lat_1=38.4333333333333 +lat_2=37.2333333333333 +x_0=914401.828803658 +y_0=304800.609601219 +ellps=GRS80 +units=us-ft +no_defs +type=crs
EPSG,3507,NAD83(NSRS2007) / Connecticut,+proj=lcc +lat_0=40.8333333333333 +lon_0=-72.75 +lat_1=41.8666666666667 +lat_2=41.2 +x_0=304800.6096 +y_0=152400.3048 +ellps=GRS80 +units=m +no_defs +type=crs
EPSG,3508,NAD83(NSRS2007) / Connecticut (ftUS),+proj=lcc +lat_0=40.8333333333333 +lon_0=-72.75 +lat_1=41.8666666666667 +lat_2=41.2 +x_0=304800.609601219 +y_0=152400.30480061 +ellps=GRS80 +units=us-ft +no_defs +type=crs
EPSG,3509,NAD83(NSRS2007) / Delaware,+proj=tmerc +lat_0=38 +lon_0=-75.4166666666667 +k=0.999995 +x_0=200000 +y_0=0 +ellps=GRS80 +units=m +no_defs +type=crs
EPSG,3510,NAD83(NSRS2007) / Delaware (ftUS),+proj=tmerc +lat_0=38 +lon_0=-75.4166666666667 +k=0.999995 +x_0=200000.0001016 +y_0=0 +ellps=GRS80 +units=us-ft +no_defs +type=crs
EPSG,3511,NAD83(NSRS2007) / Florida East,+proj=tmerc +lat_0=24.3333333333333 +lon_0=-81 +k=0.999941177 +x_0=200000 +y_0=0 +ellps=GRS80 +units=m +no_defs +type=crs
EPSG,3512,NAD83(NSRS2007) / Florida East (ftUS),+proj=tmerc +lat_0=24.3333333333333 +lon_0=-81 +k=0.999941177 +x_0=200000.0001016 +y_0=0 +ellps=GRS80 +units=us-ft +no_defs +type=crs
EPSG,3513,NAD83(NSRS2007) / Florida GDL Albers,+proj=aea +lat_0=24 +lon_0=-84 +lat_1=24 +lat_2=31.5 +x_0=400000 +y_0=0 +ellps=GRS80 +units=m +no_defs +type=crs
EPSG,3514,NAD83(NSRS2007) / Florida North,+proj=lcc +lat_0=29 +lon_0=-84.5 +lat_1=30.75 +lat_2=29.5833333333333 +x_0=600000 +y_0=0 +ellps=GRS80 +units=m +no_defs +type=crs
EPSG,3515,NAD83(NSRS2007) / Florida North (ftUS),+proj=lcc +lat_0=29 +lon_0=-84.5 +lat_1=30.75 +lat_2=29.5833333333333 +x_0=600000 +y_0=0 +ellps=GRS80 +units=us-ft +no_defs +type=crs
EPSG,3516,NAD83(NSRS2007) / Florida West,+proj=tmerc +lat_0=24.3333333333333 +lon_0=-82 +k=0.999941177 +x_0=200000 +y_0=0 +ellps=GRS80 +units=m +no_defs +type=crs
EPSG,3517,NAD83(NSRS2007) / Florida West (ftUS),+proj=tmerc +lat_0=24.3333333333333 +lon_0=-82 +k=0.999941177 +x_0=200000.0001016 +y_0=0 +ellps=GRS80 +units=us-ft +no_defs +type=crs
EPSG,3518,NAD83(NSRS2007) / Georgia East,+proj=tmerc +lat_0=30 +lon_0=-82.1666666666667 +k=0.9999 +x_0=200000 +y_0=0 +ellps=GRS80 +units=m +no_defs +type=crs
EPSG,3519,NAD83(NSRS2007) / Georgia East (ftUS),+proj=tmerc +lat_0=30 +lon_0=-82.1666666666667 +k=0.9999 +x_0=200000.0001016 +y_0=0 +ellps=GRS80 +units=us-ft +no_defs +type=crs
EPSG,3520,NAD83(NSRS2007) / Georgia West,+proj=tmerc +lat_0=30 +lon_0=-84.1666666666667 +k=0.9999 +x_0=700000 +y_0=0 +ellps=GRS80 +units=m +no_defs +type=crs
EPSG,3521,NAD83(NSRS2007) / Georgia West (ftUS),+proj=tmerc +lat_0=30 +lon_0=-84.1666666666667 +k=0.9999 +x_0=699999.9998984 +y_0=0 +ellps=GRS80 +units=us-ft +no_defs +type=crs
EPSG,3522,NAD83(NSRS2007) / Idaho Central,+proj=tmerc +lat_0=41.6666666666667 +lon_0=-114 +k=0.999947368 +x_0=500000 +y_0=0 +ellps=GRS80 +units=m +no_defs +type=crs
EPSG,3523,NAD83(NSRS2007) / Idaho Central (ftUS),+proj=tmerc +lat_0=41.6666666666667 +lon_0=-114 +k=0.999947368 +x_0=500000.0001016 +y_0=0 +ellps=GRS80 +units=us-ft +no_defs +type=crs
EPSG,3524,NAD83(NSRS2007) / Idaho East,+proj=tmerc +lat_0=41.6666666666667 +lon_0=-112.166666666667 +k=0.999947368 +x_0=200000 +y_0=0 +ellps=GRS80 +units=m +no_defs +type=crs
EPSG,3525,NAD83(NSRS2007) / Idaho East (ftUS),+proj=tmerc +lat_0=41.6666666666667 +lon_0=-112.166666666667 +k=0.999947368 +x_0=200000.0001016 +y_0=0 +ellps=GRS80 +units=us-ft +no_defs +type=crs
EPSG,3526,NAD83(NSRS2007) / Idaho West,+proj=tmerc +lat_0=41.6666666666667 +lon_0=-115.75 +k=0.999933333 +x_0=800000 +y_0=0 +ellps=GRS80 +units=m +no_defs +type=crs
EPSG,3527,NAD83(NSRS2007) / Idaho West (ftUS),+proj=tmerc +lat_0=41.6666666666667 +lon_0=-115.75 +k=0.999933333 +x_0=800000.0001016 +y_0=0 +ellps=GRS80 +units=us-ft +no_defs +type=crs
EPSG,3528,NAD83(NSRS2007) / Illinois East,+proj=tmerc +lat_0=36.6666666666667 +lon_0=-88.3333333333333 +k=0.999975 +x_0=300000 +y_0=0 +ellps=GRS80 +units=m +no_defs +type=crs
EPSG,3529,NAD83(NSRS2007) / Illinois East (ftUS),+proj=tmerc +lat_0=36.6666666666667 +lon_0=-88.3333333333333 +k=0.999975 +x_0=300000 +y_0=0 +ellps=GRS80 +units=us-ft +no_defs +type=crs
EPSG,3530,NAD83(NSRS2007) / Illinois West,+proj=tmerc +lat_0=36.6666666666667 +lon_0=-90.1666666666667 +k=0.999941177 +x_0=700000 +y_0=0 +ellps=GRS80 +units=m +no_defs +type=crs
EPSG,3531,NAD83(NSRS2007) / Illinois West (ftUS),+proj=tmerc +lat_0=36.6666666666667 +lon_0=-90.1666666666667 +k=0.999941177 +x_0=699999.99998984 +y_0=0 +ellps=GRS80 +units=us-ft +no_defs +type=crs
EPSG,3532,NAD83(NSRS2007) / Indiana East,+proj=tmerc +lat_0=37.5 +lon_0=-85.6666666666667 +k=0.999966667 +x_0=100000 +y_0=250000 +ellps=GRS80 +units=m +no_defs +type=crs
EPSG,3533,NAD83(NSRS2007) / Indiana East (ftUS),+proj=tmerc +lat_0=37.5 +lon_0=-85.6666666666667 +k=0.999966667 +x_0=99999.9998983998 +y_0=249999.9998984 +ellps=GRS80 +units=us-ft +no_defs +type=crs
EPSG,3534,NAD83(NSRS2007) / Indiana West,+proj=tmerc +lat_0=37.5 +lon_0=-87.0833333333333 +k=0.999966667 +x_0=900000 +y_0=250000 +ellps=GRS80 +units=m +no_defs +type=crs
EPSG,3535,NAD83(NSRS2007) / Indiana West (ftUS),+proj=tmerc +lat_0=37.5 +lon_0=-87.0833333333333 +k=0.999966667 +x_0=900000 +y_0=249999.9998984 +ellps=GRS80 +units=us-ft +no_defs +type=crs
EPSG,3536,NAD83(NSRS2007) / Iowa North,+proj=lcc +lat_0=41.5 +lon_0=-93.5 +lat_1=43.2666666666667 +lat_2=42.0666666666667 +x_0=1500000 +y_0=1000000 +ellps=GRS80 +units=m +no_defs +type=crs
EPSG,3537,NAD83(NSRS2007) / Iowa North (ftUS),+proj=lcc +lat_0=41.5 +lon_0=-93.5 +lat_1=43.2666666666667 +lat_2=42.0666666666667 +x_0=1500000 +y_0=999999.99998984 +ellps=GRS80 +units=us-ft +no_defs +type=crs
EPSG,3538,NAD83(NSRS2007) / Iowa South,+proj=lcc +lat_0=40 +lon_0=-93.5 +lat_1=41.7833333333333 +lat_2=40.6166666666667 +x_0=500000 +y_0=0 +ellps=GRS80 +units=m +no_defs +type=crs
EPSG,3539,NAD83(NSRS2007) / Iowa South (ftUS),+proj=lcc +lat_0=40 +lon_0=-93.5 +lat_1=41.7833333333333 +lat_2=40.6166666666667 +x_0=500000.00001016 +y_0=0 +ellps=GRS80 +units=us-ft +no_defs +type=crs
EPSG,3540,NAD83(NSRS2007) / Kansas North,+proj=lcc +lat_0=38.3333333333333 +lon_0=-98 +lat_1=39.7833333333333 +lat_2=38.7166666666667 +x_0=400000 +y_0=0 +ellps=GRS80 +units=m +no_defs +type=crs
EPSG,3541,NAD83(NSRS2007) / Kansas North (ftUS),+proj=lcc +lat_0=38.3333333333333 +lon_0=-98 +lat_1=39.7833333333333 +lat_2=38.7166666666667 +x_0=399999.99998984 +y_0=0 +ellps=GRS80 +units=us-ft +no_defs +type=crs
EPSG,3542,NAD83(NSRS2007) / Kansas South,+proj=lcc +lat_0=36.6666666666667 +lon_0=-98.5 +lat_1=38.5666666666667 +lat_2=37.2666666666667 +x_0=400000 +y_0=400000 +ellps=GRS80 +units=m +no_defs +type=crs
EPSG,3543,NAD83(NSRS2007) / Kansas South (ftUS),+proj=lcc +lat_0=36.6666666666667 +lon_0=-98.5 +lat_1=38.5666666666667 +lat_2=37.2666666666667 +x_0=399999.99998984 +y_0=399999.99998984 +ellps=GRS80 +units=us-ft +no_defs +type=crs
EPSG,3544,NAD83(NSRS2007) / Kentucky North,+proj=lcc +lat_0=37.5 +lon_0=-84.25 +lat_1=37.9666666666667 +lat_2=38.9666666666667 +x_0=500000 +y_0=0 +ellps=GRS80 +units=m +no_defs +type=crs
EPSG,3545,NAD83(NSRS2007) / Kentucky North (ftUS),+proj=lcc +lat_0=37.5 +lon_0=-84.25 +lat_1=37.9666666666667 +lat_2=38.9666666666667 +x_0=500000.0001016 +y_0=0 +ellps=GRS80 +units=us-ft +no_defs +type=crs
EPSG,3546,NAD83(NSRS2007) / Kentucky Single Zone,+proj=lcc +lat_0=36.3333333333333 +lon_0=-85.75 +lat_1=37.0833333333333 +lat_2=38.6666666666667 +x_0=1500000 +y_0=1000000 +ellps=GRS80 +units=m +no_defs +type=crs
EPSG,3547,NAD83(NSRS2007) / Kentucky Single Zone (ftUS),+proj=lcc +lat_0=36.3333333333333 +lon_0=-85.75 +lat_1=37.0833333333333 +lat_2=38.6666666666667 +x_0=1500000 +y_0=999999.9998984 +ellps=GRS80 +units=us-ft +no_defs +type=crs
EPSG,3548,NAD83(NSRS2007) / Kentucky South,+proj=lcc +lat_0=36.3333333333333 +lon_0=-85.75 +lat_1=37.9333333333333 +lat_2=36.7333333333333 +x_0=500000 +y_0=500000 +ellps=GRS80 +units=m +no_defs +type=crs
EPSG,3549,NAD83(NSRS2007) / Kentucky South (ftUS),+proj=lcc +lat_0=36.3333333333333 +lon_0=-85.75 +lat_1=37.9333333333333 +lat_2=36.7333333333333 +x_0=500000.0001016 +y_0=500000.0001016 +ellps=GRS80 +units=us-ft +no_defs +type=crs
EPSG,3550,NAD83(NSRS2007) / Louisiana North,+proj=lcc +lat_0=30.5 +lon_0=-92.5 +lat_1=32.6666666666667 +lat_2=31.1666666666667 +x_0=1000000 +y_0=0 +ellps=GRS80 +units=m +no_defs +type=crs
EPSG,3551,NAD83(NSRS2007) / Louisiana North (ftUS),+proj=lcc +lat_0=30.5 +lon_0=-92.5 +lat_1=32.6666666666667 +lat_2=31.1666666666667 +x_0=999999.99998984 +y_0=0 +ellps=GRS80 +units=us-ft +no_defs +type=crs
EPSG,3552,NAD83(NSRS2007) / Louisiana South,+proj=lcc +lat_0=28.5 +lon_0=-91.3333333333333 +lat_1=30.7 +lat_2=29.3 +x_0=1000000 +y_0=0 +ellps=GRS80 +units=m +no_defs +type=crs
EPSG,3553,NAD83(NSRS2007) / Louisiana South (ftUS),+proj=lcc +lat_0=28.5 +lon_0=-91.3333333333333 +lat_1=30.7 +lat_2=29.3 +x_0=999999.99998984 +y_0=0 +ellps=GRS80 +units=us-ft +no_defs +type=crs
EPSG,3554,NAD83(NSRS2007) / Maine CS2000 Central,+proj=tmerc +lat_0=43.5 +lon_0=-69.125 +k=0.99998 +x_0=500000 +y_0=0 +ellps=GRS80 +units=m +no_defs +type=crs
EPSG,3555,NAD83(NSRS2007) / Maine CS2000 East,+proj=tmerc +lat_0=43.8333333333333 +lon_0=-67.875 +k=0.99998 +x_0=700000 +y_0=0 +ellps=GRS80 +units=m +no_defs +type=crs
EPSG,3556,NAD83(NSRS2007) / Maine CS2000 West,+proj=tmerc +lat_0=42.8333333333333 +lon_0=-70.375 +k=0.99998 +x_0=300000 +y_0=0 +ellps=GRS80 +units=m +no_defs +type=crs
EPSG,3557,NAD83(NSRS2007) / Maine East,+proj=tmerc +lat_0=43.6666666666667 +lon_0=-68.5 +k=0.9999 +x_0=300000 +y_0=0 +ellps=GRS80 +units=m +no_defs +type=crs
EPSG,3558,NAD83(NSRS2007) / Maine West,+proj=tmerc +lat_0=42.8333333333333 +lon_0=-70.1666666666667 +k=0.999966667 +x_0=900000 +y_0=0 +ellps=GRS80 +units=m +no_defs +type=crs
EPSG,3559,NAD83(NSRS2007) / Maryland,+proj=lcc +lat_0=37.6666666666667 +lon_0=-77 +lat_1=39.45 +lat_2=38.3 +x_0=400000 +y_0=0 +ellps=GRS80 +units=m +no_defs +type=crs
EPSG,3560,NAD83 / Utah North (ftUS),+proj=lcc +lat_0=40.3333333333333 +lon_0=-111.5 +lat_1=41.7833333333333 +lat_2=40.7166666666667 +x_0=500000.00001016 +y_0=999999.99998984 +datum=NAD83 +units=us-ft +no_defs +type=crs
EPSG,3561,Old Hawaiian / Hawaii zone 1,+proj=tmerc +lat_0=18.8333333333333 +lon_0=-155.5 +k=0.999966667 +x_0=152400.30480061 +y_0=0 +ellps=clrk66 +units=us-ft +no_defs +type=crs
EPSG,3562,Old Hawaiian / Hawaii zone 2,+proj=tmerc +lat_0=20.3333333333333 +lon_0=-156.666666666667 +k=0.999966667 +x_0=152400.30480061 +y_0=0 +ellps=clrk66 +units=us-ft +no_defs +type=crs
EPSG,3563,Old Hawaiian / Hawaii zone 3,+proj=tmerc +lat_0=21.1666666666667 +lon_0=-158 +k=0.99999 +x_0=152400.30480061 +y_0=0 +ellps=clrk66 +units=us-ft +no_defs +type=crs
EPSG,3564,Old Hawaiian / Hawaii zone 4,+proj=tmerc +lat_0=21.8333333333333 +lon_0=-159.5 +k=0.99999 +x_0=152400.30480061 +y_0=0 +ellps=clrk66 +units=us-ft +no_defs +type=crs
EPSG,3565,Old Hawaiian / Hawaii zone 5,+proj=tmerc +lat_0=21.6666666666667 +lon_0=-160.166666666667 +k=1 +x_0=152400.30480061 +y_0=0 +ellps=clrk66 +units=us-ft +no_defs +type=crs
EPSG,3566,NAD83 / Utah Central (ftUS),+proj=lcc +lat_0=38.3333333333333 +lon_0=-111.5 +lat_1=40.65 +lat_2=39.0166666666667 +x_0=500000.00001016 +y_0=2000000.00001016 +datum=NAD83 +units=us-ft +no_defs +type=crs
EPSG,3567,NAD83 / Utah South (ftUS),+proj=lcc +lat_0=36.6666666666667 +lon_0=-111.5 +lat_1=38.35 +lat_2=37.2166666666667 +x_0=500000.00001016 +y_0=3000000 +datum=NAD83 +units=us-ft +no_defs +type=crs
EPSG,3568,NAD83(HARN) / Utah North (ftUS),+proj=lcc +lat_0=40.3333333333333 +lon_0=-111.5 +lat_1=41.7833333333333 +lat_2=40.7166666666667 +x_0=500000.00001016 +y_0=999999.99998984 +ellps=GRS80 +units=us-ft +no_defs +type=crs
EPSG,3569,NAD83(HARN) / Utah Central (ftUS),+proj=lcc +lat_0=38.3333333333333 +lon_0=-111.5 +lat_1=40.65 +lat_2=39.0166666666667 +x_0=500000.00001016 +y_0=2000000.00001016 +ellps=GRS80 +units=us-ft +no_defs +type=crs
EPSG,3570,NAD83(HARN) / Utah South (ftUS),+proj=lcc +lat_0=36.6666666666667 +lon_0=-111.5 +lat_1=38.35 +lat_2=37.2166666666667 +x_0=500000.00001016 +y_0=3000000 +ellps=GRS80 +units=us-ft +no_defs +type=crs
EPSG,3571,WGS 84 / North Pole LAEA Bering Sea,+proj=laea +lat_0=90 +lon_0=180 +x_0=0 +y_0=0 +datum=WGS84 +units=m +no_defs +type=crs
EPSG,3572,WGS 84 / North Pole LAEA Alaska,+proj=laea +lat_0=90 +lon_0=-150 +x_0=0 +y_0=0 +datum=WGS84 +units=m +no_defs +type=crs
EPSG,3573,WGS 84 / North Pole LAEA Canada,+proj=laea +lat_0=90 +lon_0=-100 +x_0=0 +y_0=0 +datum=WGS84 +units=m +no_defs +type=crs
EPSG,3574,WGS 84 / North Pole LAEA Atlantic,+proj=laea +lat_0=90 +lon_0=-40 +x_0=0 +y_0=0 +datum=WGS84 +units=m +no_defs +type=crs
EPSG,3575,WGS 84 / North Pole LAEA Europe,+proj=laea +lat_0=90 +lon_0=10 +x_0=0 +y_0=0 +datum=WGS84 +units=m +no_defs +type=crs
EPSG,3576,WGS 84 / North Pole LAEA Russia,+proj=laea +lat_0=90 +lon_0=90 +x_0=0 +y_0=0 +datum=WGS84 +units=m +no_defs +type=crs
EPSG,3577,GDA94 / Australian Albers,+proj=aea +lat_0=0 +lon_0=132 +lat_1=-18 +lat_2=-36 +x_0=0 +y_0=0 +ellps=GRS80 +units=m +no_defs +type=crs
EPSG,3578,NAD83 / Yukon Albers,+proj=aea +lat_0=59 +lon_0=-132.5 +lat_1=61.6666666666667 +lat_2=68 +x_0=500000 +y_0=500000 +datum=NAD83 +units=m +no_defs +type=crs
EPSG,3579,NAD83(CSRS) / Yukon Albers,+proj=aea +lat_0=59 +lon_0=-132.5 +lat_1=61.6666666666667 +lat_2=68 +x_0=500000 +y_0=500000 +ellps=GRS80 +units=m +no_defs +type=crs
EPSG,3580,NAD83 / NWT Lambert,+proj=lcc +lat_0=0 +lon_0=-112 +lat_1=62 +lat_2=70 +x_0=0 +y_0=0 +datum=NAD83 +units=m +no_defs +type=crs
EPSG,3581,NAD83(CSRS) / NWT Lambert,+proj=lcc +lat_0=0 +lon_0=-112 +lat_1=62 +lat_2=70 +x_0=0 +y_0=0 +ellps=GRS80 +units=m +no_defs +type=crs
EPSG,3582,NAD83(NSRS2007) / Maryland (ftUS),+proj=lcc +lat_0=37.6666666666667 +lon_0=-77 +lat_1=39.45 +lat_2=38.3 +x_0=399999.9998984 +y_0=0 +ellps=GRS80 +units=us-ft +no_defs +type=crs
EPSG,3583,NAD83(NSRS2007) / Massachusetts Island,+proj=lcc +lat_0=41 +lon_0=-70.5 +lat_1=41.4833333333333 +lat_2=41.2833333333333 +x_0=500000 +y_0=0 +ellps=GRS80 +units=m +no_defs +type=crs
EPSG,3584,NAD83(NSRS2007) / Massachusetts Island (ftUS),+proj=lcc +lat_0=41 +lon_0=-70.5 +lat_1=41.4833333333333 +lat_2=41.2833333333333 +x_0=500000.0001016 +y_0=0 +ellps=GRS80 +units=us-ft +no_defs +type=crs
EPSG,3585,NAD83(NSRS2007) / Massachusetts Mainland,+proj=lcc +lat_0=41 +lon_0=-71.5 +lat_1=42.6833333333333 +lat_2=41.7166666666667 +x_0=200000 +y_0=750000 +ellps=GRS80 +units=m +no_defs +type=crs
EPSG,3586,NAD83(NSRS2007) / Massachusetts Mainland (ftUS),+proj=lcc +lat_0=41 +lon_0=-71.5 +lat_1=42.6833333333333 +lat_2=41.7166666666667 +x_0=200000.0001016 +y_0=750000 +ellps=GRS80 +units=us-ft +no_defs +type=crs
EPSG,3587,NAD83(NSRS2007) / Michigan Central,+proj=lcc +lat_0=43.3166666666667 +lon_0=-84.3666666666667 +lat_1=45.7 +lat_2=44.1833333333333 +x_0=6000000 +y_0=0 +ellps=GRS80 +units=m +no_defs +type=crs
EPSG,3588,NAD83(NSRS2007) / Michigan Central (ft),+proj=lcc +lat_0=43.3166666666667 +lon_0=-84.3666666666667 +lat_1=45.7 +lat_2=44.1833333333333 +x_0=5999999.999976 +y_0=0 +ellps=GRS80 +units=ft +no_defs +type=crs
EPSG,3589,NAD83(NSRS2007) / Michigan North,+proj=lcc +lat_0=44.7833333333333 +lon_0=-87 +lat_1=47.0833333333333 +lat_2=45.4833333333333 +x_0=8000000 +y_0=0 +ellps=GRS80 +units=m +no_defs +type=crs
EPSG,3590,NAD83(NSRS2007) / Michigan North (ft),+proj=lcc +lat_0=44.7833333333333 +lon_0=-87 +lat_1=47.0833333333333 +lat_2=45.4833333333333 +x_0=7999999.999968 +y_0=0 +ellps=GRS80 +units=ft +no_defs +type=crs
EPSG,3591,NAD83(NSRS2007) / Michigan Oblique Mercator,+proj=omerc +no_uoff +lat_0=45.3091666666667 +lonc=-86 +alpha=337.25556 +gamma=337.25556 +k=0.9996 +x_0=2546731.496 +y_0=-4354009.816 +ellps=GRS80 +units=m +no_defs +type=crs
EPSG,3592,NAD83(NSRS2007) / Michigan South,+proj=lcc +lat_0=41.5 +lon_0=-84.3666666666667 +lat_1=43.6666666666667 +lat_2=42.1 +x_0=4000000 +y_0=0 +ellps=GRS80 +units=m +no_defs +type=crs
EPSG,3593,NAD83(NSRS2007) / Michigan South (ft),+proj=lcc +lat_0=41.5 +lon_0=-84.3666666666667 +lat_1=43.6666666666667 +lat_2=42.1 +x_0=3999999.999984 +y_0=0 +ellps=GRS80 +units=ft +no_defs +type=crs
EPSG,3594,NAD83(NSRS2007) / Minnesota Central,+proj=lcc +lat_0=45 +lon_0=-94.25 +lat_1=47.05 +lat_2=45.6166666666667 +x_0=800000 +y_0=100000 +ellps=GRS80 +units=m +no_defs +type=crs
EPSG,3595,NAD83(NSRS2007) / Minnesota North,+proj=lcc +lat_0=46.5 +lon_0=-93.1 +lat_1=48.6333333333333 +lat_2=47.0333333333333 +x_0=800000 +y_0=100000 +ellps=GRS80 +units=m +no_defs +type=crs
EPSG,3596,NAD83(NSRS2007) / Minnesota South,+proj=lcc +lat_0=43 +lon_0=-94 +lat_1=45.2166666666667 +lat_2=43.7833333333333 +x_0=800000 +y_0=100000 +ellps=GRS80 +units=m +no_defs +type=crs
EPSG,3597,NAD83(NSRS2007) / Mississippi East,+proj=tmerc +lat_0=29.5 +lon_0=-88.8333333333333 +k=0.99995 +x_0=300000 +y_0=0 +ellps=GRS80 +units=m +no_defs +type=crs
EPSG,3598,NAD83(NSRS2007) / Mississippi East (ftUS),+proj=tmerc +lat_0=29.5 +lon_0=-88.8333333333333 +k=0.99995 +x_0=300000 +y_0=0 +ellps=GRS80 +units=us-ft +no_defs +type=crs
EPSG,3599,NAD83(NSRS2007) / Mississippi West,+proj=tmerc +lat_0=29.5 +lon_0=-90.3333333333333 +k=0.99995 +x_0=700000 +y_0=0 +ellps=GRS80 +units=m +no_defs +type=crs
EPSG,3600,NAD83(NSRS2007) / Mississippi West (ftUS),+proj=tmerc +lat_0=29.5 +lon_0=-90.3333333333333 +k=0.99995 +x_0=699999.9998984 +y_0=0 +ellps=GRS80 +units=us-ft +no_defs +type=crs
EPSG,3601,NAD83(NSRS2007) / Missouri Central,+proj=tmerc +lat_0=35.8333333333333 +lon_0=-92.5 +k=0.999933333 +x_0=500000 +y_0=0 +ellps=GRS80 +units=m +no_defs +type=crs
EPSG,3602,NAD83(NSRS2007) / Missouri East,+proj=tmerc +lat_0=35.8333333333333 +lon_0=-90.5 +k=0.999933333 +x_0=250000 +y_0=0 +ellps=GRS80 +units=m +no_defs +type=crs
EPSG,3603,NAD83(NSRS2007) / Missouri West,+proj=tmerc +lat_0=36.1666666666667 +lon_0=-94.5 +k=0.999941177 +x_0=850000 +y_0=0 +ellps=GRS80 +units=m +no_defs +type=crs
EPSG,3604,NAD83(NSRS2007) / Montana,+proj=lcc +lat_0=44.25 +lon_0=-109.5 +lat_1=49 +lat_2=45 +x_0=600000 +y_0=0 +ellps=GRS80 +units=m +no_defs +type=crs
EPSG,3605,NAD83(NSRS2007) / Montana (ft),+proj=lcc +lat_0=44.25 +lon_0=-109.5 +lat_1=49 +lat_2=45 +x_0=599999.9999976 +y_0=0 +ellps=GRS80 +units=ft +no_defs +type=crs
EPSG,3606,NAD83(NSRS2007) / Nebraska,+proj=lcc +lat_0=39.8333333333333 +lon_0=-100 +lat_1=43 +lat_2=40 +x_0=500000 +y_0=0 +ellps=GRS80 +units=m +no_defs +type=crs
EPSG,3607,NAD83(NSRS2007) / Nevada Central,+proj=tmerc +lat_0=34.75 +lon_0=-116.666666666667 +k=0.9999 +x_0=500000 +y_0=6000000 +ellps=GRS80 +units=m +no_defs +type=crs
EPSG,3608,NAD83(NSRS2007) / Nevada Central (ftUS),+proj=tmerc +lat_0=34.75 +lon_0=-116.666666666667 +k=0.9999 +x_0=500000.00001016 +y_0=6000000 +ellps=GRS80 +units=us-ft +no_defs +type=crs
EPSG,3609,NAD83(NSRS2007) / Nevada East,+proj=tmerc +lat_0=34.75 +lon_0=-115.583333333333 +k=0.9999 +x_0=200000 +y_0=8000000 +ellps=GRS80 +units=m +no_defs +type=crs
EPSG,3610,NAD83(NSRS2007) / Nevada East (ftUS),+proj=tmerc +lat_0=34.75 +lon_0=-115.583333333333 +k=0.9999 +x_0=200000.00001016 +y_0=8000000.00001016 +ellps=GRS80 +units=us-ft +no_defs +type=crs
EPSG,3611,NAD83(NSRS2007) / Nevada West,+proj=tmerc +lat_0=34.75 +lon_0=-118.583333333333 +k=0.9999 +x_0=800000 +y_0=4000000 +ellps=GRS80 +units=m +no_defs +type=crs
EPSG,3612,NAD83(NSRS2007) / Nevada West (ftUS),+proj=tmerc +lat_0=34.75 +lon_0=-118.583333333333 +k=0.9999 +x_0=800000.00001016 +y_0=3999999.99998984 +ellps=GRS80 +units=us-ft +no_defs +type=crs
EPSG,3613,NAD83(NSRS2007) / New Hampshire,+proj=tmerc +lat_0=42.5 +lon_0=-71.6666666666667 +k=0.999966667 +x_0=300000 +y_0=0 +ellps=GRS80 +units=m +no_defs +type=crs
EPSG,3614,NAD83(NSRS2007) / New Hampshire (ftUS),+proj=tmerc +lat_0=42.5 +lon_0=-71.6666666666667 +k=0.999966667 +x_0=300000 +y_0=0 +ellps=GRS80 +units=us-ft +no_defs +type=crs
EPSG,3615,NAD83(NSRS2007) / New Jersey,+proj=tmerc +lat_0=38.8333333333333 +lon_0=-74.5 +k=0.9999 +x_0=150000 +y_0=0 +ellps=GRS80 +units=m +no_defs +type=crs
EPSG,3616,NAD83(NSRS2007) / New Jersey (ftUS),+proj=tmerc +lat_0=38.8333333333333 +lon_0=-74.5 +k=0.9999 +x_0=150000 +y_0=0 +ellps=GRS80 +units=us-ft +no_defs +type=crs
EPSG,3617,NAD83(NSRS2007) / New Mexico Central,+proj=tmerc +lat_0=31 +lon_0=-106.25 +k=0.9999 +x_0=500000 +y_0=0 +ellps=GRS80 +units=m +no_defs +type=crs
EPSG,3618,NAD83(NSRS2007) / New Mexico Central (ftUS),+proj=tmerc +lat_0=31 +lon_0=-106.25 +k=0.9999 +x_0=500000.0001016 +y_0=0 +ellps=GRS80 +units=us-ft +no_defs +type=crs
EPSG,3619,NAD83(NSRS2007) / New Mexico East,+proj=tmerc +lat_0=31 +lon_0=-104.333333333333 +k=0.999909091 +x_0=165000 +y_0=0 +ellps=GRS80 +units=m +no_defs +type=crs
EPSG,3620,NAD83(NSRS2007) / New Mexico East (ftUS),+proj=tmerc +lat_0=31 +lon_0=-104.333333333333 +k=0.999909091 +x_0=165000 +y_0=0 +ellps=GRS80 +units=us-ft +no_defs +type=crs
EPSG,3621,NAD83(NSRS2007) / New Mexico West,+proj=tmerc +lat_0=31 +lon_0=-107.833333333333 +k=0.999916667 +x_0=830000 +y_0=0 +ellps=GRS80 +units=m +no_defs +type=crs
EPSG,3622,NAD83(NSRS2007) / New Mexico West (ftUS),+proj=tmerc +lat_0=31 +lon_0=-107.833333333333 +k=0.999916667 +x_0=830000.0001016 +y_0=0 +ellps=GRS80 +units=us-ft +no_defs +type=crs
EPSG,3623,NAD83(NSRS2007) / New York Central,+proj=tmerc +lat_0=40 +lon_0=-76.5833333333333 +k=0.9999375 +x_0=250000 +y_0=0 +ellps=GRS80 +units=m +no_defs +type=crs
EPSG,3624,NAD83(NSRS2007) / New York Central (ftUS),+proj=tmerc +lat_0=40 +lon_0=-76.5833333333333 +k=0.9999375 +x_0=249999.9998984 +y_0=0 +ellps=GRS80 +units=us-ft +no_defs +type=crs
EPSG,3625,NAD83(NSRS2007) / New York East,+proj=tmerc +lat_0=38.8333333333333 +lon_0=-74.5 +k=0.9999 +x_0=150000 +y_0=0 +ellps=GRS80 +units=m +no_defs +type=crs
EPSG,3626,NAD83(NSRS2007) / New York East (ftUS),+proj=tmerc +lat_0=38.8333333333333 +lon_0=-74.5 +k=0.9999 +x_0=150000 +y_0=0 +ellps=GRS80 +units=us-ft +no_defs +type=crs
EPSG,3627,NAD83(NSRS2007) / New York Long Island,+proj=lcc +lat_0=40.1666666666667 +lon_0=-74 +lat_1=41.0333333333333 +lat_2=40.6666666666667 +x_0=300000 +y_0=0 +ellps=GRS80 +units=m +no_defs +type=crs
EPSG,3628,NAD83(NSRS2007) / New York Long Island (ftUS),+proj=lcc +lat_0=40.1666666666667 +lon_0=-74 +lat_1=41.0333333333333 +lat_2=40.6666666666667 +x_0=300000 +y_0=0 +ellps=GRS80 +units=us-ft +no_defs +type=crs
EPSG,3629,NAD83(NSRS2007) / New York West,+proj=tmerc +lat_0=40 +lon_0=-78.5833333333333 +k=0.9999375 +x_0=350000 +y_0=0 +ellps=GRS80 +units=m +no_defs +type=crs
EPSG,3630,NAD83(NSRS2007) / New York West (ftUS),+proj=tmerc +lat_0=40 +lon_0=-78.5833333333333 +k=0.9999375 +x_0=350000.0001016 +y_0=0 +ellps=GRS80 +units=us-ft +no_defs +type=crs
EPSG,3631,NAD83(NSRS2007) / North Carolina,+proj=lcc +lat_0=33.75 +lon_0=-79 +lat_1=36.1666666666667 +lat_2=34.3333333333333 +x_0=609601.22 +y_0=0 +ellps=GRS80 +units=m +no_defs +type=crs
EPSG,3632,NAD83(NSRS2007) / North Carolina (ftUS),+proj=lcc +lat_0=33.75 +lon_0=-79 +lat_1=36.1666666666667 +lat_2=34.3333333333333 +x_0=609601.219202438 +y_0=0 +ellps=GRS80 +units=us-ft +no_defs +type=crs
EPSG,3633,NAD83(NSRS2007) / North Dakota North,+proj=lcc +lat_0=47 +lon_0=-100.5 +lat_1=48.7333333333333 +lat_2=47.4333333333333 +x_0=600000 +y_0=0 +ellps=GRS80 +units=m +no_defs +type=crs
EPSG,3634,NAD83(NSRS2007) / North Dakota North (ft),+proj=lcc +lat_0=47 +lon_0=-100.5 +lat_1=48.7333333333333 +lat_2=47.4333333333333 +x_0=599999.9999976 +y_0=0 +ellps=GRS80 +units=ft +no_defs +type=crs
EPSG,3635,NAD83(NSRS2007) / North Dakota South,+proj=lcc +lat_0=45.6666666666667 +lon_0=-100.5 +lat_1=47.4833333333333 +lat_2=46.1833333333333 +x_0=600000 +y_0=0 +ellps=GRS80 +units=m +no_defs +type=crs
EPSG,3636,NAD83(NSRS2007) / North Dakota South (ft),+proj=lcc +lat_0=45.6666666666667 +lon_0=-100.5 +lat_1=47.4833333333333 +lat_2=46.1833333333333 +x_0=599999.9999976 +y_0=0 +ellps=GRS80 +units=ft +no_defs +type=crs
EPSG,3637,NAD83(NSRS2007) / Ohio North,+proj=lcc +lat_0=39.6666666666667 +lon_0=-82.5 +lat_1=41.7 +lat_2=40.4333333333333 +x_0=600000 +y_0=0 +ellps=GRS80 +units=m +no_defs +type=crs
EPSG,3638,NAD83(NSRS2007) / Ohio South,+proj=lcc +lat_0=38 +lon_0=-82.5 +lat_1=40.0333333333333 +lat_2=38.7333333333333 +x_0=600000 +y_0=0 +ellps=GRS80 +units=m +no_defs +type=crs
EPSG,3639,NAD83(NSRS2007) / Oklahoma North,+proj=lcc +lat_0=35 +lon_0=-98 +lat_1=36.7666666666667 +lat_2=35.5666666666667 +x_0=600000 +y_0=0 +ellps=GRS80 +units=m +no_defs +type=crs
EPSG,3640,NAD83(NSRS2007) / Oklahoma North (ftUS),+proj=lcc +lat_0=35 +lon_0=-98 +lat_1=36.7666666666667 +lat_2=35.5666666666667 +x_0=600000 +y_0=0 +ellps=GRS80 +units=us-ft +no_defs +type=crs
EPSG,3641,NAD83(NSRS2007) / Oklahoma South,+proj=lcc +lat_0=33.3333333333333 +lon_0=-98 +lat_1=35.2333333333333 +lat_2=33.9333333333333 +x_0=600000 +y_0=0 +ellps=GRS80 +units=m +no_defs +type=crs
EPSG,3642,NAD83(NSRS2007) / Oklahoma South (ftUS),+proj=lcc +lat_0=33.3333333333333 +lon_0=-98 +lat_1=35.2333333333333 +lat_2=33.9333333333333 +x_0=600000 +y_0=0 +ellps=GRS80 +units=us-ft +no_defs +type=crs
EPSG,3643,NAD83(NSRS2007) / Oregon LCC (m),+proj=lcc +lat_0=41.75 +lon_0=-120.5 +lat_1=43 +lat_2=45.5 +x_0=400000 +y_0=0 +ellps=GRS80 +units=m +no_defs +type=crs
EPSG,3644,NAD83(NSRS2007) / Oregon GIC Lambert (ft),+proj=lcc +lat_0=41.75 +lon_0=-120.5 +lat_1=43 +lat_2=45.5 +x_0=399999.9999984 +y_0=0 +ellps=GRS80 +units=ft +no_defs +type=crs
EPSG,3645,NAD83(NSRS2007) / Oregon North,+proj=lcc +lat_0=43.6666666666667 +lon_0=-120.5 +lat_1=46 +lat_2=44.3333333333333 +x_0=2500000 +y_0=0 +ellps=GRS80 +units=m +no_defs +type=crs
EPSG,3646,NAD83(NSRS2007) / Oregon North (ft),+proj=lcc +lat_0=43.6666666666667 +lon_0=-120.5 +lat_1=46 +lat_2=44.3333333333333 +x_0=2500000.0001424 +y_0=0 +ellps=GRS80 +units=ft +no_defs +type=crs
EPSG,3647,NAD83(NSRS2007) / Oregon South,+proj=lcc +lat_0=41.6666666666667 +lon_0=-120.5 +lat_1=44 +lat_2=42.3333333333333 +x_0=1500000 +y_0=0 +ellps=GRS80 +units=m +no_defs +type=crs
EPSG,3648,NAD83(NSRS2007) / Oregon South (ft),+proj=lcc +lat_0=41.6666666666667 +lon_0=-120.5 +lat_1=44 +lat_2=42.3333333333333 +x_0=1500000.0001464 +y_0=0 +ellps=GRS80 +units=ft +no_defs +type=crs
EPSG,3649,NAD83(NSRS2007) / Pennsylvania North,+proj=lcc +lat_0=40.1666666666667 +lon_0=-77.75 +lat_1=41.95 +lat_2=40.8833333333333 +x_0=600000 +y_0=0 +ellps=GRS80 +units=m +no_defs +type=crs
EPSG,3650,NAD83(NSRS2007) / Pennsylvania North (ftUS),+proj=lcc +lat_0=40.1666666666667 +lon_0=-77.75 +lat_1=41.95 +lat_2=40.8833333333333 +x_0=600000 +y_0=0 +ellps=GRS80 +units=us-ft +no_defs +type=crs
EPSG,3651,NAD83(NSRS2007) / Pennsylvania South,+proj=lcc +lat_0=39.3333333333333 +lon_0=-77.75 +lat_1=40.9666666666667 +lat_2=39.9333333333333 +x_0=600000 +y_0=0 +ellps=GRS80 +units=m +no_defs +type=crs
EPSG,3652,NAD83(NSRS2007) / Pennsylvania South (ftUS),+proj=lcc +lat_0=39.3333333333333 +lon_0=-77.75 +lat_1=40.9666666666667 +lat_2=39.9333333333333 +x_0=600000 +y_0=0 +ellps=GRS80 +units=us-ft +no_defs +type=crs
EPSG,3653,NAD83(NSRS2007) / Rhode Island,+proj=tmerc +lat_0=41.0833333333333 +lon_0=-71.5 +k=0.99999375 +x_0=100000 +y_0=0 +ellps=GRS80 +units=m +no_defs +type=crs
EPSG,3654,NAD83(NSRS2007) / Rhode Island (ftUS),+proj=tmerc +lat_0=41.0833333333333 +lon_0=-71.5 +k=0.99999375 +x_0=99999.99998984 +y_0=0 +ellps=GRS80 +units=us-ft +no_defs +type=crs
EPSG,3655,NAD83(NSRS2007) / South Carolina,+proj=lcc +lat_0=31.8333333333333 +lon_0=-81 +lat_1=34.8333333333333 +lat_2=32.5 +x_0=609600 +y_0=0 +ellps=GRS80 +units=m +no_defs +type=crs
EPSG,3656,NAD83(NSRS2007) / South Carolina (ft),+proj=lcc +lat_0=31.8333333333333 +lon_0=-81 +lat_1=34.8333333333333 +lat_2=32.5 +x_0=609600 +y_0=0 +ellps=GRS80 +units=ft +no_defs +type=crs
EPSG,3657,NAD83(NSRS2007) / South Dakota North,+proj=lcc +lat_0=43.8333333333333 +lon_0=-100 +lat_1=45.6833333333333 +lat_2=44.4166666666667 +x_0=600000 +y_0=0 +ellps=GRS80 +units=m +no_defs +type=crs
EPSG,3658,NAD83(NSRS2007) / South Dakota North (ftUS),+proj=lcc +lat_0=43.8333333333333 +lon_0=-100 +lat_1=45.6833333333333 +lat_2=44.4166666666667 +x_0=600000 +y_0=0 +ellps=GRS80 +units=us-ft +no_defs +type=crs
EPSG,3659,NAD83(NSRS2007) / South Dakota South,+proj=lcc +lat_0=42.3333333333333 +lon_0=-100.333333333333 +lat_1=44.4 +lat_2=42.8333333333333 +x_0=600000 +y_0=0 +ellps=GRS80 +units=m +no_defs +type=crs
EPSG,3660,NAD83(NSRS2007) / South Dakota South (ftUS),+proj=lcc +lat_0=42.3333333333333 +lon_0=-100.333333333333 +lat_1=44.4 +lat_2=42.8333333333333 +x_0=600000 +y_0=0 +ellps=GRS80 +units=us-ft +no_defs +type=crs
EPSG,3661,NAD83(NSRS2007) / Tennessee,+proj=lcc +lat_0=34.3333333333333 +lon_0=-86 +lat_1=36.4166666666667 +lat_2=35.25 +x_0=600000 +y_0=0 +ellps=GRS80 +units=m +no_defs +type=crs
EPSG,3662,NAD83(NSRS2007) / Tennessee (ftUS),+proj=lcc +lat_0=34.3333333333333 +lon_0=-86 +lat_1=36.4166666666667 +lat_2=35.25 +x_0=600000 +y_0=0 +ellps=GRS80 +units=us-ft +no_defs +type=crs
EPSG,3663,NAD83(NSRS2007) / Texas Central,+proj=lcc +lat_0=29.6666666666667 +lon_0=-100.333333333333 +lat_1=31.8833333333333 +lat_2=30.1166666666667 +x_0=700000 +y_0=3000000 +ellps=GRS80 +units=m +no_defs +type=crs
EPSG,3664,NAD83(NSRS2007) / Texas Central (ftUS),+proj=lcc +lat_0=29.6666666666667 +lon_0=-100.333333333333 +lat_1=31.8833333333333 +lat_2=30.1166666666667 +x_0=699999.9998984 +y_0=3000000 +ellps=GRS80 +units=us-ft +no_defs +type=crs
EPSG,3665,NAD83(NSRS2007) / Texas Centric Albers Equal Area,+proj=aea +lat_0=18 +lon_0=-100 +lat_1=27.5 +lat_2=35 +x_0=1500000 +y_0=6000000 +ellps=GRS80 +units=m +no_defs +type=crs
EPSG,3666,NAD83(NSRS2007) / Texas Centric Lambert Conformal,+proj=lcc +lat_0=18 +lon_0=-100 +lat_1=27.5 +lat_2=35 +x_0=1500000 +y_0=5000000 +ellps=GRS80 +units=m +no_defs +type=crs
EPSG,3667,NAD83(NSRS2007) / Texas North,+proj=lcc +lat_0=34 +lon_0=-101.5 +lat_1=36.1833333333333 +lat_2=34.65 +x_0=200000 +y_0=1000000 +ellps=GRS80 +units=m +no_defs +type=crs
EPSG,3668,NAD83(NSRS2007) / Texas North (ftUS),+proj=lcc +lat_0=34 +lon_0=-101.5 +lat_1=36.1833333333333 +lat_2=34.65 +x_0=200000.0001016 +y_0=999999.9998984 +ellps=GRS80 +units=us-ft +no_defs +type=crs
EPSG,3669,NAD83(NSRS2007) / Texas North Central,+proj=lcc +lat_0=31.6666666666667 +lon_0=-98.5 +lat_1=33.9666666666667 +lat_2=32.1333333333333 +x_0=600000 +y_0=2000000 +ellps=GRS80 +units=m +no_defs +type=crs
EPSG,3670,NAD83(NSRS2007) / Texas North Central (ftUS),+proj=lcc +lat_0=31.6666666666667 +lon_0=-98.5 +lat_1=33.9666666666667 +lat_2=32.1333333333333 +x_0=600000 +y_0=2000000.0001016 +ellps=GRS80 +units=us-ft +no_defs +type=crs
EPSG,3671,NAD83(NSRS2007) / Texas South,+proj=lcc +lat_0=25.6666666666667 +lon_0=-98.5 +lat_1=27.8333333333333 +lat_2=26.1666666666667 +x_0=300000 +y_0=5000000 +ellps=GRS80 +units=m +no_defs +type=crs
EPSG,3672,NAD83(NSRS2007) / Texas South (ftUS),+proj=lcc +lat_0=25.6666666666667 +lon_0=-98.5 +lat_1=27.8333333333333 +lat_2=26.1666666666667 +x_0=300000 +y_0=5000000.0001016 +ellps=GRS80 +units=us-ft +no_defs +type=crs
EPSG,3673,NAD83(NSRS2007) / Texas South Central,+proj=lcc +lat_0=27.8333333333333 +lon_0=-99 +lat_1=30.2833333333333 +lat_2=28.3833333333333 +x_0=600000 +y_0=4000000 +ellps=GRS80 +units=m +no_defs +type=crs
EPSG,3674,NAD83(NSRS2007) / Texas South Central (ftUS),+proj=lcc +lat_0=27.8333333333333 +lon_0=-99 +lat_1=30.2833333333333 +lat_2=28.3833333333333 +x_0=600000 +y_0=3999999.9998984 +ellps=GRS80 +units=us-ft +no_defs +type=crs
EPSG,3675,NAD83(NSRS2007) / Utah Central,+proj=lcc +lat_0=38.3333333333333 +lon_0=-111.5 +lat_1=40.65 +lat_2=39.0166666666667 +x_0=500000 +y_0=2000000 +ellps=GRS80 +units=m +no_defs +type=crs
EPSG,3676,NAD83(NSRS2007) / Utah Central (ft),+proj=lcc +lat_0=38.3333333333333 +lon_0=-111.5 +lat_1=40.65 +lat_2=39.0166666666667 +x_0=500000.0001504 +y_0=1999999.999992 +ellps=GRS80 +units=ft +no_defs +type=crs
EPSG,3677,NAD83(NSRS2007) / Utah Central (ftUS),+proj=lcc +lat_0=38.3333333333333 +lon_0=-111.5 +lat_1=40.65 +lat_2=39.0166666666667 +x_0=500000.00001016 +y_0=2000000.00001016 +ellps=GRS80 +units=us-ft +no_defs +type=crs
EPSG,3678,NAD83(NSRS2007) / Utah North,+proj=lcc +lat_0=40.3333333333333 +lon_0=-111.5 +lat_1=41.7833333333333 +lat_2=40.7166666666667 +x_0=500000 +y_0=1000000 +ellps=GRS80 +units=m +no_defs +type=crs
EPSG,3679,NAD83(NSRS2007) / Utah North (ft),+proj=lcc +lat_0=40.3333333333333 +lon_0=-111.5 +lat_1=41.7833333333333 +lat_2=40.7166666666667 +x_0=500000.0001504 +y_0=999999.999996 +ellps=GRS80 +units=ft +no_defs +type=crs
EPSG,3680,NAD83(NSRS2007) / Utah North (ftUS),+proj=lcc +lat_0=40.3333333333333 +lon_0=-111.5 +lat_1=41.7833333333333 +lat_2=40.7166666666667 +x_0=500000.00001016 +y_0=999999.99998984 +ellps=GRS80 +units=us-ft +no_defs +type=crs
EPSG,3681,NAD83(NSRS2007) / Utah South,+proj=lcc +lat_0=36.6666666666667 +lon_0=-111.5 +lat_1=38.35 +lat_2=37.2166666666667 +x_0=500000 +y_0=3000000 +ellps=GRS80 +units=m +no_defs +type=crs
EPSG,3682,NAD83(NSRS2007) / Utah South (ft),+proj=lcc +lat_0=36.6666666666667 +lon_0=-111.5 +lat_1=38.35 +lat_2=37.2166666666667 +x_0=500000.0001504 +y_0=2999999.999988 +ellps=GRS80 +units=ft +no_defs +type=crs
EPSG,3683,NAD83(NSRS2007) / Utah South (ftUS),+proj=lcc +lat_0=36.6666666666667 +lon_0=-111.5 +lat_1=38.35 +lat_2=37.2166666666667 +x_0=500000.00001016 +y_0=3000000 +ellps=GRS80 +units=us-ft +no_defs +type=crs
EPSG,3684,NAD83(NSRS2007) / Vermont,+proj=tmerc +lat_0=42.5 +lon_0=-72.5 +k=0.999964286 +x_0=500000 +y_0=0 +ellps=GRS80 +units=m +no_defs +type=crs
EPSG,3685,NAD83(NSRS2007) / Virginia North,+proj=lcc +lat_0=37.6666666666667 +lon_0=-78.5 +lat_1=39.2 +lat_2=38.0333333333333 +x_0=3500000 +y_0=2000000 +ellps=GRS80 +units=m +no_defs +type=crs
EPSG,3686,NAD83(NSRS2007) / Virginia North (ftUS),+proj=lcc +lat_0=37.6666666666667 +lon_0=-78.5 +lat_1=39.2 +lat_2=38.0333333333333 +x_0=3500000.0001016 +y_0=2000000.0001016 +ellps=GRS80 +units=us-ft +no_defs +type=crs
EPSG,3687,NAD83(NSRS2007) / Virginia South,+proj=lcc +lat_0=36.3333333333333 +lon_0=-78.5 +lat_1=37.9666666666667 +lat_2=36.7666666666667 +x_0=3500000 +y_0=1000000 +ellps=GRS80 +units=m +no_defs +type=crs
EPSG,3688,NAD83(NSRS2007) / Virginia South (ftUS),+proj=lcc +lat_0=36.3333333333333 +lon_0=-78.5 +lat_1=37.9666666666667 +lat_2=36.7666666666667 +x_0=3500000.0001016 +y_0=999999.9998984 +ellps=GRS80 +units=us-ft +no_defs +type=crs
EPSG,3689,NAD83(NSRS2007) / Washington North,+proj=lcc +lat_0=47 +lon_0=-120.833333333333 +lat_1=48.7333333333333 +lat_2=47.5 +x_0=500000 +y_0=0 +ellps=GRS80 +units=m +no_defs +type=crs
EPSG,3690,NAD83(NSRS2007) / Washington North (ftUS),+proj=lcc +lat_0=47 +lon_0=-120.833333333333 +lat_1=48.7333333333333 +lat_2=47.5 +x_0=500000.0001016 +y_0=0 +ellps=GRS80 +units=us-ft +no_defs +type=crs
EPSG,3691,NAD83(NSRS2007) / Washington South,+proj=lcc +lat_0=45.3333333333333 +lon_0=-120.5 +lat_1=47.3333333333333 +lat_2=45.8333333333333 +x_0=500000 +y_0=0 +ellps=GRS80 +units=m +no_defs +type=crs
EPSG,3692,NAD83(NSRS2007) / Washington South (ftUS),+proj=lcc +lat_0=45.3333333333333 +lon_0=-120.5 +lat_1=47.3333333333333 +lat_2=45.8333333333333 +x_0=500000.0001016 +y_0=0 +ellps=GRS80 +units=us-ft +no_defs +type=crs
EPSG,3693,NAD83(NSRS2007) / West Virginia North,+proj=lcc +lat_0=38.5 +lon_0=-79.5 +lat_1=40.25 +lat_2=39 +x_0=600000 +y_0=0 +ellps=GRS80 +units=m +no_defs +type=crs
EPSG,3694,NAD83(NSRS2007) / West Virginia South,+proj=lcc +lat_0=37 +lon_0=-81 +lat_1=38.8833333333333 +lat_2=37.4833333333333 +x_0=600000 +y_0=0 +ellps=GRS80 +units=m +no_defs +type=crs
EPSG,3695,NAD83(NSRS2007) / Wisconsin Central,+proj=lcc +lat_0=43.8333333333333 +lon_0=-90 +lat_1=45.5 +lat_2=44.25 +x_0=600000 +y_0=0 +ellps=GRS80 +units=m +no_defs +type=crs
EPSG,3696,NAD83(NSRS2007) / Wisconsin Central (ftUS),+proj=lcc +lat_0=43.8333333333333 +lon_0=-90 +lat_1=45.5 +lat_2=44.25 +x_0=600000 +y_0=0 +ellps=GRS80 +units=us-ft +no_defs +type=crs
EPSG,3697,NAD83(NSRS2007) / Wisconsin North,+proj=lcc +lat_0=45.1666666666667 +lon_0=-90 +lat_1=46.7666666666667 +lat_2=45.5666666666667 +x_0=600000 +y_0=0 +ellps=GRS80 +units=m +no_defs +type=crs
EPSG,3698,NAD83(NSRS2007) / Wisconsin North (ftUS),+proj=lcc +lat_0=45.1666666666667 +lon_0=-90 +lat_1=46.7666666666667 +lat_2=45.5666666666667 +x_0=600000 +y_0=0 +ellps=GRS80 +units=us-ft +no_defs +type=crs
EPSG,3699,NAD83(NSRS2007) / Wisconsin South,+proj=lcc +lat_0=42 +lon_0=-90 +lat_1=44.0666666666667 +lat_2=42.7333333333333 +x_0=600000 +y_0=0 +ellps=GRS80 +units=m +no_defs +type=crs
EPSG,3700,NAD83(NSRS2007) / Wisconsin South (ftUS),+proj=lcc +lat_0=42 +lon_0=-90 +lat_1=44.0666666666667 +lat_2=42.7333333333333 +x_0=600000 +y_0=0 +ellps=GRS80 +units=us-ft +no_defs +type=crs
EPSG,3701,NAD83(NSRS2007) / Wisconsin Transverse Mercator,+proj=tmerc +lat_0=0 +lon_0=-90 +k=0.9996 +x_0=520000 +y_0=-4480000 +ellps=GRS80 +units=m +no_defs +type=crs
EPSG,3702,NAD83(NSRS2007) / Wyoming East,+proj=tmerc +lat_0=40.5 +lon_0=-105.166666666667 +k=0.9999375 +x_0=200000 +y_0=0 +ellps=GRS80 +units=m +no_defs +type=crs
EPSG,3703,NAD83(NSRS2007) / Wyoming East Central,+proj=tmerc +lat_0=40.5 +lon_0=-107.333333333333 +k=0.9999375 +x_0=400000 +y_0=100000 +ellps=GRS80 +units=m +no_defs +type=crs
EPSG,3704,NAD83(NSRS2007) / Wyoming West Central,+proj=tmerc +lat_0=40.5 +lon_0=-108.75 +k=0.9999375 +x_0=600000 +y_0=0 +ellps=GRS80 +units=m +no_defs +type=crs
EPSG,3705,NAD83(NSRS2007) / Wyoming West,+proj=tmerc +lat_0=40.5 +lon_0=-110.083333333333 +k=0.9999375 +x_0=800000 +y_0=100000 +ellps=GRS80 +units=m +no_defs +type=crs
EPSG,3706,NAD83(NSRS2007) / UTM zone 59N,+proj=utm +zone=59 +ellps=GRS80 +units=m +no_defs +type=crs
EPSG,3707,NAD83(NSRS2007) / UTM zone 60N,+proj=utm +zone=60 +ellps=GRS80 +units=m +no_defs +type=crs
EPSG,3708,NAD83(NSRS2007) / UTM zone 1N,+proj=utm +zone=1 +ellps=GRS80 +units=m +no_defs +type=crs
EPSG,3709,NAD83(NSRS2007) / UTM zone 2N,+proj=utm +zone=2 +ellps=GRS80 +units=m +no_defs +type=crs
EPSG,3710,NAD83(NSRS2007) / UTM zone 3N,+proj=utm +zone=3 +ellps=GRS80 +units=m +no_defs +type=crs
EPSG,3711,NAD83(NSRS2007) / UTM zone 4N,+proj=utm +zone=4 +ellps=GRS80 +units=m +no_defs +type=crs
EPSG,3712,NAD83(NSRS2007) / UTM zone 5N,+proj=utm +zone=5 +ellps=GRS80 +units=m +no_defs +type=crs
EPSG,3713,NAD83(NSRS2007) / UTM zone 6N,+proj=utm +zone=6 +ellps=GRS80 +units=m +no_defs +type=crs
EPSG,3714,NAD83(NSRS2007) / UTM zone 7N,+proj=utm +zone=7 +ellps=GRS80 +units=m +no_defs +type=crs
EPSG,3715,NAD83(NSRS2007) / UTM zone 8N,+proj=utm +zone=8 +ellps=GRS80 +units=m +no_defs +type=crs
EPSG,3716,NAD83(NSRS2007) / UTM zone 9N,+proj=utm +zone=9 +ellps=GRS80 +units=m +no_defs +type=crs
EPSG,3717,NAD83(NSRS2007) / UTM zone 10N,+proj=utm +zone=10 +ellps=GRS80 +units=m +no_defs +type=crs
EPSG,3718,NAD83(NSRS2007) / UTM zone 11N,+proj=utm +zone=11 +ellps=GRS80 +units=m +no_defs +type=crs
EPSG,3719,NAD83(NSRS2007) / UTM zone 12N,+proj=utm +zone=12 +ellps=GRS80 +units=m +no_defs +type=crs
EPSG,3720,NAD83(NSRS2007) / UTM zone 13N,+proj=utm +zone=13 +ellps=GRS80 +units=m +no_defs +type=crs
EPSG,3721,NAD83(NSRS2007) / UTM zone 14N,+proj=utm +zone=14 +ellps=GRS80 +units=m +no_defs +type=crs
EPSG,3722,NAD83(NSRS2007) / UTM zone 15N,+proj=utm +zone=15 +ellps=GRS80 +units=m +no_defs +type=crs
EPSG,3723,NAD83(NSRS2007) / UTM zone 16N,+proj=utm +zone=16 +ellps=GRS80 +units=m +no_defs +type=crs
EPSG,3724,NAD83(NSRS2007) / UTM zone 17N,+proj=utm +zone=17 +ellps=GRS80 +units=m +no_defs +type=crs
EPSG,3725,NAD83(NSRS2007) / UTM zone 18N,+proj=utm +zone=18 +ellps=GRS80 +units=m +no_defs +type=crs
EPSG,3726,NAD83(NSRS2007) / UTM zone 19N,+proj=utm +zone=19 +ellps=GRS80 +units=m +no_defs +type=crs
EPSG,3727,Reunion 1947 / TM Reunion,+proj=tmerc +lat_0=-21.1166666666667 +lon_0=55.5333333333333 +k=1 +x_0=160000 +y_0=50000 +ellps=intl +units=m +no_defs +type=crs
EPSG,3728,NAD83(NSRS2007) / Ohio North (ftUS),+proj=lcc +lat_0=39.6666666666667 +lon_0=-82.5 +lat_1=41.7 +lat_2=40.4333333333333 +x_0=600000 +y_0=0 +ellps=GRS80 +units=us-ft +no_defs +type=crs
EPSG,3729,NAD83(NSRS2007) / Ohio South (ftUS),+proj=lcc +lat_0=38 +lon_0=-82.5 +lat_1=40.0333333333333 +lat_2=38.7333333333333 +x_0=600000 +y_0=0 +ellps=GRS80 +units=us-ft +no_defs +type=crs
EPSG,3730,NAD83(NSRS2007) / Wyoming East (ftUS),+proj=tmerc +lat_0=40.5 +lon_0=-105.166666666667 +k=0.9999375 +x_0=200000.00001016 +y_0=0 +ellps=GRS80 +units=us-ft +no_defs +type=crs
EPSG,3731,NAD83(NSRS2007) / Wyoming East Central (ftUS),+proj=tmerc +lat_0=40.5 +lon_0=-107.333333333333 +k=0.9999375 +x_0=399999.99998984 +y_0=99999.99998984 +ellps=GRS80 +units=us-ft +no_defs +type=crs
EPSG,3732,NAD83(NSRS2007) / Wyoming West Central (ftUS),+proj=tmerc +lat_0=40.5 +lon_0=-108.75 +k=0.9999375 +x_0=600000 +y_0=0 +ellps=GRS80 +units=us-ft +no_defs +type=crs
EPSG,3733,NAD83(NSRS2007) / Wyoming West (ftUS),+proj=tmerc +lat_0=40.5 +lon_0=-110.083333333333 +k=0.9999375 +x_0=800000.00001016 +y_0=99999.99998984 +ellps=GRS80 +units=us-ft +no_defs +type=crs
EPSG,3734,NAD83 / Ohio North (ftUS),+proj=lcc +lat_0=39.6666666666667 +lon_0=-82.5 +lat_1=41.7 +lat_2=40.4333333333333 +x_0=600000 +y_0=0 +datum=NAD83 +units=us-ft +no_defs +type=crs
EPSG,3735,NAD83 / Ohio South (ftUS),+proj=lcc +lat_0=38 +lon_0=-82.5 +lat_1=40.0333333333333 +lat_2=38.7333333333333 +x_0=600000 +y_0=0 +datum=NAD83 +units=us-ft +no_defs +type=crs
EPSG,3736,NAD83 / Wyoming East (ftUS),+proj=tmerc +lat_0=40.5 +lon_0=-105.166666666667 +k=0.9999375 +x_0=200000.00001016 +y_0=0 +datum=NAD83 +units=us-ft +no_defs +type=crs
EPSG,3737,NAD83 / Wyoming East Central (ftUS),+proj=tmerc +lat_0=40.5 +lon_0=-107.333333333333 +k=0.9999375 +x_0=399999.99998984 +y_0=99999.99998984 +datum=NAD83 +units=us-ft +no_defs +type=crs
EPSG,3738,NAD83 / Wyoming West Central (ftUS),+proj=tmerc +lat_0=40.5 +lon_0=-108.75 +k=0.9999375 +x_0=600000 +y_0=0 +datum=NAD83 +units=us-ft +no_defs +type=crs
EPSG,3739,NAD83 / Wyoming West (ftUS),+proj=tmerc +lat_0=40.5 +lon_0=-110.083333333333 +k=0.9999375 +x_0=800000.00001016 +y_0=99999.99998984 +datum=NAD83 +units=us-ft +no_defs +type=crs
EPSG,3740,NAD83(HARN) / UTM zone 10N,+proj=utm +zone=10 +ellps=GRS80 +units=m +no_defs +type=crs
EPSG,3741,NAD83(HARN) / UTM zone 11N,+proj=utm +zone=11 +ellps=GRS80 +units=m +no_defs +type=crs
EPSG,3742,NAD83(HARN) / UTM zone 12N,+proj=utm +zone=12 +ellps=GRS80 +units=m +no_defs +type=crs
EPSG,3743,NAD83(HARN) / UTM zone 13N,+proj=utm +zone=13 +ellps=GRS80 +units=m +no_defs +type=crs
EPSG,3744,NAD83(HARN) / UTM zone 14N,+proj=utm +zone=14 +ellps=GRS80 +units=m +no_defs +type=crs
EPSG,3745,NAD83(HARN) / UTM zone 15N,+proj=utm +zone=15 +ellps=GRS80 +units=m +no_defs +type=crs
EPSG,3746,NAD83(HARN) / UTM zone 16N,+proj=utm +zone=16 +ellps=GRS80 +units=m +no_defs +type=crs
EPSG,3747,NAD83(HARN) / UTM zone 17N,+proj=utm +zone=17 +ellps=GRS80 +units=m +no_defs +type=crs
EPSG,3748,NAD83(HARN) / UTM zone 18N,+proj=utm +zone=18 +ellps=GRS80 +units=m +no_defs +type=crs
EPSG,3749,NAD83(HARN) / UTM zone 19N,+proj=utm +zone=19 +ellps=GRS80 +units=m +no_defs +type=crs
EPSG,3750,NAD83(HARN) / UTM zone 4N,+proj=utm +zone=4 +ellps=GRS80 +units=m +no_defs +type=crs
EPSG,3751,NAD83(HARN) / UTM zone 5N,+proj=utm +zone=5 +ellps=GRS80 +units=m +no_defs +type=crs
EPSG,3753,NAD83(HARN) / Ohio North (ftUS),+proj=lcc +lat_0=39.6666666666667 +lon_0=-82.5 +lat_1=41.7 +lat_2=40.4333333333333 +x_0=600000 +y_0=0 +ellps=GRS80 +units=us-ft +no_defs +type=crs
EPSG,3754,NAD83(HARN) / Ohio South (ftUS),+proj=lcc +lat_0=38 +lon_0=-82.5 +lat_1=40.0333333333333 +lat_2=38.7333333333333 +x_0=600000 +y_0=0 +ellps=GRS80 +units=us-ft +no_defs +type=crs
EPSG,3755,NAD83(HARN) / Wyoming East (ftUS),+proj=tmerc +lat_0=40.5 +lon_0=-105.166666666667 +k=0.9999375 +x_0=200000.00001016 +y_0=0 +ellps=GRS80 +units=us-ft +no_defs +type=crs
EPSG,3756,NAD83(HARN) / Wyoming East Central (ftUS),+proj=tmerc +lat_0=40.5 +lon_0=-107.333333333333 +k=0.9999375 +x_0=399999.99998984 +y_0=99999.99998984 +ellps=GRS80 +units=us-ft +no_defs +type=crs
EPSG,3757,NAD83(HARN) / Wyoming West Central (ftUS),+proj=tmerc +lat_0=40.5 +lon_0=-108.75 +k=0.9999375 +x_0=600000 +y_0=0 +ellps=GRS80 +units=us-ft +no_defs +type=crs
EPSG,3758,NAD83(HARN) / Wyoming West (ftUS),+proj=tmerc +lat_0=40.5 +lon_0=-110.083333333333 +k=0.9999375 +x_0=800000.00001016 +y_0=99999.99998984 +ellps=GRS80 +units=us-ft +no_defs +type=crs
EPSG,3759,NAD83 / Hawaii zone 3 (ftUS),+proj=tmerc +lat_0=21.1666666666667 +lon_0=-158 +k=0.99999 +x_0=500000.00001016 +y_0=0 +datum=NAD83 +units=us-ft +no_defs +type=crs
EPSG,3760,NAD83(HARN) / Hawaii zone 3 (ftUS),+proj=tmerc +lat_0=21.1666666666667 +lon_0=-158 +k=0.99999 +x_0=500000.00001016 +y_0=0 +ellps=GRS80 +units=us-ft +no_defs +type=crs
EPSG,3761,NAD83(CSRS) / UTM zone 22N,+proj=utm +zone=22 +ellps=GRS80 +units=m +no_defs +type=crs
EPSG,3762,WGS 84 / South Georgia Lambert,+proj=lcc +lat_0=-55 +lon_0=-37 +lat_1=-54 +lat_2=-54.75 +x_0=0 +y_0=0 +datum=WGS84 +units=m +no_defs +type=crs
EPSG,3763,ETRS89 / Portugal TM06,+proj=tmerc +lat_0=39.6682583333333 +lon_0=-8.13310833333333 +k=1 +x_0=0 +y_0=0 +ellps=GRS80 +units=m +no_defs +type=crs
EPSG,3764,NZGD2000 / Chatham Island Circuit 2000,+proj=tmerc +lat_0=-44 +lon_0=-176.5 +k=1 +x_0=400000 +y_0=800000 +ellps=GRS80 +units=m +no_defs +type=crs
EPSG,3765,HTRS96 / Croatia TM,+proj=tmerc +lat_0=0 +lon_0=16.5 +k=0.9999 +x_0=500000 +y_0=0 +ellps=GRS80 +units=m +no_defs +type=crs
EPSG,3766,HTRS96 / Croatia LCC,+proj=lcc +lat_0=0 +lon_0=16.5 +lat_1=45.9166666666667 +lat_2=43.0833333333333 +x_0=0 +y_0=0 +ellps=GRS80 +units=m +no_defs +type=crs
EPSG,3767,HTRS96 / UTM zone 33N,+proj=utm +zone=33 +ellps=GRS80 +units=m +no_defs +type=crs
EPSG,3768,HTRS96 / UTM zone 34N,+proj=utm +zone=34 +ellps=GRS80 +units=m +no_defs +type=crs
EPSG,3769,Bermuda 1957 / UTM zone 20N,+proj=utm +zone=20 +ellps=clrk66 +units=m +no_defs +type=crs
EPSG,3770,BDA2000 / Bermuda 2000 National Grid,+proj=tmerc +lat_0=32 +lon_0=-64.75 +k=1 +x_0=550000 +y_0=100000 +ellps=WGS84 +units=m +no_defs +type=crs
EPSG,3771,NAD27 / Alberta 3TM ref merid 111 W,+proj=tmerc +lat_0=0 +lon_0=-111 +k=0.9999 +x_0=0 +y_0=0 +datum=NAD27 +units=m +no_defs +type=crs
EPSG,3772,NAD27 / Alberta 3TM ref merid 114 W,+proj=tmerc +lat_0=0 +lon_0=-114 +k=0.9999 +x_0=0 +y_0=0 +datum=NAD27 +units=m +no_defs +type=crs
EPSG,3773,NAD27 / Alberta 3TM ref merid 117 W,+proj=tmerc +lat_0=0 +lon_0=-117 +k=0.9999 +x_0=0 +y_0=0 +datum=NAD27 +units=m +no_defs +type=crs
EPSG,3775,NAD83 / Alberta 3TM ref merid 111 W,+proj=tmerc +lat_0=0 +lon_0=-111 +k=0.9999 +x_0=0 +y_0=0 +datum=NAD83 +units=m +no_defs +type=crs
EPSG,3776,NAD83 / Alberta 3TM ref merid 114 W,+proj=tmerc +lat_0=0 +lon_0=-114 +k=0.9999 +x_0=0 +y_0=0 +datum=NAD83 +units=m +no_defs +type=crs
EPSG,3777,NAD83 / Alberta 3TM ref merid 117 W,+proj=tmerc +lat_0=0 +lon_0=-117 +k=0.9999 +x_0=0 +y_0=0 +datum=NAD83 +units=m +no_defs +type=crs
EPSG,3779,NAD83(CSRS) / Alberta 3TM ref merid 111 W,+proj=tmerc +lat_0=0 +lon_0=-111 +k=0.9999 +x_0=0 +y_0=0 +ellps=GRS80 +units=m +no_defs +type=crs
EPSG,3780,NAD83(CSRS) / Alberta 3TM ref merid 114 W,+proj=tmerc +lat_0=0 +lon_0=-114 +k=0.9999 +x_0=0 +y_0=0 +ellps=GRS80 +units=m +no_defs +type=crs
EPSG,3781,NAD83(CSRS) / Alberta 3TM ref merid 117 W,+proj=tmerc +lat_0=0 +lon_0=-117 +k=0.9999 +x_0=0 +y_0=0 +ellps=GRS80 +units=m +no_defs +type=crs
EPSG,3783,Pitcairn 2006 / Pitcairn TM 2006,+proj=tmerc +lat_0=-25.0685526111111 +lon_0=-130.112967111111 +k=1 +x_0=14200 +y_0=15500 +ellps=WGS84 +units=m +no_defs +type=crs
EPSG,3784,Pitcairn 1967 / UTM zone 9S,+proj=utm +zone=9 +south +ellps=intl +units=m +no_defs +type=crs
EPSG,3788,NZGD2000 / Auckland Islands TM 2000,+proj=tmerc +lat_0=0 +lon_0=166 +k=1 +x_0=3500000 +y_0=10000000 +ellps=GRS80 +units=m +no_defs +type=crs
EPSG,3789,NZGD2000 / Campbell Island TM 2000,+proj=tmerc +lat_0=0 +lon_0=169 +k=1 +x_0=3500000 +y_0=10000000 +ellps=GRS80 +units=m +no_defs +type=crs
EPSG,3790,NZGD2000 / Antipodes Islands TM 2000,+proj=tmerc +lat_0=0 +lon_0=179 +k=1 +x_0=3500000 +y_0=10000000 +ellps=GRS80 +units=m +no_defs +type=crs
EPSG,3791,NZGD2000 / Raoul Island TM 2000,+proj=tmerc +lat_0=0 +lon_0=-178 +k=1 +x_0=3500000 +y_0=10000000 +ellps=GRS80 +units=m +no_defs +type=crs
EPSG,3793,NZGD2000 / Chatham Islands TM 2000,+proj=tmerc +lat_0=0 +lon_0=-176.5 +k=1 +x_0=3500000 +y_0=10000000 +ellps=GRS80 +units=m +no_defs +type=crs
EPSG,3794,Slovenia 1996 / Slovene National Grid,+proj=tmerc +lat_0=0 +lon_0=15 +k=0.9999 +x_0=500000 +y_0=-5000000 +ellps=GRS80 +units=m +no_defs +type=crs
EPSG,3795,NAD27 / Cuba Norte,+proj=lcc +lat_0=22.35 +lon_0=-81 +lat_1=23 +lat_2=21.7 +x_0=500000 +y_0=280296.016 +datum=NAD27 +units=m +no_defs +type=crs
EPSG,3796,NAD27 / Cuba Sur,+proj=lcc +lat_0=20.7166666666667 +lon_0=-76.8333333333333 +lat_1=21.3 +lat_2=20.1333333333333 +x_0=500000 +y_0=229126.939 +datum=NAD27 +units=m +no_defs +type=crs
EPSG,3797,NAD27 / MTQ Lambert,+proj=lcc +lat_0=44 +lon_0=-70 +lat_1=50 +lat_2=46 +x_0=800000 +y_0=0 +datum=NAD27 +units=m +no_defs +type=crs
EPSG,3798,NAD83 / MTQ Lambert,+proj=lcc +lat_0=44 +lon_0=-70 +lat_1=50 +lat_2=46 +x_0=800000 +y_0=0 +datum=NAD83 +units=m +no_defs +type=crs
EPSG,3799,NAD83(CSRS) / MTQ Lambert,+proj=lcc +lat_0=44 +lon_0=-70 +lat_1=50 +lat_2=46 +x_0=800000 +y_0=0 +ellps=GRS80 +units=m +no_defs +type=crs
EPSG,3800,NAD27 / Alberta 3TM ref merid 120 W,+proj=tmerc +lat_0=0 +lon_0=-120 +k=0.9999 +x_0=0 +y_0=0 +datum=NAD27 +units=m +no_defs +type=crs
EPSG,3801,NAD83 / Alberta 3TM ref merid 120 W,+proj=tmerc +lat_0=0 +lon_0=-120 +k=0.9999 +x_0=0 +y_0=0 +datum=NAD83 +units=m +no_defs +type=crs
EPSG,3802,NAD83(CSRS) / Alberta 3TM ref merid 120 W,+proj=tmerc +lat_0=0 +lon_0=-120 +k=0.9999 +x_0=0 +y_0=0 +ellps=GRS80 +units=m +no_defs +type=crs
EPSG,3812,ETRS89 / Belgian Lambert 2008,+proj=lcc +lat_0=50.797815 +lon_0=4.35921583333333 +lat_1=49.8333333333333 +lat_2=51.1666666666667 +x_0=649328 +y_0=665262 +ellps=GRS80 +units=m +no_defs +type=crs
EPSG,3814,NAD83 / Mississippi TM,+proj=tmerc +lat_0=32.5 +lon_0=-89.75 +k=0.9998335 +x_0=500000 +y_0=1300000 +datum=NAD83 +units=m +no_defs +type=crs
EPSG,3815,NAD83(HARN) / Mississippi TM,+proj=tmerc +lat_0=32.5 +lon_0=-89.75 +k=0.9998335 +x_0=500000 +y_0=1300000 +ellps=GRS80 +units=m +no_defs +type=crs
EPSG,3816,NAD83(NSRS2007) / Mississippi TM,+proj=tmerc +lat_0=32.5 +lon_0=-89.75 +k=0.9998335 +x_0=500000 +y_0=1300000 +ellps=GRS80 +units=m +no_defs +type=crs
EPSG,3819,HD1909,+proj=longlat +ellps=bessel +no_defs +type=crs
EPSG,3821,TWD67,+proj=longlat +ellps=aust_SA +no_defs +type=crs
EPSG,3822,TWD97,+proj=geocent +ellps=GRS80 +units=m +no_defs +type=crs
EPSG,3823,TWD97,+proj=longlat +ellps=GRS80 +no_defs +type=crs
EPSG,3824,TWD97,+proj=longlat +ellps=GRS80 +no_defs +type=crs
EPSG,3825,TWD97 / TM2 zone 119,+proj=tmerc +lat_0=0 +lon_0=119 +k=0.9999 +x_0=250000 +y_0=0 +ellps=GRS80 +units=m +no_defs +type=crs
EPSG,3826,TWD97 / TM2 zone 121,+proj=tmerc +lat_0=0 +lon_0=121 +k=0.9999 +x_0=250000 +y_0=0 +ellps=GRS80 +units=m +no_defs +type=crs
EPSG,3827,TWD67 / TM2 zone 119,+proj=tmerc +lat_0=0 +lon_0=119 +k=0.9999 +x_0=250000 +y_0=0 +ellps=aust_SA +units=m +no_defs +type=crs
EPSG,3828,TWD67 / TM2 zone 121,+proj=tmerc +lat_0=0 +lon_0=121 +k=0.9999 +x_0=250000 +y_0=0 +ellps=aust_SA +units=m +no_defs +type=crs
EPSG,3829,Hu Tzu Shan 1950 / UTM zone 51N,+proj=utm +zone=51 +ellps=intl +units=m +no_defs +type=crs
EPSG,3832,WGS 84 / PDC Mercator,+proj=merc +lon_0=150 +k=1 +x_0=0 +y_0=0 +datum=WGS84 +units=m +no_defs +type=crs
EPSG,3833,Pulkovo 1942(58) / Gauss-Kruger zone 2,+proj=tmerc +lat_0=0 +lon_0=9 +k=1 +x_0=2500000 +y_0=0 +ellps=krass +units=m +no_defs +type=crs
EPSG,3834,Pulkovo 1942(83) / Gauss-Kruger zone 2,+proj=tmerc +lat_0=0 +lon_0=9 +k=1 +x_0=2500000 +y_0=0 +ellps=krass +units=m +no_defs +type=crs
EPSG,3835,Pulkovo 1942(83) / Gauss-Kruger zone 3,+proj=tmerc +lat_0=0 +lon_0=15 +k=1 +x_0=3500000 +y_0=0 +ellps=krass +units=m +no_defs +type=crs
EPSG,3836,Pulkovo 1942(83) / Gauss-Kruger zone 4,+proj=tmerc +lat_0=0 +lon_0=21 +k=1 +x_0=4500000 +y_0=0 +ellps=krass +units=m +no_defs +type=crs
EPSG,3837,Pulkovo 1942(58) / 3-degree Gauss-Kruger zone 3,+proj=tmerc +lat_0=0 +lon_0=9 +k=1 +x_0=3500000 +y_0=0 +ellps=krass +units=m +no_defs +type=crs
EPSG,3838,Pulkovo 1942(58) / 3-degree Gauss-Kruger zone 4,+proj=tmerc +lat_0=0 +lon_0=12 +k=1 +x_0=4500000 +y_0=0 +ellps=krass +units=m +no_defs +type=crs
EPSG,3839,Pulkovo 1942(58) / 3-degree Gauss-Kruger zone 9,+proj=tmerc +lat_0=0 +lon_0=27 +k=1 +x_0=9500000 +y_0=0 +ellps=krass +units=m +no_defs +type=crs
EPSG,3840,Pulkovo 1942(58) / 3-degree Gauss-Kruger zone 10,+proj=tmerc +lat_0=0 +lon_0=30 +k=1 +x_0=10500000 +y_0=0 +ellps=krass +units=m +no_defs +type=crs
EPSG,3841,Pulkovo 1942(83) / 3-degree Gauss-Kruger zone 6,+proj=tmerc +lat_0=0 +lon_0=18 +k=1 +x_0=6500000 +y_0=0 +ellps=krass +units=m +no_defs +type=crs
EPSG,3844,Pulkovo 1942(58) / Stereo70,+proj=sterea +lat_0=46 +lon_0=25 +k=0.99975 +x_0=500000 +y_0=500000 +ellps=krass +units=m +no_defs +type=crs
EPSG,3845,SWEREF99 / RT90 7.5 gon V emulation,+proj=tmerc +lat_0=0 +lon_0=11.30625 +k=1.000006 +x_0=1500025.141 +y_0=-667.282 +ellps=GRS80 +units=m +no_defs +type=crs
EPSG,3846,SWEREF99 / RT90 5 gon V emulation,+proj=tmerc +lat_0=0 +lon_0=13.5562666666667 +k=1.0000058 +x_0=1500044.695 +y_0=-667.13 +ellps=GRS80 +units=m +no_defs +type=crs
EPSG,3847,SWEREF99 / RT90 2.5 gon V emulation,+proj=tmerc +lat_0=0 +lon_0=15.8062845294444 +k=1.00000561024 +x_0=1500064.274 +y_0=-667.711 +ellps=GRS80 +units=m +no_defs +type=crs
EPSG,3848,SWEREF99 / RT90 0 gon emulation,+proj=tmerc +lat_0=0 +lon_0=18.0563 +k=1.0000054 +x_0=1500083.521 +y_0=-668.844 +ellps=GRS80 +units=m +no_defs +type=crs
EPSG,3849,SWEREF99 / RT90 2.5 gon O emulation,+proj=tmerc +lat_0=0 +lon_0=20.3063166666667 +k=1.0000052 +x_0=1500102.765 +y_0=-670.706 +ellps=GRS80 +units=m +no_defs +type=crs
EPSG,3850,SWEREF99 / RT90 5 gon O emulation,+proj=tmerc +lat_0=0 +lon_0=22.5563333333333 +k=1.0000049 +x_0=1500121.846 +y_0=-672.557 +ellps=GRS80 +units=m +no_defs +type=crs
EPSG,3851,NZGD2000 / NZCS2000,+proj=lcc +lat_0=-41 +lon_0=173 +lat_1=-37.5 +lat_2=-44.5 +x_0=3000000 +y_0=7000000 +ellps=GRS80 +units=m +no_defs +type=crs
EPSG,3852,RSRGD2000 / DGLC2000,+proj=lcc +lat_0=-90 +lon_0=157 +lat_1=-76.6666666666667 +lat_2=-79.3333333333333 +x_0=500000 +y_0=0 +ellps=GRS80 +units=m +no_defs +type=crs
EPSG,3854,County ST74,+proj=tmerc +lat_0=0 +lon_0=18.05787 +k=0.99999506 +x_0=100182.7406 +y_0=-6500620.1207 +ellps=GRS80 +units=m +no_defs +type=crs
EPSG,3855,EGM2008 height,+vunits=m +no_defs +type=crs
EPSG,3857,WGS 84 / Pseudo-Mercator,+proj=merc +a=6378137 +b=6378137 +lat_ts=0 +lon_0=0 +x_0=0 +y_0=0 +k=1 +units=m +nadgrids=@null +wktext +no_defs +type=crs
EPSG,3873,ETRS89 / GK19FIN,+proj=tmerc +lat_0=0 +lon_0=19 +k=1 +x_0=19500000 +y_0=0 +ellps=GRS80 +units=m +no_defs +type=crs
EPSG,3874,ETRS89 / GK20FIN,+proj=tmerc +lat_0=0 +lon_0=20 +k=1 +x_0=20500000 +y_0=0 +ellps=GRS80 +units=m +no_defs +type=crs
EPSG,3875,ETRS89 / GK21FIN,+proj=tmerc +lat_0=0 +lon_0=21 +k=1 +x_0=21500000 +y_0=0 +ellps=GRS80 +units=m +no_defs +type=crs
EPSG,3876,ETRS89 / GK22FIN,+proj=tmerc +lat_0=0 +lon_0=22 +k=1 +x_0=22500000 +y_0=0 +ellps=GRS80 +units=m +no_defs +type=crs
EPSG,3877,ETRS89 / GK23FIN,+proj=tmerc +lat_0=0 +lon_0=23 +k=1 +x_0=23500000 +y_0=0 +ellps=GRS80 +units=m +no_defs +type=crs
EPSG,3878,ETRS89 / GK24FIN,+proj=tmerc +lat_0=0 +lon_0=24 +k=1 +x_0=24500000 +y_0=0 +ellps=GRS80 +units=m +no_defs +type=crs
EPSG,3879,ETRS89 / GK25FIN,+proj=tmerc +lat_0=0 +lon_0=25 +k=1 +x_0=25500000 +y_0=0 +ellps=GRS80 +units=m +no_defs +type=crs
EPSG,3880,ETRS89 / GK26FIN,+proj=tmerc +lat_0=0 +lon_0=26 +k=1 +x_0=26500000 +y_0=0 +ellps=GRS80 +units=m +no_defs +type=crs
EPSG,3881,ETRS89 / GK27FIN,+proj=tmerc +lat_0=0 +lon_0=27 +k=1 +x_0=27500000 +y_0=0 +ellps=GRS80 +units=m +no_defs +type=crs
EPSG,3882,ETRS89 / GK28FIN,+proj=tmerc +lat_0=0 +lon_0=28 +k=1 +x_0=28500000 +y_0=0 +ellps=GRS80 +units=m +no_defs +type=crs
EPSG,3883,ETRS89 / GK29FIN,+proj=tmerc +lat_0=0 +lon_0=29 +k=1 +x_0=29500000 +y_0=0 +ellps=GRS80 +units=m +no_defs +type=crs
EPSG,3884,ETRS89 / GK30FIN,+proj=tmerc +lat_0=0 +lon_0=30 +k=1 +x_0=30500000 +y_0=0 +ellps=GRS80 +units=m +no_defs +type=crs
EPSG,3885,ETRS89 / GK31FIN,+proj=tmerc +lat_0=0 +lon_0=31 +k=1 +x_0=31500000 +y_0=0 +ellps=GRS80 +units=m +no_defs +type=crs
EPSG,3886,Fao 1979 height,+vunits=m +no_defs +type=crs
EPSG,3887,IGRS,+proj=geocent +ellps=GRS80 +units=m +no_defs +type=crs
EPSG,3888,IGRS,+proj=longlat +ellps=GRS80 +no_defs +type=crs
EPSG,3889,IGRS,+proj=longlat +ellps=GRS80 +no_defs +type=crs
EPSG,3890,IGRS / UTM zone 37N,+proj=utm +zone=37 +ellps=GRS80 +units=m +no_defs +type=crs
EPSG,3891,IGRS / UTM zone 38N,+proj=utm +zone=38 +ellps=GRS80 +units=m +no_defs +type=crs
EPSG,3892,IGRS / UTM zone 39N,+proj=utm +zone=39 +ellps=GRS80 +units=m +no_defs +type=crs
EPSG,3893,ED50 / Iraq National Grid,+proj=tmerc +lat_0=29.0262683333333 +lon_0=46.5 +k=0.9994 +x_0=800000 +y_0=0 +ellps=intl +units=m +no_defs +type=crs
EPSG,3900,N2000 height,+vunits=m +no_defs +type=crs
EPSG,3901,KKJ / Finland Uniform Coordinate System + N60 height,+proj=tmerc +lat_0=0 +lon_0=27 +k=1 +x_0=3500000 +y_0=0 +ellps=intl +units=m +vunits=m +no_defs +type=crs
EPSG,3902,"ETRS89 / TM35FIN(N,E) + N60 height",+proj=utm +zone=35 +ellps=GRS80 +units=m +vunits=m +no_defs +type=crs
EPSG,3903,"ETRS89 / TM35FIN(N,E) + N2000 height",+proj=utm +zone=35 +ellps=GRS80 +units=m +vunits=m +no_defs +type=crs
EPSG,3906,MGI 1901,+proj=longlat +ellps=bessel +no_defs +type=crs
EPSG,3912,MGI 1901 / Slovene National Grid,+proj=tmerc +lat_0=0 +lon_0=15 +k=0.9999 +x_0=500000 +y_0=-5000000 +ellps=bessel +units=m +no_defs +type=crs
EPSG,3920,Puerto Rico / UTM zone 20N,+proj=utm +zone=20 +ellps=clrk66 +units=m +no_defs +type=crs
EPSG,3942,RGF93 v1 / CC42,+proj=lcc +lat_0=42 +lon_0=3 +lat_1=41.25 +lat_2=42.75 +x_0=1700000 +y_0=1200000 +ellps=GRS80 +units=m +no_defs +type=crs
EPSG,3943,RGF93 v1 / CC43,+proj=lcc +lat_0=43 +lon_0=3 +lat_1=42.25 +lat_2=43.75 +x_0=1700000 +y_0=2200000 +ellps=GRS80 +units=m +no_defs +type=crs
EPSG,3944,RGF93 v1 / CC44,+proj=lcc +lat_0=44 +lon_0=3 +lat_1=43.25 +lat_2=44.75 +x_0=1700000 +y_0=3200000 +ellps=GRS80 +units=m +no_defs +type=crs
EPSG,3945,RGF93 v1 / CC45,+proj=lcc +lat_0=45 +lon_0=3 +lat_1=44.25 +lat_2=45.75 +x_0=1700000 +y_0=4200000 +ellps=GRS80 +units=m +no_defs +type=crs
EPSG,3946,RGF93 v1 / CC46,+proj=lcc +lat_0=46 +lon_0=3 +lat_1=45.25 +lat_2=46.75 +x_0=1700000 +y_0=5200000 +ellps=GRS80 +units=m +no_defs +type=crs
EPSG,3947,RGF93 v1 / CC47,+proj=lcc +lat_0=47 +lon_0=3 +lat_1=46.25 +lat_2=47.75 +x_0=1700000 +y_0=6200000 +ellps=GRS80 +units=m +no_defs +type=crs
EPSG,3948,RGF93 v1 / CC48,+proj=lcc +lat_0=48 +lon_0=3 +lat_1=47.25 +lat_2=48.75 +x_0=1700000 +y_0=7200000 +ellps=GRS80 +units=m +no_defs +type=crs
EPSG,3949,RGF93 v1 / CC49,+proj=lcc +lat_0=49 +lon_0=3 +lat_1=48.25 +lat_2=49.75 +x_0=1700000 +y_0=8200000 +ellps=GRS80 +units=m +no_defs +type=crs
EPSG,3950,RGF93 v1 / CC50,+proj=lcc +lat_0=50 +lon_0=3 +lat_1=49.25 +lat_2=50.75 +x_0=1700000 +y_0=9200000 +ellps=GRS80 +units=m +no_defs +type=crs
EPSG,3968,NAD83 / Virginia Lambert,+proj=lcc +lat_0=36 +lon_0=-79.5 +lat_1=37 +lat_2=39.5 +x_0=0 +y_0=0 +datum=NAD83 +units=m +no_defs +type=crs
EPSG,3969,NAD83(HARN) / Virginia Lambert,+proj=lcc +lat_0=36 +lon_0=-79.5 +lat_1=37 +lat_2=39.5 +x_0=0 +y_0=0 +ellps=GRS80 +units=m +no_defs +type=crs
EPSG,3970,NAD83(NSRS2007) / Virginia Lambert,+proj=lcc +lat_0=36 +lon_0=-79.5 +lat_1=37 +lat_2=39.5 +x_0=0 +y_0=0 +ellps=GRS80 +units=m +no_defs +type=crs
EPSG,3976,WGS 84 / NSIDC Sea Ice Polar Stereographic South,+proj=stere +lat_0=-90 +lat_ts=-70 +lon_0=0 +x_0=0 +y_0=0 +datum=WGS84 +units=m +no_defs +type=crs
EPSG,3978,NAD83 / Canada Atlas Lambert,+proj=lcc +lat_0=49 +lon_0=-95 +lat_1=49 +lat_2=77 +x_0=0 +y_0=0 +datum=NAD83 +units=m +no_defs +type=crs
EPSG,3979,NAD83(CSRS) / Canada Atlas Lambert,+proj=lcc +lat_0=49 +lon_0=-95 +lat_1=49 +lat_2=77 +x_0=0 +y_0=0 +ellps=GRS80 +units=m +no_defs +type=crs
EPSG,3986,Katanga 1955 / Katanga Gauss zone A,+proj=tmerc +lat_0=-9 +lon_0=30 +k=1 +x_0=200000 +y_0=500000 +ellps=clrk66 +units=m +no_defs +type=crs
EPSG,3987,Katanga 1955 / Katanga Gauss zone B,+proj=tmerc +lat_0=-9 +lon_0=28 +k=1 +x_0=200000 +y_0=500000 +ellps=clrk66 +units=m +no_defs +type=crs
EPSG,3988,Katanga 1955 / Katanga Gauss zone C,+proj=tmerc +lat_0=-9 +lon_0=26 +k=1 +x_0=200000 +y_0=500000 +ellps=clrk66 +units=m +no_defs +type=crs
EPSG,3989,Katanga 1955 / Katanga Gauss zone D,+proj=tmerc +lat_0=-9 +lon_0=24 +k=1 +x_0=200000 +y_0=500000 +ellps=clrk66 +units=m +no_defs +type=crs
EPSG,3991,Puerto Rico State Plane CS of 1927,+proj=lcc +lat_0=17.8333333333333 +lon_0=-66.4333333333333 +lat_1=18.4333333333333 +lat_2=18.0333333333333 +x_0=152400.30480061 +y_0=0 +ellps=clrk66 +units=us-ft +no_defs +type=crs
EPSG,3992,Puerto Rico / St. Croix,+proj=lcc +lat_0=17.8333333333333 +lon_0=-66.4333333333333 +lat_1=18.4333333333333 +lat_2=18.0333333333333 +x_0=152400.30480061 +y_0=30480.0609601219 +ellps=clrk66 +units=us-ft +no_defs +type=crs
EPSG,3993,Guam 1963 / Guam SPCS,+proj=aeqd +guam +lat_0=13.4724663527778 +lon_0=144.748750705556 +x_0=50000 +y_0=50000 +ellps=clrk66 +units=m +no_defs +type=crs
EPSG,3994,WGS 84 / Mercator 41,+proj=merc +lat_ts=-41 +lon_0=100 +x_0=0 +y_0=0 +datum=WGS84 +units=m +no_defs +type=crs
EPSG,3995,WGS 84 / Arctic Polar Stereographic,+proj=stere +lat_0=90 +lat_ts=71 +lon_0=0 +x_0=0 +y_0=0 +datum=WGS84 +units=m +no_defs +type=crs
EPSG,3996,WGS 84 / IBCAO Polar Stereographic,+proj=stere +lat_0=90 +lat_ts=75 +lon_0=0 +x_0=0 +y_0=0 +datum=WGS84 +units=m +no_defs +type=crs
EPSG,3997,WGS 84 / Dubai Local TM,+proj=tmerc +lat_0=0 +lon_0=55.3333333333333 +k=1 +x_0=500000 +y_0=0 +datum=WGS84 +units=m +no_defs +type=crs
EPSG,4000,MOLDREF99,+proj=geocent +ellps=GRS80 +units=m +no_defs +type=crs
EPSG,4017,MOLDREF99,+proj=longlat +ellps=GRS80 +no_defs +type=crs
EPSG,4023,MOLDREF99,+proj=longlat +ellps=GRS80 +no_defs +type=crs
EPSG,4026,MOLDREF99 / Moldova TM,+proj=tmerc +lat_0=0 +lon_0=28.4 +k=0.99994 +x_0=200000 +y_0=-5000000 +ellps=GRS80 +units=m +no_defs +type=crs
EPSG,4037,WGS 84 / TMzn35N,+proj=utm +zone=35 +datum=WGS84 +units=m +no_defs +type=crs
EPSG,4038,WGS 84 / TMzn36N,+proj=utm +zone=36 +datum=WGS84 +units=m +no_defs +type=crs
EPSG,4039,RGRDC 2005,+proj=geocent +ellps=GRS80 +units=m +no_defs +type=crs
EPSG,4040,RGRDC 2005,+proj=longlat +ellps=GRS80 +no_defs +type=crs
EPSG,4046,RGRDC 2005,+proj=longlat +ellps=GRS80 +no_defs +type=crs
EPSG,4048,RGRDC 2005 / Congo TM zone 12,+proj=tmerc +lat_0=0 +lon_0=12 +k=0.9999 +x_0=500000 +y_0=10000000 +ellps=GRS80 +units=m +no_defs +type=crs
EPSG,4049,RGRDC 2005 / Congo TM zone 14,+proj=tmerc +lat_0=0 +lon_0=14 +k=0.9999 +x_0=500000 +y_0=10000000 +ellps=GRS80 +units=m +no_defs +type=crs
EPSG,4050,RGRDC 2005 / Congo TM zone 16,+proj=tmerc +lat_0=0 +lon_0=16 +k=0.9999 +x_0=500000 +y_0=10000000 +ellps=GRS80 +units=m +no_defs +type=crs
EPSG,4051,RGRDC 2005 / Congo TM zone 18,+proj=tmerc +lat_0=0 +lon_0=18 +k=0.9999 +x_0=500000 +y_0=10000000 +ellps=GRS80 +units=m +no_defs +type=crs
EPSG,4056,RGRDC 2005 / Congo TM zone 20,+proj=tmerc +lat_0=0 +lon_0=20 +k=0.9999 +x_0=500000 +y_0=10000000 +ellps=GRS80 +units=m +no_defs +type=crs
EPSG,4057,RGRDC 2005 / Congo TM zone 22,+proj=tmerc +lat_0=0 +lon_0=22 +k=0.9999 +x_0=500000 +y_0=10000000 +ellps=GRS80 +units=m +no_defs +type=crs
EPSG,4058,RGRDC 2005 / Congo TM zone 24,+proj=tmerc +lat_0=0 +lon_0=24 +k=0.9999 +x_0=500000 +y_0=10000000 +ellps=GRS80 +units=m +no_defs +type=crs
EPSG,4059,RGRDC 2005 / Congo TM zone 26,+proj=tmerc +lat_0=0 +lon_0=26 +k=0.9999 +x_0=500000 +y_0=10000000 +ellps=GRS80 +units=m +no_defs +type=crs
EPSG,4060,RGRDC 2005 / Congo TM zone 28,+proj=tmerc +lat_0=0 +lon_0=28 +k=0.9999 +x_0=500000 +y_0=10000000 +ellps=GRS80 +units=m +no_defs +type=crs
EPSG,4061,RGRDC 2005 / UTM zone 33S,+proj=utm +zone=33 +south +ellps=GRS80 +units=m +no_defs +type=crs
EPSG,4062,RGRDC 2005 / UTM zone 34S,+proj=utm +zone=34 +south +ellps=GRS80 +units=m +no_defs +type=crs
EPSG,4063,RGRDC 2005 / UTM zone 35S,+proj=utm +zone=35 +south +ellps=GRS80 +units=m +no_defs +type=crs
EPSG,4071,Chua / UTM zone 23S,+proj=utm +zone=23 +south +ellps=intl +units=m +no_defs +type=crs
EPSG,4073,SREF98,+proj=geocent +ellps=GRS80 +units=m +no_defs +type=crs
EPSG,4074,SREF98,+proj=longlat +ellps=GRS80 +no_defs +type=crs
EPSG,4075,SREF98,+proj=longlat +ellps=GRS80 +no_defs +type=crs
EPSG,4079,REGCAN95,+proj=geocent +ellps=GRS80 +units=m +no_defs +type=crs
EPSG,4080,REGCAN95,+proj=longlat +ellps=GRS80 +no_defs +type=crs
EPSG,4081,REGCAN95,+proj=longlat +ellps=GRS80 +no_defs +type=crs
EPSG,4082,REGCAN95 / UTM zone 27N,+proj=utm +zone=27 +ellps=GRS80 +units=m +no_defs +type=crs
EPSG,4083,REGCAN95 / UTM zone 28N,+proj=utm +zone=28 +ellps=GRS80 +units=m +no_defs +type=crs
EPSG,4087,WGS 84 / World Equidistant Cylindrical,+proj=eqc +lat_ts=0 +lat_0=0 +lon_0=0 +x_0=0 +y_0=0 +datum=WGS84 +units=m +no_defs +type=crs
EPSG,4093,ETRS89 / DKTM1,+proj=tmerc +lat_0=0 +lon_0=9 +k=0.99998 +x_0=200000 +y_0=-5000000 +ellps=GRS80 +units=m +no_defs +type=crs
EPSG,4094,ETRS89 / DKTM2,+proj=tmerc +lat_0=0 +lon_0=10 +k=0.99998 +x_0=400000 +y_0=-5000000 +ellps=GRS80 +units=m +no_defs +type=crs
EPSG,4095,ETRS89 / DKTM3,+proj=tmerc +lat_0=0 +lon_0=11.75 +k=0.99998 +x_0=600000 +y_0=-5000000 +ellps=GRS80 +units=m +no_defs +type=crs
EPSG,4096,ETRS89 / DKTM4,+proj=tmerc +lat_0=0 +lon_0=15 +k=1 +x_0=800000 +y_0=-5000000 +ellps=GRS80 +units=m +no_defs +type=crs
EPSG,4097,ETRS89 / DKTM1 + DVR90 height,+proj=tmerc +lat_0=0 +lon_0=9 +k=0.99998 +x_0=200000 +y_0=-5000000 +ellps=GRS80 +units=m +vunits=m +no_defs +type=crs
EPSG,4098,ETRS89 / DKTM2 + DVR90 height,+proj=tmerc +lat_0=0 +lon_0=10 +k=0.99998 +x_0=400000 +y_0=-5000000 +ellps=GRS80 +units=m +vunits=m +no_defs +type=crs
EPSG,4099,ETRS89 / DKTM3 + DVR90 height,+proj=tmerc +lat_0=0 +lon_0=11.75 +k=0.99998 +x_0=600000 +y_0=-5000000 +ellps=GRS80 +units=m +vunits=m +no_defs +type=crs
EPSG,4100,ETRS89 / DKTM4 + DVR90 height,+proj=tmerc +lat_0=0 +lon_0=15 +k=1 +x_0=800000 +y_0=-5000000 +ellps=GRS80 +units=m +vunits=m +no_defs +type=crs
EPSG,4120,Greek,+proj=longlat +ellps=bessel +no_defs +type=crs
EPSG,4121,GGRS87,+proj=longlat +ellps=GRS80 +no_defs +type=crs
EPSG,4122,ATS77,+proj=longlat +a=6378135 +rf=298.257 +no_defs +type=crs
EPSG,4123,KKJ,+proj=longlat +ellps=intl +no_defs +type=crs
EPSG,4124,RT90,+proj=longlat +ellps=bessel +no_defs +type=crs
EPSG,4127,Tete,+proj=longlat +ellps=clrk66 +no_defs +type=crs
EPSG,4128,Madzansua,+proj=longlat +ellps=clrk66 +no_defs +type=crs
EPSG,4129,Observatario,+proj=longlat +ellps=clrk66 +no_defs +type=crs
EPSG,4130,Moznet,+proj=longlat +ellps=WGS84 +no_defs +type=crs
EPSG,4131,Indian 1960,+proj=longlat +ellps=evrst30 +no_defs +type=crs
EPSG,4132,FD58,+proj=longlat +a=6378249.145 +rf=293.465 +no_defs +type=crs
EPSG,4133,EST92,+proj=longlat +ellps=GRS80 +no_defs +type=crs
EPSG,4134,PSD93,+proj=longlat +a=6378249.145 +rf=293.465 +no_defs +type=crs
EPSG,4135,Old Hawaiian,+proj=longlat +ellps=clrk66 +no_defs +type=crs
EPSG,4136,St. Lawrence Island,+proj=longlat +ellps=clrk66 +no_defs +type=crs
EPSG,4137,St. Paul Island,+proj=longlat +ellps=clrk66 +no_defs +type=crs
EPSG,4138,St. George Island,+proj=longlat +ellps=clrk66 +no_defs +type=crs
EPSG,4139,Puerto Rico,+proj=longlat +ellps=clrk66 +no_defs +type=crs
EPSG,4141,Israel 1993,+proj=longlat +ellps=GRS80 +no_defs +type=crs
EPSG,4142,Locodjo 1965,+proj=longlat +a=6378249.145 +rf=293.465 +no_defs +type=crs
EPSG,4143,Abidjan 1987,+proj=longlat +a=6378249.145 +rf=293.465 +no_defs +type=crs
EPSG,4144,Kalianpur 1937,+proj=longlat +ellps=evrst30 +no_defs +type=crs
EPSG,4145,Kalianpur 1962,+proj=longlat +a=6377301.243 +rf=300.8017255 +no_defs +type=crs
EPSG,4146,Kalianpur 1975,+proj=longlat +a=6377299.151 +rf=300.8017255 +no_defs +type=crs
EPSG,4147,Hanoi 1972,+proj=longlat +ellps=krass +no_defs +type=crs
EPSG,4148,Hartebeesthoek94,+proj=longlat +ellps=WGS84 +no_defs +type=crs
EPSG,4149,CH1903,+proj=longlat +ellps=bessel +no_defs +type=crs
EPSG,4150,CH1903+,+proj=longlat +ellps=bessel +no_defs +type=crs
EPSG,4151,CHTRS95,+proj=longlat +ellps=GRS80 +no_defs +type=crs
EPSG,4152,NAD83(HARN),+proj=longlat +ellps=GRS80 +no_defs +type=crs
EPSG,4153,Rassadiran,+proj=longlat +ellps=intl +no_defs +type=crs
EPSG,4154,ED50(ED77),+proj=longlat +ellps=intl +no_defs +type=crs
EPSG,4155,Dabola 1981,+proj=longlat +ellps=clrk80ign +no_defs +type=crs
EPSG,4156,S-JTSK,+proj=longlat +ellps=bessel +no_defs +type=crs
EPSG,4157,Mount Dillon,+proj=longlat +a=6378293.64520876 +b=6356617.98767984 +no_defs +type=crs
EPSG,4158,Naparima 1955,+proj=longlat +ellps=intl +no_defs +type=crs
EPSG,4159,ELD79,+proj=longlat +ellps=intl +no_defs +type=crs
EPSG,4160,Chos Malal 1914,+proj=longlat +ellps=intl +no_defs +type=crs
EPSG,4161,Pampa del Castillo,+proj=longlat +ellps=intl +no_defs +type=crs
EPSG,4162,Korean 1985,+proj=longlat +ellps=bessel +no_defs +type=crs
EPSG,4163,Yemen NGN96,+proj=longlat +ellps=WGS84 +no_defs +type=crs
EPSG,4164,South Yemen,+proj=longlat +ellps=krass +no_defs +type=crs
EPSG,4165,Bissau,+proj=longlat +ellps=intl +no_defs +type=crs
EPSG,4166,Korean 1995,+proj=longlat +ellps=WGS84 +no_defs +type=crs
EPSG,4167,NZGD2000,+proj=longlat +ellps=GRS80 +no_defs +type=crs
EPSG,4168,Accra,+proj=longlat +a=6378300 +rf=296 +no_defs +type=crs
EPSG,4169,American Samoa 1962,+proj=longlat +ellps=clrk66 +no_defs +type=crs
EPSG,4170,SIRGAS 1995,+proj=longlat +ellps=GRS80 +no_defs +type=crs
EPSG,4171,RGF93 v1,+proj=longlat +ellps=GRS80 +no_defs +type=crs
EPSG,4173,IRENET95,+proj=longlat +ellps=GRS80 +no_defs +type=crs
EPSG,4174,Sierra Leone 1924,+proj=longlat +a=6378300 +rf=296 +no_defs +type=crs
EPSG,4175,Sierra Leone 1968,+proj=longlat +a=6378249.145 +rf=293.465 +no_defs +type=crs
EPSG,4176,Australian Antarctic,+proj=longlat +ellps=GRS80 +no_defs +type=crs
EPSG,4178,Pulkovo 1942(83),+proj=longlat +ellps=krass +no_defs +type=crs
EPSG,4179,Pulkovo 1942(58),+proj=longlat +ellps=krass +no_defs +type=crs
EPSG,4180,EST97,+proj=longlat +ellps=GRS80 +no_defs +type=crs
EPSG,4181,LUREF,+proj=longlat +ellps=intl +no_defs +type=crs
EPSG,4182,Azores Occidental 1939,+proj=longlat +ellps=intl +no_defs +type=crs
EPSG,4183,Azores Central 1948,+proj=longlat +ellps=intl +no_defs +type=crs
EPSG,4184,Azores Oriental 1940,+proj=longlat +ellps=intl +no_defs +type=crs
EPSG,4188,OSNI 1952,+proj=longlat +ellps=airy +no_defs +type=crs
EPSG,4189,REGVEN,+proj=longlat +ellps=GRS80 +no_defs +type=crs
EPSG,4190,POSGAR 98,+proj=longlat +ellps=GRS80 +no_defs +type=crs
EPSG,4191,Albanian 1987,+proj=longlat +ellps=krass +no_defs +type=crs
EPSG,4192,Douala 1948,+proj=longlat +ellps=intl +no_defs +type=crs
EPSG,4193,Manoca 1962,+proj=longlat +ellps=clrk80ign +no_defs +type=crs
EPSG,4194,Qornoq 1927,+proj=longlat +ellps=intl +no_defs +type=crs
EPSG,4195,Scoresbysund 1952,+proj=longlat +ellps=intl +no_defs +type=crs
EPSG,4196,Ammassalik 1958,+proj=longlat +ellps=intl +no_defs +type=crs
EPSG,4197,Garoua,+proj=longlat +a=6378249.145 +rf=293.465 +no_defs +type=crs
EPSG,4198,Kousseri,+proj=longlat +a=6378249.145 +rf=293.465 +no_defs +type=crs
EPSG,4199,Egypt 1930,+proj=longlat +ellps=intl +no_defs +type=crs
EPSG,4200,Pulkovo 1995,+proj=longlat +ellps=krass +no_defs +type=crs
EPSG,4201,Adindan,+proj=longlat +a=6378249.145 +rf=293.465 +no_defs +type=crs
EPSG,4202,AGD66,+proj=longlat +ellps=aust_SA +no_defs +type=crs
EPSG,4203,AGD84,+proj=longlat +ellps=aust_SA +no_defs +type=crs
EPSG,4204,Ain el Abd,+proj=longlat +ellps=intl +no_defs +type=crs
EPSG,4205,Afgooye,+proj=longlat +ellps=krass +no_defs +type=crs
EPSG,4206,Agadez,+proj=longlat +ellps=clrk80ign +no_defs +type=crs
EPSG,4207,Lisbon,+proj=longlat +ellps=intl +no_defs +type=crs
EPSG,4208,Aratu,+proj=longlat +ellps=intl +no_defs +type=crs
EPSG,4209,Arc 1950,+proj=longlat +a=6378249.145 +rf=293.4663077 +no_defs +type=crs
EPSG,4210,Arc 1960,+proj=longlat +a=6378249.145 +rf=293.465 +no_defs +type=crs
EPSG,4211,Batavia,+proj=longlat +ellps=bessel +no_defs +type=crs
EPSG,4212,Barbados 1938,+proj=longlat +a=6378249.145 +rf=293.465 +no_defs +type=crs
EPSG,4213,Beduaram,+proj=longlat +ellps=clrk80ign +no_defs +type=crs
EPSG,4214,Beijing 1954,+proj=longlat +ellps=krass +no_defs +type=crs
EPSG,4215,BD50,+proj=longlat +ellps=intl +no_defs +type=crs
EPSG,4216,Bermuda 1957,+proj=longlat +ellps=clrk66 +no_defs +type=crs
EPSG,4217,NAD83 / BLM 59N (ftUS),+proj=tmerc +lat_0=0 +lon_0=171 +k=0.9996 +x_0=500000.001016002 +y_0=0 +datum=NAD83 +units=us-ft +no_defs +type=crs
EPSG,4218,Bogota 1975,+proj=longlat +ellps=intl +no_defs +type=crs
EPSG,4219,Bukit Rimpah,+proj=longlat +ellps=bessel +no_defs +type=crs
EPSG,4220,Camacupa 1948,+proj=longlat +a=6378249.145 +rf=293.465 +no_defs +type=crs
EPSG,4221,Campo Inchauspe,+proj=longlat +ellps=intl +no_defs +type=crs
EPSG,4222,Cape,+proj=longlat +a=6378249.145 +rf=293.4663077 +no_defs +type=crs
EPSG,4223,Carthage,+proj=longlat +ellps=clrk80ign +no_defs +type=crs
EPSG,4224,Chua,+proj=longlat +ellps=intl +no_defs +type=crs
EPSG,4225,Corrego Alegre 1970-72,+proj=longlat +ellps=intl +no_defs +type=crs
EPSG,4227,Deir ez Zor,+proj=longlat +ellps=clrk80ign +no_defs +type=crs
EPSG,4229,Egypt 1907,+proj=longlat +ellps=helmert +no_defs +type=crs
EPSG,4230,ED50,+proj=longlat +ellps=intl +no_defs +type=crs
EPSG,4231,ED87,+proj=longlat +ellps=intl +no_defs +type=crs
EPSG,4232,Fahud,+proj=longlat +a=6378249.145 +rf=293.465 +no_defs +type=crs
EPSG,4236,Hu Tzu Shan 1950,+proj=longlat +ellps=intl +no_defs +type=crs
EPSG,4237,HD72,+proj=longlat +ellps=GRS67 +no_defs +type=crs
EPSG,4238,ID74,+proj=longlat +a=6378160 +rf=298.247 +no_defs +type=crs
EPSG,4239,Indian 1954,+proj=longlat +ellps=evrst30 +no_defs +type=crs
EPSG,4240,Indian 1975,+proj=longlat +ellps=evrst30 +no_defs +type=crs
EPSG,4241,Jamaica 1875,+proj=longlat +a=6378249.14480801 +b=6356514.96620413 +no_defs +type=crs
EPSG,4242,JAD69,+proj=longlat +ellps=clrk66 +no_defs +type=crs
EPSG,4243,Kalianpur 1880,+proj=longlat +a=6377299.36559538 +b=6356098.35900516 +no_defs +type=crs
EPSG,4244,Kandawala,+proj=longlat +ellps=evrst30 +no_defs +type=crs
EPSG,4245,Kertau 1968,+proj=longlat +ellps=evrst48 +no_defs +type=crs
EPSG,4246,KOC,+proj=longlat +a=6378249.145 +rf=293.465 +no_defs +type=crs
EPSG,4247,La Canoa,+proj=longlat +ellps=intl +no_defs +type=crs
EPSG,4248,PSAD56,+proj=longlat +ellps=intl +no_defs +type=crs
EPSG,4249,Lake,+proj=longlat +ellps=intl +no_defs +type=crs
EPSG,4250,Leigon,+proj=longlat +a=6378249.145 +rf=293.465 +no_defs +type=crs
EPSG,4251,Liberia 1964,+proj=longlat +a=6378249.145 +rf=293.465 +no_defs +type=crs
EPSG,4252,Lome,+proj=longlat +ellps=clrk80ign +no_defs +type=crs
EPSG,4253,Luzon 1911,+proj=longlat +ellps=clrk66 +no_defs +type=crs
EPSG,4254,Hito XVIII 1963,+proj=longlat +ellps=intl +no_defs +type=crs
EPSG,4255,Herat North,+proj=longlat +ellps=intl +no_defs +type=crs
EPSG,4256,Mahe 1971,+proj=longlat +a=6378249.145 +rf=293.465 +no_defs +type=crs
EPSG,4257,Makassar,+proj=longlat +ellps=bessel +no_defs +type=crs
EPSG,4258,ETRS89,+proj=longlat +ellps=GRS80 +no_defs +type=crs
EPSG,4259,Malongo 1987,+proj=longlat +ellps=intl +no_defs +type=crs
EPSG,4261,Merchich,+proj=longlat +ellps=clrk80ign +no_defs +type=crs
EPSG,4262,Massawa,+proj=longlat +ellps=bessel +no_defs +type=crs
EPSG,4263,Minna,+proj=longlat +a=6378249.145 +rf=293.465 +no_defs +type=crs
EPSG,4265,Monte Mario,+proj=longlat +ellps=intl +no_defs +type=crs
EPSG,4266,M'poraloko,+proj=longlat +ellps=clrk80ign +no_defs +type=crs
EPSG,4267,NAD27,+proj=longlat +datum=NAD27 +no_defs +type=crs
EPSG,4269,NAD83,+proj=longlat +datum=NAD83 +no_defs +type=crs
EPSG,4270,Nahrwan 1967,+proj=longlat +a=6378249.145 +rf=293.465 +no_defs +type=crs
EPSG,4271,Naparima 1972,+proj=longlat +ellps=intl +no_defs +type=crs
EPSG,4272,NZGD49,+proj=longlat +ellps=intl +no_defs +type=crs
EPSG,4273,NGO 1948,+proj=longlat +a=6377492.018 +rf=299.1528128 +no_defs +type=crs
EPSG,4274,Datum 73,+proj=longlat +ellps=intl +no_defs +type=crs
EPSG,4275,NTF,+proj=longlat +ellps=clrk80ign +no_defs +type=crs
EPSG,4276,NSWC 9Z-2,+proj=longlat +ellps=NWL9D +no_defs +type=crs
EPSG,4277,OSGB36,+proj=longlat +ellps=airy +no_defs +type=crs
EPSG,4278,OSGB70,+proj=longlat +ellps=airy +no_defs +type=crs
EPSG,4279,OS(SN)80,+proj=longlat +ellps=airy +no_defs +type=crs
EPSG,4281,Palestine 1923,+proj=longlat +a=6378300.789 +b=6356566.435 +no_defs +type=crs
EPSG,4282,Pointe Noire,+proj=longlat +ellps=clrk80ign +no_defs +type=crs
EPSG,4283,GDA94,+proj=longlat +ellps=GRS80 +no_defs +type=crs
EPSG,4284,Pulkovo 1942,+proj=longlat +ellps=krass +no_defs +type=crs
EPSG,4285,Qatar 1974,+proj=longlat +ellps=intl +no_defs +type=crs
EPSG,4286,Qatar 1948,+proj=longlat +ellps=helmert +no_defs +type=crs
EPSG,4288,Loma Quintana,+proj=longlat +ellps=intl +no_defs +type=crs
EPSG,4289,Amersfoort,+proj=longlat +ellps=bessel +no_defs +type=crs
EPSG,4292,Sapper Hill 1943,+proj=longlat +ellps=intl +no_defs +type=crs
EPSG,4293,Schwarzeck,+proj=longlat +ellps=bess_nam +no_defs +type=crs
EPSG,4295,Serindung,+proj=longlat +ellps=bessel +no_defs +type=crs
EPSG,4297,Tananarive,+proj=longlat +ellps=intl +no_defs +type=crs
EPSG,4298,Timbalai 1948,+proj=longlat +ellps=evrstSS +no_defs +type=crs
EPSG,4299,TM65,+proj=longlat +a=6377340.189 +rf=299.3249646 +no_defs +type=crs
EPSG,4300,TM75,+proj=longlat +a=6377340.189 +rf=299.3249646 +no_defs +type=crs
EPSG,4301,Tokyo,+proj=longlat +ellps=bessel +no_defs +type=crs
EPSG,4302,Trinidad 1903,+proj=longlat +a=6378293.64520876 +b=6356617.98767984 +no_defs +type=crs
EPSG,4303,TC(1948),+proj=longlat +ellps=helmert +no_defs +type=crs
EPSG,4304,Voirol 1875,+proj=longlat +ellps=clrk80ign +no_defs +type=crs
EPSG,4306,Bern 1938,+proj=longlat +ellps=bessel +no_defs +type=crs
EPSG,4307,Nord Sahara 1959,+proj=longlat +a=6378249.145 +rf=293.465 +no_defs +type=crs
EPSG,4308,RT38,+proj=longlat +ellps=bessel +no_defs +type=crs
EPSG,4309,Yacare,+proj=longlat +ellps=intl +no_defs +type=crs
EPSG,4310,Yoff,+proj=longlat +ellps=clrk80ign +no_defs +type=crs
EPSG,4311,Zanderij,+proj=longlat +ellps=intl +no_defs +type=crs
EPSG,4312,MGI,+proj=longlat +ellps=bessel +no_defs +type=crs
EPSG,4313,BD72,+proj=longlat +ellps=intl +no_defs +type=crs
EPSG,4314,DHDN,+proj=longlat +ellps=bessel +no_defs +type=crs
EPSG,4315,Conakry 1905,+proj=longlat +ellps=clrk80ign +no_defs +type=crs
EPSG,4316,Dealul Piscului 1930,+proj=longlat +ellps=intl +no_defs +type=crs
EPSG,4318,NGN,+proj=longlat +ellps=WGS84 +no_defs +type=crs
EPSG,4319,KUDAMS,+proj=longlat +ellps=GRS80 +no_defs +type=crs
EPSG,4322,WGS 72,+proj=longlat +ellps=WGS72 +no_defs +type=crs
EPSG,4324,WGS 72BE,+proj=longlat +ellps=WGS72 +no_defs +type=crs
EPSG,4326,WGS 84,+proj=longlat +datum=WGS84 +no_defs +type=crs
EPSG,4390,Kertau 1968 / Johor Grid,+proj=cass +lat_0=2.04258333333333 +lon_0=103.562758333333 +x_0=0 +y_0=0 +ellps=evrst48 +units=m +no_defs +type=crs
EPSG,4391,Kertau 1968 / Sembilan and Melaka Grid,+proj=cass +lat_0=2.71228333333333 +lon_0=101.941166666667 +x_0=-242.005 +y_0=-948.547 +ellps=evrst48 +units=m +no_defs +type=crs
EPSG,4392,Kertau 1968 / Pahang Grid,+proj=cass +lat_0=3.71097222222222 +lon_0=102.436177777778 +x_0=0 +y_0=0 +ellps=evrst48 +units=m +no_defs +type=crs
EPSG,4393,Kertau 1968 / Selangor Grid,+proj=cass +lat_0=3.68034444444444 +lon_0=101.508244444444 +x_0=-21759.438 +y_0=55960.906 +ellps=evrst48 +units=m +no_defs +type=crs
EPSG,4394,Kertau 1968 / Terengganu Grid,+proj=cass +lat_0=4.94614166666667 +lon_0=102.895208333333 +x_0=0 +y_0=0 +ellps=evrst48 +units=m +no_defs +type=crs
EPSG,4395,Kertau 1968 / Pinang Grid,+proj=cass +lat_0=5.421325 +lon_0=100.345869444444 +x_0=0 +y_0=0 +ellps=evrst48 +units=m +no_defs +type=crs
EPSG,4396,Kertau 1968 / Kedah and Perlis Grid,+proj=cass +lat_0=5.96514722222222 +lon_0=100.637594444444 +x_0=0 +y_0=0 +ellps=evrst48 +units=m +no_defs +type=crs
EPSG,4397,Kertau 1968 / Perak Revised Grid,+proj=cass +lat_0=4.85938055555556 +lon_0=100.816766666667 +x_0=0 +y_0=133453.669 +ellps=evrst48 +units=m +no_defs +type=crs
EPSG,4398,Kertau 1968 / Kelantan Grid,+proj=cass +lat_0=5.89392222222222 +lon_0=102.177291666667 +x_0=0 +y_0=0 +ellps=evrst48 +units=m +no_defs +type=crs
EPSG,4399,NAD27 / BLM 59N (ftUS),+proj=tmerc +lat_0=0 +lon_0=171 +k=0.9996 +x_0=500000.001016002 +y_0=0 +datum=NAD27 +units=us-ft +no_defs +type=crs
EPSG,4400,NAD27 / BLM 60N (ftUS),+proj=tmerc +lat_0=0 +lon_0=177 +k=0.9996 +x_0=500000.001016002 +y_0=0 +datum=NAD27 +units=us-ft +no_defs +type=crs
EPSG,4401,NAD27 / BLM 1N (ftUS),+proj=tmerc +lat_0=0 +lon_0=-177 +k=0.9996 +x_0=500000.001016002 +y_0=0 +datum=NAD27 +units=us-ft +no_defs +type=crs
EPSG,4402,NAD27 / BLM 2N (ftUS),+proj=tmerc +lat_0=0 +lon_0=-171 +k=0.9996 +x_0=500000.001016002 +y_0=0 +datum=NAD27 +units=us-ft +no_defs +type=crs
EPSG,4403,NAD27 / BLM 3N (ftUS),+proj=tmerc +lat_0=0 +lon_0=-165 +k=0.9996 +x_0=500000.001016002 +y_0=0 +datum=NAD27 +units=us-ft +no_defs +type=crs
EPSG,4404,NAD27 / BLM 4N (ftUS),+proj=tmerc +lat_0=0 +lon_0=-159 +k=0.9996 +x_0=500000.001016002 +y_0=0 +datum=NAD27 +units=us-ft +no_defs +type=crs
EPSG,4405,NAD27 / BLM 5N (ftUS),+proj=tmerc +lat_0=0 +lon_0=-153 +k=0.9996 +x_0=500000.001016002 +y_0=0 +datum=NAD27 +units=us-ft +no_defs +type=crs
EPSG,4406,NAD27 / BLM 6N (ftUS),+proj=tmerc +lat_0=0 +lon_0=-147 +k=0.9996 +x_0=500000.001016002 +y_0=0 +datum=NAD27 +units=us-ft +no_defs +type=crs
EPSG,4407,NAD27 / BLM 7N (ftUS),+proj=tmerc +lat_0=0 +lon_0=-141 +k=0.9996 +x_0=500000.001016002 +y_0=0 +datum=NAD27 +units=us-ft +no_defs +type=crs
EPSG,4408,NAD27 / BLM 8N (ftUS),+proj=tmerc +lat_0=0 +lon_0=-135 +k=0.9996 +x_0=500000.001016002 +y_0=0 +datum=NAD27 +units=us-ft +no_defs +type=crs
EPSG,4409,NAD27 / BLM 9N (ftUS),+proj=tmerc +lat_0=0 +lon_0=-129 +k=0.9996 +x_0=500000.001016002 +y_0=0 +datum=NAD27 +units=us-ft +no_defs +type=crs
EPSG,4410,NAD27 / BLM 10N (ftUS),+proj=tmerc +lat_0=0 +lon_0=-123 +k=0.9996 +x_0=500000.001016002 +y_0=0 +datum=NAD27 +units=us-ft +no_defs +type=crs
EPSG,4411,NAD27 / BLM 11N (ftUS),+proj=tmerc +lat_0=0 +lon_0=-117 +k=0.9996 +x_0=500000.001016002 +y_0=0 +datum=NAD27 +units=us-ft +no_defs +type=crs
EPSG,4412,NAD27 / BLM 12N (ftUS),+proj=tmerc +lat_0=0 +lon_0=-111 +k=0.9996 +x_0=500000.001016002 +y_0=0 +datum=NAD27 +units=us-ft +no_defs +type=crs
EPSG,4413,NAD27 / BLM 13N (ftUS),+proj=tmerc +lat_0=0 +lon_0=-105 +k=0.9996 +x_0=500000.001016002 +y_0=0 +datum=NAD27 +units=us-ft +no_defs +type=crs
EPSG,4414,NAD83(HARN) / Guam Map Grid,+proj=tmerc +lat_0=13.5 +lon_0=144.75 +k=1 +x_0=100000 +y_0=200000 +ellps=GRS80 +units=m +no_defs +type=crs
EPSG,4415,Katanga 1955 / Katanga Lambert,+proj=lcc +lat_0=-9 +lon_0=26 +lat_1=-6.5 +lat_2=-11.5 +x_0=500000 +y_0=500000 +ellps=clrk66 +units=m +no_defs +type=crs
EPSG,4417,Pulkovo 1942(83) / 3-degree Gauss-Kruger zone 7,+proj=tmerc +lat_0=0 +lon_0=21 +k=1 +x_0=7500000 +y_0=0 +ellps=krass +units=m +no_defs +type=crs
EPSG,4418,NAD27 / BLM 18N (ftUS),+proj=tmerc +lat_0=0 +lon_0=-75 +k=0.9996 +x_0=500000.001016002 +y_0=0 +datum=NAD27 +units=us-ft +no_defs +type=crs
EPSG,4419,NAD27 / BLM 19N (ftUS),+proj=tmerc +lat_0=0 +lon_0=-69 +k=0.9996 +x_0=500000.001016002 +y_0=0 +datum=NAD27 +units=us-ft +no_defs +type=crs
EPSG,4420,NAD83 / BLM 60N (ftUS),+proj=tmerc +lat_0=0 +lon_0=177 +k=0.9996 +x_0=500000.001016002 +y_0=0 +datum=NAD83 +units=us-ft +no_defs +type=crs
EPSG,4421,NAD83 / BLM 1N (ftUS),+proj=tmerc +lat_0=0 +lon_0=-177 +k=0.9996 +x_0=500000.001016002 +y_0=0 +datum=NAD83 +units=us-ft +no_defs +type=crs
EPSG,4422,NAD83 / BLM 2N (ftUS),+proj=tmerc +lat_0=0 +lon_0=-171 +k=0.9996 +x_0=500000.001016002 +y_0=0 +datum=NAD83 +units=us-ft +no_defs +type=crs
EPSG,4423,NAD83 / BLM 3N (ftUS),+proj=tmerc +lat_0=0 +lon_0=-165 +k=0.9996 +x_0=500000.001016002 +y_0=0 +datum=NAD83 +units=us-ft +no_defs +type=crs
EPSG,4424,NAD83 / BLM 4N (ftUS),+proj=tmerc +lat_0=0 +lon_0=-159 +k=0.9996 +x_0=500000.001016002 +y_0=0 +datum=NAD83 +units=us-ft +no_defs +type=crs
EPSG,4425,NAD83 / BLM 5N (ftUS),+proj=tmerc +lat_0=0 +lon_0=-153 +k=0.9996 +x_0=500000.001016002 +y_0=0 +datum=NAD83 +units=us-ft +no_defs +type=crs
EPSG,4426,NAD83 / BLM 6N (ftUS),+proj=tmerc +lat_0=0 +lon_0=-147 +k=0.9996 +x_0=500000.001016002 +y_0=0 +datum=NAD83 +units=us-ft +no_defs +type=crs
EPSG,4427,NAD83 / BLM 7N (ftUS),+proj=tmerc +lat_0=0 +lon_0=-141 +k=0.9996 +x_0=500000.001016002 +y_0=0 +datum=NAD83 +units=us-ft +no_defs +type=crs
EPSG,4428,NAD83 / BLM 8N (ftUS),+proj=tmerc +lat_0=0 +lon_0=-135 +k=0.9996 +x_0=500000.001016002 +y_0=0 +datum=NAD83 +units=us-ft +no_defs +type=crs
EPSG,4429,NAD83 / BLM 9N (ftUS),+proj=tmerc +lat_0=0 +lon_0=-129 +k=0.9996 +x_0=500000.001016002 +y_0=0 +datum=NAD83 +units=us-ft +no_defs +type=crs
EPSG,4430,NAD83 / BLM 10N (ftUS),+proj=tmerc +lat_0=0 +lon_0=-123 +k=0.9996 +x_0=500000.001016002 +y_0=0 +datum=NAD83 +units=us-ft +no_defs +type=crs
EPSG,4431,NAD83 / BLM 11N (ftUS),+proj=tmerc +lat_0=0 +lon_0=-117 +k=0.9996 +x_0=500000.001016002 +y_0=0 +datum=NAD83 +units=us-ft +no_defs +type=crs
EPSG,4432,NAD83 / BLM 12N (ftUS),+proj=tmerc +lat_0=0 +lon_0=-111 +k=0.9996 +x_0=500000.001016002 +y_0=0 +datum=NAD83 +units=us-ft +no_defs +type=crs
EPSG,4433,NAD83 / BLM 13N (ftUS),+proj=tmerc +lat_0=0 +lon_0=-105 +k=0.9996 +x_0=500000.001016002 +y_0=0 +datum=NAD83 +units=us-ft +no_defs +type=crs
EPSG,4434,Pulkovo 1942(83) / 3-degree Gauss-Kruger zone 8,+proj=tmerc +lat_0=0 +lon_0=24 +k=1 +x_0=8500000 +y_0=0 +ellps=krass +units=m +no_defs +type=crs
EPSG,4437,NAD83(NSRS2007) / Puerto Rico and Virgin Is.,+proj=lcc +lat_0=17.8333333333333 +lon_0=-66.4333333333333 +lat_1=18.4333333333333 +lat_2=18.0333333333333 +x_0=200000 +y_0=200000 +ellps=GRS80 +units=m +no_defs +type=crs
EPSG,4438,NAD83 / BLM 18N (ftUS),+proj=tmerc +lat_0=0 +lon_0=-75 +k=0.9996 +x_0=500000.001016002 +y_0=0 +datum=NAD83 +units=us-ft +no_defs +type=crs
EPSG,4439,NAD83 / BLM 19N (ftUS),+proj=tmerc +lat_0=0 +lon_0=-69 +k=0.9996 +x_0=500000.001016002 +y_0=0 +datum=NAD83 +units=us-ft +no_defs +type=crs
EPSG,4440,NZVD2009 height,+vunits=m +no_defs +type=crs
EPSG,4455,NAD27 / Pennsylvania South,+proj=lcc +lat_0=39.3333333333333 +lon_0=-77.75 +lat_1=40.9666666666667 +lat_2=39.9333333333333 +x_0=609601.219202438 +y_0=0 +datum=NAD27 +units=us-ft +no_defs +type=crs
EPSG,4456,NAD27 / New York Long Island,+proj=lcc +lat_0=40.5 +lon_0=-74 +lat_1=41.0333333333333 +lat_2=40.6666666666667 +x_0=609601.219202438 +y_0=30480.0609601219 +datum=NAD27 +units=us-ft +no_defs +type=crs
EPSG,4457,NAD83 / South Dakota North (ftUS),+proj=lcc +lat_0=43.8333333333333 +lon_0=-100 +lat_1=45.6833333333333 +lat_2=44.4166666666667 +x_0=600000 +y_0=0 +datum=NAD83 +units=us-ft +no_defs +type=crs
EPSG,4458,Dunedin-Bluff 1960 height,+vunits=m +no_defs +type=crs
EPSG,4462,WGS 84 / Australian Centre for Remote Sensing Lambert,+proj=lcc +lat_0=-27 +lon_0=132 +lat_1=-18 +lat_2=-36 +x_0=0 +y_0=0 +datum=WGS84 +units=m +no_defs +type=crs
EPSG,4463,RGSPM06,+proj=longlat +ellps=GRS80 +no_defs +type=crs
EPSG,4465,RGSPM06,+proj=geocent +ellps=GRS80 +units=m +no_defs +type=crs
EPSG,4466,RGSPM06,+proj=longlat +ellps=GRS80 +no_defs +type=crs
EPSG,4467,RGSPM06 / UTM zone 21N,+proj=utm +zone=21 +ellps=GRS80 +units=m +no_defs +type=crs
EPSG,4468,RGM04,+proj=geocent +ellps=GRS80 +units=m +no_defs +type=crs
EPSG,4469,RGM04,+proj=longlat +ellps=GRS80 +no_defs +type=crs
EPSG,4470,RGM04,+proj=longlat +ellps=GRS80 +no_defs +type=crs
EPSG,4471,RGM04 / UTM zone 38S,+proj=utm +zone=38 +south +ellps=GRS80 +units=m +no_defs +type=crs
EPSG,4472,Cadastre 1997,+proj=longlat +ellps=intl +no_defs +type=crs
EPSG,4473,Cadastre 1997,+proj=geocent +ellps=intl +units=m +no_defs +type=crs
EPSG,4475,Cadastre 1997,+proj=longlat +ellps=intl +no_defs +type=crs
EPSG,4479,China Geodetic Coordinate System 2000,+proj=geocent +ellps=GRS80 +units=m +no_defs +type=crs
EPSG,4480,China Geodetic Coordinate System 2000,+proj=longlat +ellps=GRS80 +no_defs +type=crs
EPSG,4481,Mexico ITRF92,+proj=geocent +ellps=GRS80 +units=m +no_defs +type=crs
EPSG,4482,Mexico ITRF92,+proj=longlat +ellps=GRS80 +no_defs +type=crs
EPSG,4483,Mexico ITRF92,+proj=longlat +ellps=GRS80 +no_defs +type=crs
EPSG,4484,Mexico ITRF92 / UTM zone 11N,+proj=utm +zone=11 +ellps=GRS80 +units=m +no_defs +type=crs
EPSG,4485,Mexico ITRF92 / UTM zone 12N,+proj=utm +zone=12 +ellps=GRS80 +units=m +no_defs +type=crs
EPSG,4486,Mexico ITRF92 / UTM zone 13N,+proj=utm +zone=13 +ellps=GRS80 +units=m +no_defs +type=crs
EPSG,4487,Mexico ITRF92 / UTM zone 14N,+proj=utm +zone=14 +ellps=GRS80 +units=m +no_defs +type=crs
EPSG,4488,Mexico ITRF92 / UTM zone 15N,+proj=utm +zone=15 +ellps=GRS80 +units=m +no_defs +type=crs
EPSG,4489,Mexico ITRF92 / UTM zone 16N,+proj=utm +zone=16 +ellps=GRS80 +units=m +no_defs +type=crs
EPSG,4490,China Geodetic Coordinate System 2000,+proj=longlat +ellps=GRS80 +no_defs +type=crs
EPSG,4491,CGCS2000 / Gauss-Kruger zone 13,+proj=tmerc +lat_0=0 +lon_0=75 +k=1 +x_0=13500000 +y_0=0 +ellps=GRS80 +units=m +no_defs +type=crs
EPSG,4492,CGCS2000 / Gauss-Kruger zone 14,+proj=tmerc +lat_0=0 +lon_0=81 +k=1 +x_0=14500000 +y_0=0 +ellps=GRS80 +units=m +no_defs +type=crs
EPSG,4493,CGCS2000 / Gauss-Kruger zone 15,+proj=tmerc +lat_0=0 +lon_0=87 +k=1 +x_0=15500000 +y_0=0 +ellps=GRS80 +units=m +no_defs +type=crs
EPSG,4494,CGCS2000 / Gauss-Kruger zone 16,+proj=tmerc +lat_0=0 +lon_0=93 +k=1 +x_0=16500000 +y_0=0 +ellps=GRS80 +units=m +no_defs +type=crs
EPSG,4495,CGCS2000 / Gauss-Kruger zone 17,+proj=tmerc +lat_0=0 +lon_0=99 +k=1 +x_0=17500000 +y_0=0 +ellps=GRS80 +units=m +no_defs +type=crs
EPSG,4496,CGCS2000 / Gauss-Kruger zone 18,+proj=tmerc +lat_0=0 +lon_0=105 +k=1 +x_0=18500000 +y_0=0 +ellps=GRS80 +units=m +no_defs +type=crs
EPSG,4497,CGCS2000 / Gauss-Kruger zone 19,+proj=tmerc +lat_0=0 +lon_0=111 +k=1 +x_0=19500000 +y_0=0 +ellps=GRS80 +units=m +no_defs +type=crs
EPSG,4498,CGCS2000 / Gauss-Kruger zone 20,+proj=tmerc +lat_0=0 +lon_0=117 +k=1 +x_0=20500000 +y_0=0 +ellps=GRS80 +units=m +no_defs +type=crs
EPSG,4499,CGCS2000 / Gauss-Kruger zone 21,+proj=tmerc +lat_0=0 +lon_0=123 +k=1 +x_0=21500000 +y_0=0 +ellps=GRS80 +units=m +no_defs +type=crs
EPSG,4500,CGCS2000 / Gauss-Kruger zone 22,+proj=tmerc +lat_0=0 +lon_0=129 +k=1 +x_0=22500000 +y_0=0 +ellps=GRS80 +units=m +no_defs +type=crs
EPSG,4501,CGCS2000 / Gauss-Kruger zone 23,+proj=tmerc +lat_0=0 +lon_0=135 +k=1 +x_0=23500000 +y_0=0 +ellps=GRS80 +units=m +no_defs +type=crs
EPSG,4502,CGCS2000 / Gauss-Kruger CM 75E,+proj=tmerc +lat_0=0 +lon_0=75 +k=1 +x_0=500000 +y_0=0 +ellps=GRS80 +units=m +no_defs +type=crs
EPSG,4503,CGCS2000 / Gauss-Kruger CM 81E,+proj=tmerc +lat_0=0 +lon_0=81 +k=1 +x_0=500000 +y_0=0 +ellps=GRS80 +units=m +no_defs +type=crs
EPSG,4504,CGCS2000 / Gauss-Kruger CM 87E,+proj=tmerc +lat_0=0 +lon_0=87 +k=1 +x_0=500000 +y_0=0 +ellps=GRS80 +units=m +no_defs +type=crs
EPSG,4505,CGCS2000 / Gauss-Kruger CM 93E,+proj=tmerc +lat_0=0 +lon_0=93 +k=1 +x_0=500000 +y_0=0 +ellps=GRS80 +units=m +no_defs +type=crs
EPSG,4506,CGCS2000 / Gauss-Kruger CM 99E,+proj=tmerc +lat_0=0 +lon_0=99 +k=1 +x_0=500000 +y_0=0 +ellps=GRS80 +units=m +no_defs +type=crs
EPSG,4507,CGCS2000 / Gauss-Kruger CM 105E,+proj=tmerc +lat_0=0 +lon_0=105 +k=1 +x_0=500000 +y_0=0 +ellps=GRS80 +units=m +no_defs +type=crs
EPSG,4508,CGCS2000 / Gauss-Kruger CM 111E,+proj=tmerc +lat_0=0 +lon_0=111 +k=1 +x_0=500000 +y_0=0 +ellps=GRS80 +units=m +no_defs +type=crs
EPSG,4509,CGCS2000 / Gauss-Kruger CM 117E,+proj=tmerc +lat_0=0 +lon_0=117 +k=1 +x_0=500000 +y_0=0 +ellps=GRS80 +units=m +no_defs +type=crs
EPSG,4510,CGCS2000 / Gauss-Kruger CM 123E,+proj=tmerc +lat_0=0 +lon_0=123 +k=1 +x_0=500000 +y_0=0 +ellps=GRS80 +units=m +no_defs +type=crs
EPSG,4511,CGCS2000 / Gauss-Kruger CM 129E,+proj=tmerc +lat_0=0 +lon_0=129 +k=1 +x_0=500000 +y_0=0 +ellps=GRS80 +units=m +no_defs +type=crs
EPSG,4512,CGCS2000 / Gauss-Kruger CM 135E,+proj=tmerc +lat_0=0 +lon_0=135 +k=1 +x_0=500000 +y_0=0 +ellps=GRS80 +units=m +no_defs +type=crs
EPSG,4513,CGCS2000 / 3-degree Gauss-Kruger zone 25,+proj=tmerc +lat_0=0 +lon_0=75 +k=1 +x_0=25500000 +y_0=0 +ellps=GRS80 +units=m +no_defs +type=crs
EPSG,4514,CGCS2000 / 3-degree Gauss-Kruger zone 26,+proj=tmerc +lat_0=0 +lon_0=78 +k=1 +x_0=26500000 +y_0=0 +ellps=GRS80 +units=m +no_defs +type=crs
EPSG,4515,CGCS2000 / 3-degree Gauss-Kruger zone 27,+proj=tmerc +lat_0=0 +lon_0=81 +k=1 +x_0=27500000 +y_0=0 +ellps=GRS80 +units=m +no_defs +type=crs
EPSG,4516,CGCS2000 / 3-degree Gauss-Kruger zone 28,+proj=tmerc +lat_0=0 +lon_0=84 +k=1 +x_0=28500000 +y_0=0 +ellps=GRS80 +units=m +no_defs +type=crs
EPSG,4517,CGCS2000 / 3-degree Gauss-Kruger zone 29,+proj=tmerc +lat_0=0 +lon_0=87 +k=1 +x_0=29500000 +y_0=0 +ellps=GRS80 +units=m +no_defs +type=crs
EPSG,4518,CGCS2000 / 3-degree Gauss-Kruger zone 30,+proj=tmerc +lat_0=0 +lon_0=90 +k=1 +x_0=30500000 +y_0=0 +ellps=GRS80 +units=m +no_defs +type=crs
EPSG,4519,CGCS2000 / 3-degree Gauss-Kruger zone 31,+proj=tmerc +lat_0=0 +lon_0=93 +k=1 +x_0=31500000 +y_0=0 +ellps=GRS80 +units=m +no_defs +type=crs
EPSG,4520,CGCS2000 / 3-degree Gauss-Kruger zone 32,+proj=tmerc +lat_0=0 +lon_0=96 +k=1 +x_0=32500000 +y_0=0 +ellps=GRS80 +units=m +no_defs +type=crs
EPSG,4521,CGCS2000 / 3-degree Gauss-Kruger zone 33,+proj=tmerc +lat_0=0 +lon_0=99 +k=1 +x_0=33500000 +y_0=0 +ellps=GRS80 +units=m +no_defs +type=crs
EPSG,4522,CGCS2000 / 3-degree Gauss-Kruger zone 34,+proj=tmerc +lat_0=0 +lon_0=102 +k=1 +x_0=34500000 +y_0=0 +ellps=GRS80 +units=m +no_defs +type=crs
EPSG,4523,CGCS2000 / 3-degree Gauss-Kruger zone 35,+proj=tmerc +lat_0=0 +lon_0=105 +k=1 +x_0=35500000 +y_0=0 +ellps=GRS80 +units=m +no_defs +type=crs
EPSG,4524,CGCS2000 / 3-degree Gauss-Kruger zone 36,+proj=tmerc +lat_0=0 +lon_0=108 +k=1 +x_0=36500000 +y_0=0 +ellps=GRS80 +units=m +no_defs +type=crs
EPSG,4525,CGCS2000 / 3-degree Gauss-Kruger zone 37,+proj=tmerc +lat_0=0 +lon_0=111 +k=1 +x_0=37500000 +y_0=0 +ellps=GRS80 +units=m +no_defs +type=crs
EPSG,4526,CGCS2000 / 3-degree Gauss-Kruger zone 38,+proj=tmerc +lat_0=0 +lon_0=114 +k=1 +x_0=38500000 +y_0=0 +ellps=GRS80 +units=m +no_defs +type=crs
EPSG,4527,CGCS2000 / 3-degree Gauss-Kruger zone 39,+proj=tmerc +lat_0=0 +lon_0=117 +k=1 +x_0=39500000 +y_0=0 +ellps=GRS80 +units=m +no_defs +type=crs
EPSG,4528,CGCS2000 / 3-degree Gauss-Kruger zone 40,+proj=tmerc +lat_0=0 +lon_0=120 +k=1 +x_0=40500000 +y_0=0 +ellps=GRS80 +units=m +no_defs +type=crs
EPSG,4529,CGCS2000 / 3-degree Gauss-Kruger zone 41,+proj=tmerc +lat_0=0 +lon_0=123 +k=1 +x_0=41500000 +y_0=0 +ellps=GRS80 +units=m +no_defs +type=crs
EPSG,4530,CGCS2000 / 3-degree Gauss-Kruger zone 42,+proj=tmerc +lat_0=0 +lon_0=126 +k=1 +x_0=42500000 +y_0=0 +ellps=GRS80 +units=m +no_defs +type=crs
EPSG,4531,CGCS2000 / 3-degree Gauss-Kruger zone 43,+proj=tmerc +lat_0=0 +lon_0=129 +k=1 +x_0=43500000 +y_0=0 +ellps=GRS80 +units=m +no_defs +type=crs
EPSG,4532,CGCS2000 / 3-degree Gauss-Kruger zone 44,+proj=tmerc +lat_0=0 +lon_0=132 +k=1 +x_0=44500000 +y_0=0 +ellps=GRS80 +units=m +no_defs +type=crs
EPSG,4533,CGCS2000 / 3-degree Gauss-Kruger zone 45,+proj=tmerc +lat_0=0 +lon_0=135 +k=1 +x_0=45500000 +y_0=0 +ellps=GRS80 +units=m +no_defs +type=crs
EPSG,4534,CGCS2000 / 3-degree Gauss-Kruger CM 75E,+proj=tmerc +lat_0=0 +lon_0=75 +k=1 +x_0=500000 +y_0=0 +ellps=GRS80 +units=m +no_defs +type=crs
EPSG,4535,CGCS2000 / 3-degree Gauss-Kruger CM 78E,+proj=tmerc +lat_0=0 +lon_0=78 +k=1 +x_0=500000 +y_0=0 +ellps=GRS80 +units=m +no_defs +type=crs
EPSG,4536,CGCS2000 / 3-degree Gauss-Kruger CM 81E,+proj=tmerc +lat_0=0 +lon_0=81 +k=1 +x_0=500000 +y_0=0 +ellps=GRS80 +units=m +no_defs +type=crs
EPSG,4537,CGCS2000 / 3-degree Gauss-Kruger CM 84E,+proj=tmerc +lat_0=0 +lon_0=84 +k=1 +x_0=500000 +y_0=0 +ellps=GRS80 +units=m +no_defs +type=crs
EPSG,4538,CGCS2000 / 3-degree Gauss-Kruger CM 87E,+proj=tmerc +lat_0=0 +lon_0=87 +k=1 +x_0=500000 +y_0=0 +ellps=GRS80 +units=m +no_defs +type=crs
EPSG,4539,CGCS2000 / 3-degree Gauss-Kruger CM 90E,+proj=tmerc +lat_0=0 +lon_0=90 +k=1 +x_0=500000 +y_0=0 +ellps=GRS80 +units=m +no_defs +type=crs
EPSG,4540,CGCS2000 / 3-degree Gauss-Kruger CM 93E,+proj=tmerc +lat_0=0 +lon_0=93 +k=1 +x_0=500000 +y_0=0 +ellps=GRS80 +units=m +no_defs +type=crs
EPSG,4541,CGCS2000 / 3-degree Gauss-Kruger CM 96E,+proj=tmerc +lat_0=0 +lon_0=96 +k=1 +x_0=500000 +y_0=0 +ellps=GRS80 +units=m +no_defs +type=crs
EPSG,4542,CGCS2000 / 3-degree Gauss-Kruger CM 99E,+proj=tmerc +lat_0=0 +lon_0=99 +k=1 +x_0=500000 +y_0=0 +ellps=GRS80 +units=m +no_defs +type=crs
EPSG,4543,CGCS2000 / 3-degree Gauss-Kruger CM 102E,+proj=tmerc +lat_0=0 +lon_0=102 +k=1 +x_0=500000 +y_0=0 +ellps=GRS80 +units=m +no_defs +type=crs
EPSG,4544,CGCS2000 / 3-degree Gauss-Kruger CM 105E,+proj=tmerc +lat_0=0 +lon_0=105 +k=1 +x_0=500000 +y_0=0 +ellps=GRS80 +units=m +no_defs +type=crs
EPSG,4545,CGCS2000 / 3-degree Gauss-Kruger CM 108E,+proj=tmerc +lat_0=0 +lon_0=108 +k=1 +x_0=500000 +y_0=0 +ellps=GRS80 +units=m +no_defs +type=crs
EPSG,4546,CGCS2000 / 3-degree Gauss-Kruger CM 111E,+proj=tmerc +lat_0=0 +lon_0=111 +k=1 +x_0=500000 +y_0=0 +ellps=GRS80 +units=m +no_defs +type=crs
EPSG,4547,CGCS2000 / 3-degree Gauss-Kruger CM 114E,+proj=tmerc +lat_0=0 +lon_0=114 +k=1 +x_0=500000 +y_0=0 +ellps=GRS80 +units=m +no_defs +type=crs
EPSG,4548,CGCS2000 / 3-degree Gauss-Kruger CM 117E,+proj=tmerc +lat_0=0 +lon_0=117 +k=1 +x_0=500000 +y_0=0 +ellps=GRS80 +units=m +no_defs +type=crs
EPSG,4549,CGCS2000 / 3-degree Gauss-Kruger CM 120E,+proj=tmerc +lat_0=0 +lon_0=120 +k=1 +x_0=500000 +y_0=0 +ellps=GRS80 +units=m +no_defs +type=crs
EPSG,4550,CGCS2000 / 3-degree Gauss-Kruger CM 123E,+proj=tmerc +lat_0=0 +lon_0=123 +k=1 +x_0=500000 +y_0=0 +ellps=GRS80 +units=m +no_defs +type=crs
EPSG,4551,CGCS2000 / 3-degree Gauss-Kruger CM 126E,+proj=tmerc +lat_0=0 +lon_0=126 +k=1 +x_0=500000 +y_0=0 +ellps=GRS80 +units=m +no_defs +type=crs
EPSG,4552,CGCS2000 / 3-degree Gauss-Kruger CM 129E,+proj=tmerc +lat_0=0 +lon_0=129 +k=1 +x_0=500000 +y_0=0 +ellps=GRS80 +units=m +no_defs +type=crs
EPSG,4553,CGCS2000 / 3-degree Gauss-Kruger CM 132E,+proj=tmerc +lat_0=0 +lon_0=132 +k=1 +x_0=500000 +y_0=0 +ellps=GRS80 +units=m +no_defs +type=crs
EPSG,4554,CGCS2000 / 3-degree Gauss-Kruger CM 135E,+proj=tmerc +lat_0=0 +lon_0=135 +k=1 +x_0=500000 +y_0=0 +ellps=GRS80 +units=m +no_defs +type=crs
EPSG,4555,New Beijing,+proj=longlat +ellps=krass +no_defs +type=crs
EPSG,4556,RRAF 1991,+proj=geocent +ellps=GRS80 +units=m +no_defs +type=crs
EPSG,4557,RRAF 1991,+proj=longlat +ellps=GRS80 +no_defs +type=crs
EPSG,4558,RRAF 1991,+proj=longlat +ellps=GRS80 +no_defs +type=crs
EPSG,4559,RRAF 1991 / UTM zone 20N,+proj=utm +zone=20 +ellps=GRS80 +units=m +no_defs +type=crs
EPSG,4568,New Beijing / Gauss-Kruger zone 13,+proj=tmerc +lat_0=0 +lon_0=75 +k=1 +x_0=13500000 +y_0=0 +ellps=krass +units=m +no_defs +type=crs
EPSG,4569,New Beijing / Gauss-Kruger zone 14,+proj=tmerc +lat_0=0 +lon_0=81 +k=1 +x_0=14500000 +y_0=0 +ellps=krass +units=m +no_defs +type=crs
EPSG,4570,New Beijing / Gauss-Kruger zone 15,+proj=tmerc +lat_0=0 +lon_0=87 +k=1 +x_0=15500000 +y_0=0 +ellps=krass +units=m +no_defs +type=crs
EPSG,4571,New Beijing / Gauss-Kruger zone 16,+proj=tmerc +lat_0=0 +lon_0=93 +k=1 +x_0=16500000 +y_0=0 +ellps=krass +units=m +no_defs +type=crs
EPSG,4572,New Beijing / Gauss-Kruger zone 17,+proj=tmerc +lat_0=0 +lon_0=99 +k=1 +x_0=17500000 +y_0=0 +ellps=krass +units=m +no_defs +type=crs
EPSG,4573,New Beijing / Gauss-Kruger zone 18,+proj=tmerc +lat_0=0 +lon_0=105 +k=1 +x_0=18500000 +y_0=0 +ellps=krass +units=m +no_defs +type=crs
EPSG,4574,New Beijing / Gauss-Kruger zone 19,+proj=tmerc +lat_0=0 +lon_0=111 +k=1 +x_0=19500000 +y_0=0 +ellps=krass +units=m +no_defs +type=crs
EPSG,4575,New Beijing / Gauss-Kruger zone 20,+proj=tmerc +lat_0=0 +lon_0=117 +k=1 +x_0=20500000 +y_0=0 +ellps=krass +units=m +no_defs +type=crs
EPSG,4576,New Beijing / Gauss-Kruger zone 21,+proj=tmerc +lat_0=0 +lon_0=123 +k=1 +x_0=21500000 +y_0=0 +ellps=krass +units=m +no_defs +type=crs
EPSG,4577,New Beijing / Gauss-Kruger zone 22,+proj=tmerc +lat_0=0 +lon_0=129 +k=1 +x_0=22500000 +y_0=0 +ellps=krass +units=m +no_defs +type=crs
EPSG,4578,New Beijing / Gauss-Kruger zone 23,+proj=tmerc +lat_0=0 +lon_0=135 +k=1 +x_0=23500000 +y_0=0 +ellps=krass +units=m +no_defs +type=crs
EPSG,4579,New Beijing / Gauss-Kruger CM 75E,+proj=tmerc +lat_0=0 +lon_0=75 +k=1 +x_0=500000 +y_0=0 +ellps=krass +units=m +no_defs +type=crs
EPSG,4580,New Beijing / Gauss-Kruger CM 81E,+proj=tmerc +lat_0=0 +lon_0=81 +k=1 +x_0=500000 +y_0=0 +ellps=krass +units=m +no_defs +type=crs
EPSG,4581,New Beijing / Gauss-Kruger CM 87E,+proj=tmerc +lat_0=0 +lon_0=87 +k=1 +x_0=500000 +y_0=0 +ellps=krass +units=m +no_defs +type=crs
EPSG,4582,New Beijing / Gauss-Kruger CM 93E,+proj=tmerc +lat_0=0 +lon_0=93 +k=1 +x_0=500000 +y_0=0 +ellps=krass +units=m +no_defs +type=crs
EPSG,4583,New Beijing / Gauss-Kruger CM 99E,+proj=tmerc +lat_0=0 +lon_0=99 +k=1 +x_0=500000 +y_0=0 +ellps=krass +units=m +no_defs +type=crs
EPSG,4584,New Beijing / Gauss-Kruger CM 105E,+proj=tmerc +lat_0=0 +lon_0=105 +k=1 +x_0=500000 +y_0=0 +ellps=krass +units=m +no_defs +type=crs
EPSG,4585,New Beijing / Gauss-Kruger CM 111E,+proj=tmerc +lat_0=0 +lon_0=111 +k=1 +x_0=500000 +y_0=0 +ellps=krass +units=m +no_defs +type=crs
EPSG,4586,New Beijing / Gauss-Kruger CM 117E,+proj=tmerc +lat_0=0 +lon_0=117 +k=1 +x_0=500000 +y_0=0 +ellps=krass +units=m +no_defs +type=crs
EPSG,4587,New Beijing / Gauss-Kruger CM 123E,+proj=tmerc +lat_0=0 +lon_0=123 +k=1 +x_0=500000 +y_0=0 +ellps=krass +units=m +no_defs +type=crs
EPSG,4588,New Beijing / Gauss-Kruger CM 129E,+proj=tmerc +lat_0=0 +lon_0=129 +k=1 +x_0=500000 +y_0=0 +ellps=krass +units=m +no_defs +type=crs
EPSG,4589,New Beijing / Gauss-Kruger CM 135E,+proj=tmerc +lat_0=0 +lon_0=135 +k=1 +x_0=500000 +y_0=0 +ellps=krass +units=m +no_defs +type=crs
EPSG,4600,Anguilla 1957,+proj=longlat +a=6378249.145 +rf=293.465 +no_defs +type=crs
EPSG,4601,Antigua 1943,+proj=longlat +a=6378249.145 +rf=293.465 +no_defs +type=crs
EPSG,4602,Dominica 1945,+proj=longlat +a=6378249.145 +rf=293.465 +no_defs +type=crs
EPSG,4603,Grenada 1953,+proj=longlat +a=6378249.145 +rf=293.465 +no_defs +type=crs
EPSG,4604,Montserrat 1958,+proj=longlat +a=6378249.145 +rf=293.465 +no_defs +type=crs
EPSG,4605,St. Kitts 1955,+proj=longlat +a=6378249.145 +rf=293.465 +no_defs +type=crs
EPSG,4606,St. Lucia 1955,+proj=longlat +a=6378249.145 +rf=293.465 +no_defs +type=crs
EPSG,4607,St. Vincent 1945,+proj=longlat +a=6378249.145 +rf=293.465 +no_defs +type=crs
EPSG,4608,NAD27(76),+proj=longlat +ellps=clrk66 +no_defs +type=crs
EPSG,4609,NAD27(CGQ77),+proj=longlat +ellps=clrk66 +no_defs +type=crs
EPSG,4610,Xian 1980,+proj=longlat +ellps=IAU76 +no_defs +type=crs
EPSG,4611,Hong Kong 1980,+proj=longlat +ellps=intl +no_defs +type=crs
EPSG,4612,JGD2000,+proj=longlat +ellps=GRS80 +no_defs +type=crs
EPSG,4613,Segara,+proj=longlat +ellps=bessel +no_defs +type=crs
EPSG,4614,QND95,+proj=longlat +ellps=intl +no_defs +type=crs
EPSG,4615,Porto Santo,+proj=longlat +ellps=intl +no_defs +type=crs
EPSG,4616,Selvagem Grande,+proj=longlat +ellps=intl +no_defs +type=crs
EPSG,4617,NAD83(CSRS),+proj=longlat +ellps=GRS80 +no_defs +type=crs
EPSG,4618,SAD69,+proj=longlat +ellps=aust_SA +no_defs +type=crs
EPSG,4619,SWEREF99,+proj=longlat +ellps=GRS80 +no_defs +type=crs
EPSG,4620,Point 58,+proj=longlat +a=6378249.145 +rf=293.465 +no_defs +type=crs
EPSG,4621,Fort Marigot,+proj=longlat +ellps=intl +no_defs +type=crs
EPSG,4622,Guadeloupe 1948,+proj=longlat +ellps=intl +no_defs +type=crs
EPSG,4623,CSG67,+proj=longlat +ellps=intl +no_defs +type=crs
EPSG,4624,RGFG95,+proj=longlat +ellps=GRS80 +no_defs +type=crs
EPSG,4625,Martinique 1938,+proj=longlat +ellps=intl +no_defs +type=crs
EPSG,4626,Reunion 1947,+proj=longlat +ellps=intl +no_defs +type=crs
EPSG,4627,RGR92,+proj=longlat +ellps=GRS80 +no_defs +type=crs
EPSG,4628,Tahiti 52,+proj=longlat +ellps=intl +no_defs +type=crs
EPSG,4629,Tahaa 54,+proj=longlat +ellps=intl +no_defs +type=crs
EPSG,4630,IGN72 Nuku Hiva,+proj=longlat +ellps=intl +no_defs +type=crs
EPSG,4632,Combani 1950,+proj=longlat +ellps=intl +no_defs +type=crs
EPSG,4633,IGN56 Lifou,+proj=longlat +ellps=intl +no_defs +type=crs
EPSG,4636,Petrels 1972,+proj=longlat +ellps=intl +no_defs +type=crs
EPSG,4637,Perroud 1950,+proj=longlat +ellps=intl +no_defs +type=crs
EPSG,4638,Saint Pierre et Miquelon 1950,+proj=longlat +ellps=clrk66 +no_defs +type=crs
EPSG,4639,MOP78,+proj=longlat +ellps=intl +no_defs +type=crs
EPSG,4641,IGN53 Mare,+proj=longlat +ellps=intl +no_defs +type=crs
EPSG,4642,ST84 Ile des Pins,+proj=longlat +ellps=intl +no_defs +type=crs
EPSG,4643,ST71 Belep,+proj=longlat +ellps=intl +no_defs +type=crs
EPSG,4644,NEA74 Noumea,+proj=longlat +ellps=intl +no_defs +type=crs
EPSG,4646,Grand Comoros,+proj=longlat +ellps=intl +no_defs +type=crs
EPSG,4647,ETRS89 / UTM zone 32N (zE-N),+proj=tmerc +lat_0=0 +lon_0=9 +k=0.9996 +x_0=32500000 +y_0=0 +ellps=GRS80 +units=m +no_defs +type=crs
EPSG,4652,New Beijing / 3-degree Gauss-Kruger zone 25,+proj=tmerc +lat_0=0 +lon_0=75 +k=1 +x_0=25500000 +y_0=0 +ellps=krass +units=m +no_defs +type=crs
EPSG,4653,New Beijing / 3-degree Gauss-Kruger zone 26,+proj=tmerc +lat_0=0 +lon_0=78 +k=1 +x_0=26500000 +y_0=0 +ellps=krass +units=m +no_defs +type=crs
EPSG,4654,New Beijing / 3-degree Gauss-Kruger zone 27,+proj=tmerc +lat_0=0 +lon_0=81 +k=1 +x_0=27500000 +y_0=0 +ellps=krass +units=m +no_defs +type=crs
EPSG,4655,New Beijing / 3-degree Gauss-Kruger zone 28,+proj=tmerc +lat_0=0 +lon_0=84 +k=1 +x_0=28500000 +y_0=0 +ellps=krass +units=m +no_defs +type=crs
EPSG,4656,New Beijing / 3-degree Gauss-Kruger zone 29,+proj=tmerc +lat_0=0 +lon_0=87 +k=1 +x_0=29500000 +y_0=0 +ellps=krass +units=m +no_defs +type=crs
EPSG,4657,Reykjavik 1900,+proj=longlat +a=6377019.27 +rf=300 +no_defs +type=crs
EPSG,4658,Hjorsey 1955,+proj=longlat +ellps=intl +no_defs +type=crs
EPSG,4659,ISN93,+proj=longlat +ellps=GRS80 +no_defs +type=crs
EPSG,4660,Helle 1954,+proj=longlat +ellps=intl +no_defs +type=crs
EPSG,4661,LKS-92,+proj=longlat +ellps=GRS80 +no_defs +type=crs
EPSG,4662,IGN72 Grande Terre,+proj=longlat +ellps=intl +no_defs +type=crs
EPSG,4663,Porto Santo 1995,+proj=longlat +ellps=intl +no_defs +type=crs
EPSG,4664,Azores Oriental 1995,+proj=longlat +ellps=intl +no_defs +type=crs
EPSG,4665,Azores Central 1995,+proj=longlat +ellps=intl +no_defs +type=crs
EPSG,4666,Lisbon 1890,+proj=longlat +ellps=bessel +no_defs +type=crs
EPSG,4667,IKBD-92,+proj=longlat +ellps=WGS84 +no_defs +type=crs
EPSG,4668,ED79,+proj=longlat +ellps=intl +no_defs +type=crs
EPSG,4669,LKS94,+proj=longlat +ellps=GRS80 +no_defs +type=crs
EPSG,4670,IGM95,+proj=longlat +ellps=GRS80 +no_defs +type=crs
EPSG,4671,Voirol 1879,+proj=longlat +ellps=clrk80ign +no_defs +type=crs
EPSG,4672,Chatham Islands 1971,+proj=longlat +ellps=intl +no_defs +type=crs
EPSG,4673,Chatham Islands 1979,+proj=longlat +ellps=intl +no_defs +type=crs
EPSG,4674,SIRGAS 2000,+proj=longlat +ellps=GRS80 +no_defs +type=crs
EPSG,4675,Guam 1963,+proj=longlat +ellps=clrk66 +no_defs +type=crs
EPSG,4676,Vientiane 1982,+proj=longlat +ellps=krass +no_defs +type=crs
EPSG,4677,Lao 1993,+proj=longlat +ellps=krass +no_defs +type=crs
EPSG,4678,Lao 1997,+proj=longlat +ellps=krass +no_defs +type=crs
EPSG,4679,Jouik 1961,+proj=longlat +a=6378249.145 +rf=293.465 +no_defs +type=crs
EPSG,4680,Nouakchott 1965,+proj=longlat +a=6378249.145 +rf=293.465 +no_defs +type=crs
EPSG,4682,Gulshan 303,+proj=longlat +ellps=evrst30 +no_defs +type=crs
EPSG,4683,PRS92,+proj=longlat +ellps=clrk66 +no_defs +type=crs
EPSG,4684,Gan 1970,+proj=longlat +ellps=intl +no_defs +type=crs
EPSG,4686,MAGNA-SIRGAS,+proj=longlat +ellps=GRS80 +no_defs +type=crs
EPSG,4687,RGPF,+proj=longlat +ellps=GRS80 +no_defs +type=crs
EPSG,4688,Fatu Iva 72,+proj=longlat +ellps=intl +no_defs +type=crs
EPSG,4689,IGN63 Hiva Oa,+proj=longlat +ellps=intl +no_defs +type=crs
EPSG,4690,Tahiti 79,+proj=longlat +ellps=intl +no_defs +type=crs
EPSG,4691,Moorea 87,+proj=longlat +ellps=intl +no_defs +type=crs
EPSG,4692,Maupiti 83,+proj=longlat +ellps=intl +no_defs +type=crs
EPSG,4693,Nakhl-e Ghanem,+proj=longlat +ellps=WGS84 +no_defs +type=crs
EPSG,4694,POSGAR 94,+proj=longlat +ellps=WGS84 +no_defs +type=crs
EPSG,4695,Katanga 1955,+proj=longlat +ellps=clrk66 +no_defs +type=crs
EPSG,4696,Kasai 1953,+proj=longlat +a=6378249.145 +rf=293.465 +no_defs +type=crs
EPSG,4697,IGC 1962 6th Parallel South,+proj=longlat +a=6378249.145 +rf=293.465 +no_defs +type=crs
EPSG,4698,IGN 1962 Kerguelen,+proj=longlat +ellps=intl +no_defs +type=crs
EPSG,4699,Le Pouce 1934,+proj=longlat +a=6378249.145 +rf=293.465 +no_defs +type=crs
EPSG,4700,IGN Astro 1960,+proj=longlat +a=6378249.145 +rf=293.465 +no_defs +type=crs
EPSG,4701,IGCB 1955,+proj=longlat +a=6378249.145 +rf=293.465 +no_defs +type=crs
EPSG,4702,Mauritania 1999,+proj=longlat +ellps=GRS80 +no_defs +type=crs
EPSG,4703,Mhast 1951,+proj=longlat +a=6378249.145 +rf=293.465 +no_defs +type=crs
EPSG,4704,Mhast (onshore),+proj=longlat +ellps=intl +no_defs +type=crs
EPSG,4705,Mhast (offshore),+proj=longlat +ellps=intl +no_defs +type=crs
EPSG,4706,Egypt Gulf of Suez S-650 TL,+proj=longlat +ellps=helmert +no_defs +type=crs
EPSG,4707,Tern Island 1961,+proj=longlat +ellps=intl +no_defs +type=crs
EPSG,4708,Cocos Islands 1965,+proj=longlat +ellps=aust_SA +no_defs +type=crs
EPSG,4709,Iwo Jima 1945,+proj=longlat +ellps=intl +no_defs +type=crs
EPSG,4710,Astro DOS 71,+proj=longlat +ellps=intl +no_defs +type=crs
EPSG,4711,Marcus Island 1952,+proj=longlat +ellps=intl +no_defs +type=crs
EPSG,4712,Ascension Island 1958,+proj=longlat +ellps=intl +no_defs +type=crs
EPSG,4713,Ayabelle Lighthouse,+proj=longlat +a=6378249.145 +rf=293.465 +no_defs +type=crs
EPSG,4714,Bellevue,+proj=longlat +ellps=intl +no_defs +type=crs
EPSG,4715,Camp Area Astro,+proj=longlat +ellps=intl +no_defs +type=crs
EPSG,4716,Phoenix Islands 1966,+proj=longlat +ellps=intl +no_defs +type=crs
EPSG,4717,Cape Canaveral,+proj=longlat +ellps=clrk66 +no_defs +type=crs
EPSG,4718,Solomon 1968,+proj=longlat +ellps=intl +no_defs +type=crs
EPSG,4719,Easter Island 1967,+proj=longlat +ellps=intl +no_defs +type=crs
EPSG,4720,Fiji 1986,+proj=longlat +ellps=WGS72 +no_defs +type=crs
EPSG,4721,Fiji 1956,+proj=longlat +ellps=intl +no_defs +type=crs
EPSG,4722,South Georgia 1968,+proj=longlat +ellps=intl +no_defs +type=crs
EPSG,4723,GCGD59,+proj=longlat +ellps=clrk66 +no_defs +type=crs
EPSG,4724,Diego Garcia 1969,+proj=longlat +ellps=intl +no_defs +type=crs
EPSG,4725,Johnston Island 1961,+proj=longlat +ellps=intl +no_defs +type=crs
EPSG,4726,SIGD61,+proj=longlat +ellps=clrk66 +no_defs +type=crs
EPSG,4727,Midway 1961,+proj=longlat +ellps=intl +no_defs +type=crs
EPSG,4728,PN84,+proj=longlat +ellps=intl +no_defs +type=crs
EPSG,4729,Pitcairn 1967,+proj=longlat +ellps=intl +no_defs +type=crs
EPSG,4730,Santo 1965,+proj=longlat +ellps=intl +no_defs +type=crs
EPSG,4732,Marshall Islands 1960,+proj=longlat +ellps=hough +no_defs +type=crs
EPSG,4733,Wake Island 1952,+proj=longlat +ellps=intl +no_defs +type=crs
EPSG,4734,Tristan 1968,+proj=longlat +ellps=intl +no_defs +type=crs
EPSG,4735,Kusaie 1951,+proj=longlat +ellps=intl +no_defs +type=crs
EPSG,4736,Deception Island,+proj=longlat +a=6378249.145 +rf=293.465 +no_defs +type=crs
EPSG,4737,KGD2002,+proj=longlat +ellps=GRS80 +no_defs +type=crs
EPSG,4738,Hong Kong 1963,+proj=longlat +a=6378293.64520876 +b=6356617.98767984 +no_defs +type=crs
EPSG,4739,Hong Kong 1963(67),+proj=longlat +ellps=intl +no_defs +type=crs
EPSG,4740,PZ-90,+proj=longlat +a=6378136 +rf=298.257839303 +no_defs +type=crs
EPSG,4741,FD54,+proj=longlat +ellps=intl +no_defs +type=crs
EPSG,4742,GDM2000,+proj=longlat +ellps=GRS80 +no_defs +type=crs
EPSG,4743,Karbala 1979,+proj=longlat +a=6378249.145 +rf=293.465 +no_defs +type=crs
EPSG,4744,Nahrwan 1934,+proj=longlat +a=6378249.145 +rf=293.465 +no_defs +type=crs
EPSG,4745,RD/83,+proj=longlat +ellps=bessel +no_defs +type=crs
EPSG,4746,PD/83,+proj=longlat +ellps=bessel +no_defs +type=crs
EPSG,4747,GR96,+proj=longlat +ellps=GRS80 +no_defs +type=crs
EPSG,4748,Vanua Levu 1915,+proj=longlat +a=6378306.3696 +b=6356571.996 +no_defs +type=crs
EPSG,4749,RGNC91-93,+proj=longlat +ellps=GRS80 +no_defs +type=crs
EPSG,4750,ST87 Ouvea,+proj=longlat +ellps=WGS84 +no_defs +type=crs
EPSG,4751,Kertau (RSO),+proj=longlat +ellps=evrst69 +no_defs +type=crs
EPSG,4752,Viti Levu 1912,+proj=longlat +a=6378306.3696 +b=6356571.996 +no_defs +type=crs
EPSG,4753,fk89,+proj=longlat +ellps=intl +no_defs +type=crs
EPSG,4754,LGD2006,+proj=longlat +ellps=intl +no_defs +type=crs
EPSG,4755,DGN95,+proj=longlat +ellps=WGS84 +no_defs +type=crs
EPSG,4756,VN-2000,+proj=longlat +ellps=WGS84 +no_defs +type=crs
EPSG,4757,SVY21,+proj=longlat +ellps=WGS84 +no_defs +type=crs
EPSG,4758,JAD2001,+proj=longlat +ellps=WGS84 +no_defs +type=crs
EPSG,4759,NAD83(NSRS2007),+proj=longlat +ellps=GRS80 +no_defs +type=crs
EPSG,4760,WGS 66,+proj=longlat +ellps=NWL9D +no_defs +type=crs
EPSG,4761,HTRS96,+proj=longlat +ellps=GRS80 +no_defs +type=crs
EPSG,4762,BDA2000,+proj=longlat +ellps=WGS84 +no_defs +type=crs
EPSG,4763,Pitcairn 2006,+proj=longlat +ellps=WGS84 +no_defs +type=crs
EPSG,4764,RSRGD2000,+proj=longlat +ellps=GRS80 +no_defs +type=crs
EPSG,4765,Slovenia 1996,+proj=longlat +ellps=GRS80 +no_defs +type=crs
EPSG,4766,New Beijing / 3-degree Gauss-Kruger zone 30,+proj=tmerc +lat_0=0 +lon_0=90 +k=1 +x_0=30500000 +y_0=0 +ellps=krass +units=m +no_defs +type=crs
EPSG,4767,New Beijing / 3-degree Gauss-Kruger zone 31,+proj=tmerc +lat_0=0 +lon_0=93 +k=1 +x_0=31500000 +y_0=0 +ellps=krass +units=m +no_defs +type=crs
EPSG,4768,New Beijing / 3-degree Gauss-Kruger zone 32,+proj=tmerc +lat_0=0 +lon_0=96 +k=1 +x_0=32500000 +y_0=0 +ellps=krass +units=m +no_defs +type=crs
EPSG,4769,New Beijing / 3-degree Gauss-Kruger zone 33,+proj=tmerc +lat_0=0 +lon_0=99 +k=1 +x_0=33500000 +y_0=0 +ellps=krass +units=m +no_defs +type=crs
EPSG,4770,New Beijing / 3-degree Gauss-Kruger zone 34,+proj=tmerc +lat_0=0 +lon_0=102 +k=1 +x_0=34500000 +y_0=0 +ellps=krass +units=m +no_defs +type=crs
EPSG,4771,New Beijing / 3-degree Gauss-Kruger zone 35,+proj=tmerc +lat_0=0 +lon_0=105 +k=1 +x_0=35500000 +y_0=0 +ellps=krass +units=m +no_defs +type=crs
EPSG,4772,New Beijing / 3-degree Gauss-Kruger zone 36,+proj=tmerc +lat_0=0 +lon_0=108 +k=1 +x_0=36500000 +y_0=0 +ellps=krass +units=m +no_defs +type=crs
EPSG,4773,New Beijing / 3-degree Gauss-Kruger zone 37,+proj=tmerc +lat_0=0 +lon_0=111 +k=1 +x_0=37500000 +y_0=0 +ellps=krass +units=m +no_defs +type=crs
EPSG,4774,New Beijing / 3-degree Gauss-Kruger zone 38,+proj=tmerc +lat_0=0 +lon_0=114 +k=1 +x_0=38500000 +y_0=0 +ellps=krass +units=m +no_defs +type=crs
EPSG,4775,New Beijing / 3-degree Gauss-Kruger zone 39,+proj=tmerc +lat_0=0 +lon_0=117 +k=1 +x_0=39500000 +y_0=0 +ellps=krass +units=m +no_defs +type=crs
EPSG,4776,New Beijing / 3-degree Gauss-Kruger zone 40,+proj=tmerc +lat_0=0 +lon_0=120 +k=1 +x_0=40500000 +y_0=0 +ellps=krass +units=m +no_defs +type=crs
EPSG,4777,New Beijing / 3-degree Gauss-Kruger zone 41,+proj=tmerc +lat_0=0 +lon_0=123 +k=1 +x_0=41500000 +y_0=0 +ellps=krass +units=m +no_defs +type=crs
EPSG,4778,New Beijing / 3-degree Gauss-Kruger zone 42,+proj=tmerc +lat_0=0 +lon_0=126 +k=1 +x_0=42500000 +y_0=0 +ellps=krass +units=m +no_defs +type=crs
EPSG,4779,New Beijing / 3-degree Gauss-Kruger zone 43,+proj=tmerc +lat_0=0 +lon_0=129 +k=1 +x_0=43500000 +y_0=0 +ellps=krass +units=m +no_defs +type=crs
EPSG,4780,New Beijing / 3-degree Gauss-Kruger zone 44,+proj=tmerc +lat_0=0 +lon_0=132 +k=1 +x_0=44500000 +y_0=0 +ellps=krass +units=m +no_defs +type=crs
EPSG,4781,New Beijing / 3-degree Gauss-Kruger zone 45,+proj=tmerc +lat_0=0 +lon_0=135 +k=1 +x_0=45500000 +y_0=0 +ellps=krass +units=m +no_defs +type=crs
EPSG,4782,New Beijing / 3-degree Gauss-Kruger CM 75E,+proj=tmerc +lat_0=0 +lon_0=75 +k=1 +x_0=500000 +y_0=0 +ellps=krass +units=m +no_defs +type=crs
EPSG,4783,New Beijing / 3-degree Gauss-Kruger CM 78E,+proj=tmerc +lat_0=0 +lon_0=78 +k=1 +x_0=500000 +y_0=0 +ellps=krass +units=m +no_defs +type=crs
EPSG,4784,New Beijing / 3-degree Gauss-Kruger CM 81E,+proj=tmerc +lat_0=0 +lon_0=81 +k=1 +x_0=500000 +y_0=0 +ellps=krass +units=m +no_defs +type=crs
EPSG,4785,New Beijing / 3-degree Gauss-Kruger CM 84E,+proj=tmerc +lat_0=0 +lon_0=84 +k=1 +x_0=500000 +y_0=0 +ellps=krass +units=m +no_defs +type=crs
EPSG,4786,New Beijing / 3-degree Gauss-Kruger CM 87E,+proj=tmerc +lat_0=0 +lon_0=87 +k=1 +x_0=500000 +y_0=0 +ellps=krass +units=m +no_defs +type=crs
EPSG,4787,New Beijing / 3-degree Gauss-Kruger CM 90E,+proj=tmerc +lat_0=0 +lon_0=90 +k=1 +x_0=500000 +y_0=0 +ellps=krass +units=m +no_defs +type=crs
EPSG,4788,New Beijing / 3-degree Gauss-Kruger CM 93E,+proj=tmerc +lat_0=0 +lon_0=93 +k=1 +x_0=500000 +y_0=0 +ellps=krass +units=m +no_defs +type=crs
EPSG,4789,New Beijing / 3-degree Gauss-Kruger CM 96E,+proj=tmerc +lat_0=0 +lon_0=96 +k=1 +x_0=500000 +y_0=0 +ellps=krass +units=m +no_defs +type=crs
EPSG,4790,New Beijing / 3-degree Gauss-Kruger CM 99E,+proj=tmerc +lat_0=0 +lon_0=99 +k=1 +x_0=500000 +y_0=0 +ellps=krass +units=m +no_defs +type=crs
EPSG,4791,New Beijing / 3-degree Gauss-Kruger CM 102E,+proj=tmerc +lat_0=0 +lon_0=102 +k=1 +x_0=500000 +y_0=0 +ellps=krass +units=m +no_defs +type=crs
EPSG,4792,New Beijing / 3-degree Gauss-Kruger CM 105E,+proj=tmerc +lat_0=0 +lon_0=105 +k=1 +x_0=500000 +y_0=0 +ellps=krass +units=m +no_defs +type=crs
EPSG,4793,New Beijing / 3-degree Gauss-Kruger CM 108E,+proj=tmerc +lat_0=0 +lon_0=108 +k=1 +x_0=500000 +y_0=0 +ellps=krass +units=m +no_defs +type=crs
EPSG,4794,New Beijing / 3-degree Gauss-Kruger CM 111E,+proj=tmerc +lat_0=0 +lon_0=111 +k=1 +x_0=500000 +y_0=0 +ellps=krass +units=m +no_defs +type=crs
EPSG,4795,New Beijing / 3-degree Gauss-Kruger CM 114E,+proj=tmerc +lat_0=0 +lon_0=114 +k=1 +x_0=500000 +y_0=0 +ellps=krass +units=m +no_defs +type=crs
EPSG,4796,New Beijing / 3-degree Gauss-Kruger CM 117E,+proj=tmerc +lat_0=0 +lon_0=117 +k=1 +x_0=500000 +y_0=0 +ellps=krass +units=m +no_defs +type=crs
EPSG,4797,New Beijing / 3-degree Gauss-Kruger CM 120E,+proj=tmerc +lat_0=0 +lon_0=120 +k=1 +x_0=500000 +y_0=0 +ellps=krass +units=m +no_defs +type=crs
EPSG,4798,New Beijing / 3-degree Gauss-Kruger CM 123E,+proj=tmerc +lat_0=0 +lon_0=123 +k=1 +x_0=500000 +y_0=0 +ellps=krass +units=m +no_defs +type=crs
EPSG,4799,New Beijing / 3-degree Gauss-Kruger CM 126E,+proj=tmerc +lat_0=0 +lon_0=126 +k=1 +x_0=500000 +y_0=0 +ellps=krass +units=m +no_defs +type=crs
EPSG,4800,New Beijing / 3-degree Gauss-Kruger CM 129E,+proj=tmerc +lat_0=0 +lon_0=129 +k=1 +x_0=500000 +y_0=0 +ellps=krass +units=m +no_defs +type=crs
EPSG,4801,CH1903 (Bern),+proj=longlat +ellps=bessel +pm=bern +no_defs +type=crs
EPSG,4802,Bogota 1975 (Bogota),+proj=longlat +ellps=intl +pm=bogota +no_defs +type=crs
EPSG,4803,Lisbon (Lisbon),+proj=longlat +ellps=intl +pm=lisbon +no_defs +type=crs
EPSG,4804,Makassar (Jakarta),+proj=longlat +ellps=bessel +pm=jakarta +no_defs +type=crs
EPSG,4805,MGI (Ferro),+proj=longlat +ellps=bessel +pm=ferro +no_defs +type=crs
EPSG,4806,Monte Mario (Rome),+proj=longlat +ellps=intl +pm=rome +no_defs +type=crs
EPSG,4807,NTF (Paris),+proj=longlat +ellps=clrk80ign +pm=paris +no_defs +type=crs
EPSG,4809,BD50 (Brussels),+proj=longlat +ellps=intl +pm=brussels +no_defs +type=crs
EPSG,4810,Tananarive (Paris),+proj=longlat +ellps=intl +pm=paris +no_defs +type=crs
EPSG,4811,Voirol 1875 (Paris),+proj=longlat +ellps=clrk80ign +pm=paris +no_defs +type=crs
EPSG,4812,New Beijing / 3-degree Gauss-Kruger CM 132E,+proj=tmerc +lat_0=0 +lon_0=132 +k=1 +x_0=500000 +y_0=0 +ellps=krass +units=m +no_defs +type=crs
EPSG,4813,Batavia (Jakarta),+proj=longlat +ellps=bessel +pm=jakarta +no_defs +type=crs
EPSG,4814,RT38 (Stockholm),+proj=longlat +ellps=bessel +pm=stockholm +no_defs +type=crs
EPSG,4815,Greek (Athens),+proj=longlat +ellps=bessel +pm=athens +no_defs +type=crs
EPSG,4816,Carthage (Paris),+proj=longlat +ellps=clrk80ign +pm=paris +no_defs +type=crs
EPSG,4817,NGO 1948 (Oslo),+proj=longlat +a=6377492.018 +rf=299.1528128 +pm=oslo +no_defs +type=crs
EPSG,4818,S-JTSK (Ferro),+proj=longlat +ellps=bessel +pm=ferro +no_defs +type=crs
EPSG,4820,Segara (Jakarta),+proj=longlat +ellps=bessel +pm=jakarta +no_defs +type=crs
EPSG,4821,Voirol 1879 (Paris),+proj=longlat +ellps=clrk80ign +pm=paris +no_defs +type=crs
EPSG,4822,New Beijing / 3-degree Gauss-Kruger CM 135E,+proj=tmerc +lat_0=0 +lon_0=135 +k=1 +x_0=500000 +y_0=0 +ellps=krass +units=m +no_defs +type=crs
EPSG,4823,Sao Tome,+proj=longlat +ellps=intl +no_defs +type=crs
EPSG,4824,Principe,+proj=longlat +ellps=intl +no_defs +type=crs
EPSG,4826,WGS 84 / Cape Verde National,+proj=lcc +lat_0=15.8333333333333 +lon_0=-24 +lat_1=15 +lat_2=16.6666666666667 +x_0=161587.83 +y_0=128511.202 +datum=WGS84 +units=m +no_defs +type=crs
EPSG,4839,ETRS89 / LCC Germany (N-E),+proj=lcc +lat_0=51 +lon_0=10.5 +lat_1=48.6666666666667 +lat_2=53.6666666666667 +x_0=0 +y_0=0 +ellps=GRS80 +units=m +no_defs +type=crs
EPSG,4882,Slovenia 1996,+proj=geocent +ellps=GRS80 +units=m +no_defs +type=crs
EPSG,4883,Slovenia 1996,+proj=longlat +ellps=GRS80 +no_defs +type=crs
EPSG,4884,RSRGD2000,+proj=geocent +ellps=GRS80 +units=m +no_defs +type=crs
EPSG,4885,RSRGD2000,+proj=longlat +ellps=GRS80 +no_defs +type=crs
EPSG,4886,BDA2000,+proj=geocent +ellps=WGS84 +units=m +no_defs +type=crs
EPSG,4887,BDA2000,+proj=longlat +ellps=WGS84 +no_defs +type=crs
EPSG,4888,HTRS96,+proj=geocent +ellps=GRS80 +units=m +no_defs +type=crs
EPSG,4889,HTRS96,+proj=longlat +ellps=GRS80 +no_defs +type=crs
EPSG,4890,WGS 66,+proj=geocent +ellps=NWL9D +units=m +no_defs +type=crs
EPSG,4891,WGS 66,+proj=longlat +ellps=NWL9D +no_defs +type=crs
EPSG,4892,NAD83(NSRS2007),+proj=geocent +ellps=GRS80 +units=m +no_defs +type=crs
EPSG,4893,NAD83(NSRS2007),+proj=longlat +ellps=GRS80 +no_defs +type=crs
EPSG,4894,JAD2001,+proj=geocent +ellps=WGS84 +units=m +no_defs +type=crs
EPSG,4895,JAD2001,+proj=longlat +ellps=WGS84 +no_defs +type=crs
EPSG,4896,ITRF2005,+proj=geocent +ellps=GRS80 +units=m +no_defs +type=crs
EPSG,4897,DGN95,+proj=geocent +ellps=WGS84 +units=m +no_defs +type=crs
EPSG,4898,DGN95,+proj=longlat +ellps=WGS84 +no_defs +type=crs
EPSG,4899,LGD2006,+proj=geocent +ellps=intl +units=m +no_defs +type=crs
EPSG,4900,LGD2006,+proj=longlat +ellps=intl +no_defs +type=crs
EPSG,4901,ATF (Paris),+proj=longlat +a=6376523 +rf=308.64 +pm=2.33720833333333 +no_defs +type=crs
EPSG,4903,Madrid 1870 (Madrid),+proj=longlat +a=6378298.3 +rf=294.73 +pm=-3.687375 +no_defs +type=crs
EPSG,4904,Lisbon 1890 (Lisbon),+proj=longlat +ellps=bessel +pm=lisbon +no_defs +type=crs
EPSG,4906,RGNC91-93,+proj=geocent +ellps=GRS80 +units=m +no_defs +type=crs
EPSG,4907,RGNC91-93,+proj=longlat +ellps=GRS80 +no_defs +type=crs
EPSG,4908,GR96,+proj=geocent +ellps=GRS80 +units=m +no_defs +type=crs
EPSG,4909,GR96,+proj=longlat +ellps=GRS80 +no_defs +type=crs
EPSG,4910,ITRF88,+proj=geocent +ellps=GRS80 +units=m +no_defs +type=crs
EPSG,4911,ITRF89,+proj=geocent +ellps=GRS80 +units=m +no_defs +type=crs
EPSG,4912,ITRF90,+proj=geocent +ellps=GRS80 +units=m +no_defs +type=crs
EPSG,4913,ITRF91,+proj=geocent +ellps=GRS80 +units=m +no_defs +type=crs
EPSG,4914,ITRF92,+proj=geocent +ellps=GRS80 +units=m +no_defs +type=crs
EPSG,4915,ITRF93,+proj=geocent +ellps=GRS80 +units=m +no_defs +type=crs
EPSG,4916,ITRF94,+proj=geocent +ellps=GRS80 +units=m +no_defs +type=crs
EPSG,4917,ITRF96,+proj=geocent +ellps=GRS80 +units=m +no_defs +type=crs
EPSG,4918,ITRF97,+proj=geocent +ellps=GRS80 +units=m +no_defs +type=crs
EPSG,4919,ITRF2000,+proj=geocent +ellps=GRS80 +units=m +no_defs +type=crs
EPSG,4920,GDM2000,+proj=geocent +ellps=GRS80 +units=m +no_defs +type=crs
EPSG,4921,GDM2000,+proj=longlat +ellps=GRS80 +no_defs +type=crs
EPSG,4922,PZ-90,+proj=geocent +a=6378136 +rf=298.257839303 +units=m +no_defs +type=crs
EPSG,4923,PZ-90,+proj=longlat +a=6378136 +rf=298.257839303 +no_defs +type=crs
EPSG,4924,Mauritania 1999,+proj=geocent +ellps=GRS80 +units=m +no_defs +type=crs
EPSG,4925,Mauritania 1999,+proj=longlat +ellps=GRS80 +no_defs +type=crs
EPSG,4926,KGD2002,+proj=geocent +ellps=GRS80 +units=m +no_defs +type=crs
EPSG,4927,KGD2002,+proj=longlat +ellps=GRS80 +no_defs +type=crs
EPSG,4928,POSGAR 94,+proj=geocent +ellps=WGS84 +units=m +no_defs +type=crs
EPSG,4929,POSGAR 94,+proj=longlat +ellps=WGS84 +no_defs +type=crs
EPSG,4930,Australian Antarctic,+proj=geocent +ellps=GRS80 +units=m +no_defs +type=crs
EPSG,4931,Australian Antarctic,+proj=longlat +ellps=GRS80 +no_defs +type=crs
EPSG,4932,CHTRS95,+proj=geocent +ellps=GRS80 +units=m +no_defs +type=crs
EPSG,4933,CHTRS95,+proj=longlat +ellps=GRS80 +no_defs +type=crs
EPSG,4934,EST97,+proj=geocent +ellps=GRS80 +units=m +no_defs +type=crs
EPSG,4935,EST97,+proj=longlat +ellps=GRS80 +no_defs +type=crs
EPSG,4936,ETRS89,+proj=geocent +ellps=GRS80 +units=m +no_defs +type=crs
EPSG,4937,ETRS89,+proj=longlat +ellps=GRS80 +no_defs +type=crs
EPSG,4938,GDA94,+proj=geocent +ellps=GRS80 +units=m +no_defs +type=crs
EPSG,4939,GDA94,+proj=longlat +ellps=GRS80 +no_defs +type=crs
EPSG,4940,Hartebeesthoek94,+proj=geocent +ellps=WGS84 +units=m +no_defs +type=crs
EPSG,4941,Hartebeesthoek94,+proj=longlat +ellps=WGS84 +no_defs +type=crs
EPSG,4942,IRENET95,+proj=geocent +ellps=GRS80 +units=m +no_defs +type=crs
EPSG,4943,IRENET95,+proj=longlat +ellps=GRS80 +no_defs +type=crs
EPSG,4944,ISN93,+proj=geocent +ellps=GRS80 +units=m +no_defs +type=crs
EPSG,4945,ISN93,+proj=longlat +ellps=GRS80 +no_defs +type=crs
EPSG,4946,JGD2000,+proj=geocent +ellps=GRS80 +units=m +no_defs +type=crs
EPSG,4947,JGD2000,+proj=longlat +ellps=GRS80 +no_defs +type=crs
EPSG,4948,LKS-92,+proj=geocent +ellps=GRS80 +units=m +no_defs +type=crs
EPSG,4949,LKS-92,+proj=longlat +ellps=GRS80 +no_defs +type=crs
EPSG,4950,LKS94,+proj=geocent +ellps=GRS80 +units=m +no_defs +type=crs
EPSG,4951,LKS94,+proj=longlat +ellps=GRS80 +no_defs +type=crs
EPSG,4952,Moznet,+proj=geocent +ellps=WGS84 +units=m +no_defs +type=crs
EPSG,4953,Moznet,+proj=longlat +ellps=WGS84 +no_defs +type=crs
EPSG,4954,NAD83(CSRS),+proj=geocent +ellps=GRS80 +units=m +no_defs +type=crs
EPSG,4955,NAD83(CSRS),+proj=longlat +ellps=GRS80 +no_defs +type=crs
EPSG,4956,NAD83(HARN),+proj=geocent +ellps=GRS80 +units=m +no_defs +type=crs
EPSG,4957,NAD83(HARN),+proj=longlat +ellps=GRS80 +no_defs +type=crs
EPSG,4958,NZGD2000,+proj=geocent +ellps=GRS80 +units=m +no_defs +type=crs
EPSG,4959,NZGD2000,+proj=longlat +ellps=GRS80 +no_defs +type=crs
EPSG,4960,POSGAR 98,+proj=geocent +ellps=GRS80 +units=m +no_defs +type=crs
EPSG,4961,POSGAR 98,+proj=longlat +ellps=GRS80 +no_defs +type=crs
EPSG,4962,REGVEN,+proj=geocent +ellps=GRS80 +units=m +no_defs +type=crs
EPSG,4963,REGVEN,+proj=longlat +ellps=GRS80 +no_defs +type=crs
EPSG,4964,RGF93 v1,+proj=geocent +ellps=GRS80 +units=m +no_defs +type=crs
EPSG,4965,RGF93 v1,+proj=longlat +ellps=GRS80 +no_defs +type=crs
EPSG,4966,RGFG95,+proj=geocent +ellps=GRS80 +units=m +no_defs +type=crs
EPSG,4967,RGFG95,+proj=longlat +ellps=GRS80 +no_defs +type=crs
EPSG,4970,RGR92,+proj=geocent +ellps=GRS80 +units=m +no_defs +type=crs
EPSG,4971,RGR92,+proj=longlat +ellps=GRS80 +no_defs +type=crs
EPSG,4974,SIRGAS 1995,+proj=geocent +ellps=GRS80 +units=m +no_defs +type=crs
EPSG,4975,SIRGAS 1995,+proj=longlat +ellps=GRS80 +no_defs +type=crs
EPSG,4976,SWEREF99,+proj=geocent +ellps=GRS80 +units=m +no_defs +type=crs
EPSG,4977,SWEREF99,+proj=longlat +ellps=GRS80 +no_defs +type=crs
EPSG,4978,WGS 84,+proj=geocent +datum=WGS84 +units=m +no_defs +type=crs
EPSG,4979,WGS 84,+proj=longlat +datum=WGS84 +no_defs +type=crs
EPSG,4980,Yemen NGN96,+proj=geocent +ellps=WGS84 +units=m +no_defs +type=crs
EPSG,4981,Yemen NGN96,+proj=longlat +ellps=WGS84 +no_defs +type=crs
EPSG,4982,IGM95,+proj=geocent +ellps=GRS80 +units=m +no_defs +type=crs
EPSG,4983,IGM95,+proj=longlat +ellps=GRS80 +no_defs +type=crs
EPSG,4984,WGS 72,+proj=geocent +ellps=WGS72 +units=m +no_defs +type=crs
EPSG,4985,WGS 72,+proj=longlat +ellps=WGS72 +no_defs +type=crs
EPSG,4986,WGS 72BE,+proj=geocent +ellps=WGS72 +units=m +no_defs +type=crs
EPSG,4987,WGS 72BE,+proj=longlat +ellps=WGS72 +no_defs +type=crs
EPSG,4988,SIRGAS 2000,+proj=geocent +ellps=GRS80 +units=m +no_defs +type=crs
EPSG,4989,SIRGAS 2000,+proj=longlat +ellps=GRS80 +no_defs +type=crs
EPSG,4990,Lao 1993,+proj=geocent +ellps=krass +units=m +no_defs +type=crs
EPSG,4991,Lao 1993,+proj=longlat +ellps=krass +no_defs +type=crs
EPSG,4992,Lao 1997,+proj=geocent +ellps=krass +units=m +no_defs +type=crs
EPSG,4993,Lao 1997,+proj=longlat +ellps=krass +no_defs +type=crs
EPSG,4994,PRS92,+proj=geocent +ellps=clrk66 +units=m +no_defs +type=crs
EPSG,4995,PRS92,+proj=longlat +ellps=clrk66 +no_defs +type=crs
EPSG,4996,MAGNA-SIRGAS,+proj=geocent +ellps=GRS80 +units=m +no_defs +type=crs
EPSG,4997,MAGNA-SIRGAS,+proj=longlat +ellps=GRS80 +no_defs +type=crs
EPSG,4998,RGPF,+proj=geocent +ellps=GRS80 +units=m +no_defs +type=crs
EPSG,4999,RGPF,+proj=longlat +ellps=GRS80 +no_defs +type=crs
EPSG,5011,PTRA08,+proj=geocent +ellps=GRS80 +units=m +no_defs +type=crs
EPSG,5012,PTRA08,+proj=longlat +ellps=GRS80 +no_defs +type=crs
EPSG,5013,PTRA08,+proj=longlat +ellps=GRS80 +no_defs +type=crs
EPSG,5014,PTRA08 / UTM zone 25N,+proj=utm +zone=25 +ellps=GRS80 +units=m +no_defs +type=crs
EPSG,5015,PTRA08 / UTM zone 26N,+proj=utm +zone=26 +ellps=GRS80 +units=m +no_defs +type=crs
EPSG,5016,PTRA08 / UTM zone 28N,+proj=utm +zone=28 +ellps=GRS80 +units=m +no_defs +type=crs
EPSG,5018,Lisbon / Portuguese Grid New,+proj=tmerc +lat_0=39.6666666666667 +lon_0=-8.13190611111111 +k=1 +x_0=0 +y_0=0 +ellps=intl +units=m +no_defs +type=crs
EPSG,5041,"WGS 84 / UPS North (E,N)",+proj=stere +lat_0=90 +lon_0=0 +k=0.994 +x_0=2000000 +y_0=2000000 +datum=WGS84 +units=m +no_defs +type=crs
EPSG,5042,"WGS 84 / UPS South (E,N)",+proj=stere +lat_0=-90 +lon_0=0 +k=0.994 +x_0=2000000 +y_0=2000000 +datum=WGS84 +units=m +no_defs +type=crs
EPSG,5048,"ETRS89 / TM35FIN(N,E)",+proj=utm +zone=35 +ellps=GRS80 +units=m +no_defs +type=crs
EPSG,5069,NAD27 / Conus Albers,+proj=aea +lat_0=23 +lon_0=-96 +lat_1=29.5 +lat_2=45.5 +x_0=0 +y_0=0 +datum=NAD27 +units=m +no_defs +type=crs
EPSG,5070,NAD83 / Conus Albers,+proj=aea +lat_0=23 +lon_0=-96 +lat_1=29.5 +lat_2=45.5 +x_0=0 +y_0=0 +datum=NAD83 +units=m +no_defs +type=crs
EPSG,5071,NAD83(HARN) / Conus Albers,+proj=aea +lat_0=23 +lon_0=-96 +lat_1=29.5 +lat_2=45.5 +x_0=0 +y_0=0 +ellps=GRS80 +units=m +no_defs +type=crs
EPSG,5072,NAD83(NSRS2007) / Conus Albers,+proj=aea +lat_0=23 +lon_0=-96 +lat_1=29.5 +lat_2=45.5 +x_0=0 +y_0=0 +ellps=GRS80 +units=m +no_defs +type=crs
EPSG,5105,ETRS89 / NTM zone 5,+proj=tmerc +lat_0=58 +lon_0=5.5 +k=1 +x_0=100000 +y_0=1000000 +ellps=GRS80 +units=m +no_defs +type=crs
EPSG,5106,ETRS89 / NTM zone 6,+proj=tmerc +lat_0=58 +lon_0=6.5 +k=1 +x_0=100000 +y_0=1000000 +ellps=GRS80 +units=m +no_defs +type=crs
EPSG,5107,ETRS89 / NTM zone 7,+proj=tmerc +lat_0=58 +lon_0=7.5 +k=1 +x_0=100000 +y_0=1000000 +ellps=GRS80 +units=m +no_defs +type=crs
EPSG,5108,ETRS89 / NTM zone 8,+proj=tmerc +lat_0=58 +lon_0=8.5 +k=1 +x_0=100000 +y_0=1000000 +ellps=GRS80 +units=m +no_defs +type=crs
EPSG,5109,ETRS89 / NTM zone 9,+proj=tmerc +lat_0=58 +lon_0=9.5 +k=1 +x_0=100000 +y_0=1000000 +ellps=GRS80 +units=m +no_defs +type=crs
EPSG,5110,ETRS89 / NTM zone 10,+proj=tmerc +lat_0=58 +lon_0=10.5 +k=1 +x_0=100000 +y_0=1000000 +ellps=GRS80 +units=m +no_defs +type=crs
EPSG,5111,ETRS89 / NTM zone 11,+proj=tmerc +lat_0=58 +lon_0=11.5 +k=1 +x_0=100000 +y_0=1000000 +ellps=GRS80 +units=m +no_defs +type=crs
EPSG,5112,ETRS89 / NTM zone 12,+proj=tmerc +lat_0=58 +lon_0=12.5 +k=1 +x_0=100000 +y_0=1000000 +ellps=GRS80 +units=m +no_defs +type=crs
EPSG,5113,ETRS89 / NTM zone 13,+proj=tmerc +lat_0=58 +lon_0=13.5 +k=1 +x_0=100000 +y_0=1000000 +ellps=GRS80 +units=m +no_defs +type=crs
EPSG,5114,ETRS89 / NTM zone 14,+proj=tmerc +lat_0=58 +lon_0=14.5 +k=1 +x_0=100000 +y_0=1000000 +ellps=GRS80 +units=m +no_defs +type=crs
EPSG,5115,ETRS89 / NTM zone 15,+proj=tmerc +lat_0=58 +lon_0=15.5 +k=1 +x_0=100000 +y_0=1000000 +ellps=GRS80 +units=m +no_defs +type=crs
EPSG,5116,ETRS89 / NTM zone 16,+proj=tmerc +lat_0=58 +lon_0=16.5 +k=1 +x_0=100000 +y_0=1000000 +ellps=GRS80 +units=m +no_defs +type=crs
EPSG,5117,ETRS89 / NTM zone 17,+proj=tmerc +lat_0=58 +lon_0=17.5 +k=1 +x_0=100000 +y_0=1000000 +ellps=GRS80 +units=m +no_defs +type=crs
EPSG,5118,ETRS89 / NTM zone 18,+proj=tmerc +lat_0=58 +lon_0=18.5 +k=1 +x_0=100000 +y_0=1000000 +ellps=GRS80 +units=m +no_defs +type=crs
EPSG,5119,ETRS89 / NTM zone 19,+proj=tmerc +lat_0=58 +lon_0=19.5 +k=1 +x_0=100000 +y_0=1000000 +ellps=GRS80 +units=m +no_defs +type=crs
EPSG,5120,ETRS89 / NTM zone 20,+proj=tmerc +lat_0=58 +lon_0=20.5 +k=1 +x_0=100000 +y_0=1000000 +ellps=GRS80 +units=m +no_defs +type=crs
EPSG,5121,ETRS89 / NTM zone 21,+proj=tmerc +lat_0=58 +lon_0=21.5 +k=1 +x_0=100000 +y_0=1000000 +ellps=GRS80 +units=m +no_defs +type=crs
EPSG,5122,ETRS89 / NTM zone 22,+proj=tmerc +lat_0=58 +lon_0=22.5 +k=1 +x_0=100000 +y_0=1000000 +ellps=GRS80 +units=m +no_defs +type=crs
EPSG,5123,ETRS89 / NTM zone 23,+proj=tmerc +lat_0=58 +lon_0=23.5 +k=1 +x_0=100000 +y_0=1000000 +ellps=GRS80 +units=m +no_defs +type=crs
EPSG,5124,ETRS89 / NTM zone 24,+proj=tmerc +lat_0=58 +lon_0=24.5 +k=1 +x_0=100000 +y_0=1000000 +ellps=GRS80 +units=m +no_defs +type=crs
EPSG,5125,ETRS89 / NTM zone 25,+proj=tmerc +lat_0=58 +lon_0=25.5 +k=1 +x_0=100000 +y_0=1000000 +ellps=GRS80 +units=m +no_defs +type=crs
EPSG,5126,ETRS89 / NTM zone 26,+proj=tmerc +lat_0=58 +lon_0=26.5 +k=1 +x_0=100000 +y_0=1000000 +ellps=GRS80 +units=m +no_defs +type=crs
EPSG,5127,ETRS89 / NTM zone 27,+proj=tmerc +lat_0=58 +lon_0=27.5 +k=1 +x_0=100000 +y_0=1000000 +ellps=GRS80 +units=m +no_defs +type=crs
EPSG,5128,ETRS89 / NTM zone 28,+proj=tmerc +lat_0=58 +lon_0=28.5 +k=1 +x_0=100000 +y_0=1000000 +ellps=GRS80 +units=m +no_defs +type=crs
EPSG,5129,ETRS89 / NTM zone 29,+proj=tmerc +lat_0=58 +lon_0=29.5 +k=1 +x_0=100000 +y_0=1000000 +ellps=GRS80 +units=m +no_defs +type=crs
EPSG,5130,ETRS89 / NTM zone 30,+proj=tmerc +lat_0=58 +lon_0=30.5 +k=1 +x_0=100000 +y_0=1000000 +ellps=GRS80 +units=m +no_defs +type=crs
EPSG,5132,Tokyo 1892,+proj=longlat +ellps=bessel +no_defs +type=crs
EPSG,5167,Korean 1985 / East Sea Belt,+proj=tmerc +lat_0=38 +lon_0=131 +k=1 +x_0=200000 +y_0=500000 +ellps=bessel +units=m +no_defs +type=crs
EPSG,5168,Korean 1985 / Central Belt Jeju,+proj=tmerc +lat_0=38 +lon_0=127 +k=1 +x_0=200000 +y_0=550000 +ellps=bessel +units=m +no_defs +type=crs
EPSG,5169,Tokyo 1892 / Korea West Belt,+proj=tmerc +lat_0=38 +lon_0=125 +k=1 +x_0=200000 +y_0=500000 +ellps=bessel +units=m +no_defs +type=crs
EPSG,5170,Tokyo 1892 / Korea Central Belt,+proj=tmerc +lat_0=38 +lon_0=127 +k=1 +x_0=200000 +y_0=500000 +ellps=bessel +units=m +no_defs +type=crs
EPSG,5171,Tokyo 1892 / Korea East Belt,+proj=tmerc +lat_0=38 +lon_0=129 +k=1 +x_0=200000 +y_0=500000 +ellps=bessel +units=m +no_defs +type=crs
EPSG,5172,Tokyo 1892 / Korea East Sea Belt,+proj=tmerc +lat_0=38 +lon_0=131 +k=1 +x_0=200000 +y_0=500000 +ellps=bessel +units=m +no_defs +type=crs
EPSG,5173,Korean 1985 / Modified West Belt,+proj=tmerc +lat_0=38 +lon_0=125.002890277778 +k=1 +x_0=200000 +y_0=500000 +ellps=bessel +units=m +no_defs +type=crs
EPSG,5174,Korean 1985 / Modified Central Belt,+proj=tmerc +lat_0=38 +lon_0=127.002890277778 +k=1 +x_0=200000 +y_0=500000 +ellps=bessel +units=m +no_defs +type=crs
EPSG,5175,Korean 1985 / Modified Central Belt Jeju,+proj=tmerc +lat_0=38 +lon_0=127.002890277778 +k=1 +x_0=200000 +y_0=550000 +ellps=bessel +units=m +no_defs +type=crs
EPSG,5176,Korean 1985 / Modified East Belt,+proj=tmerc +lat_0=38 +lon_0=129.002890277778 +k=1 +x_0=200000 +y_0=500000 +ellps=bessel +units=m +no_defs +type=crs
EPSG,5177,Korean 1985 / Modified East Sea Belt,+proj=tmerc +lat_0=38 +lon_0=131.002890277778 +k=1 +x_0=200000 +y_0=500000 +ellps=bessel +units=m +no_defs +type=crs
EPSG,5178,Korean 1985 / Unified CS,+proj=tmerc +lat_0=38 +lon_0=127.5 +k=0.9996 +x_0=1000000 +y_0=2000000 +ellps=bessel +units=m +no_defs +type=crs
EPSG,5179,KGD2002 / Unified CS,+proj=tmerc +lat_0=38 +lon_0=127.5 +k=0.9996 +x_0=1000000 +y_0=2000000 +ellps=GRS80 +units=m +no_defs +type=crs
EPSG,5180,KGD2002 / West Belt,+proj=tmerc +lat_0=38 +lon_0=125 +k=1 +x_0=200000 +y_0=500000 +ellps=GRS80 +units=m +no_defs +type=crs
EPSG,5181,KGD2002 / Central Belt,+proj=tmerc +lat_0=38 +lon_0=127 +k=1 +x_0=200000 +y_0=500000 +ellps=GRS80 +units=m +no_defs +type=crs
EPSG,5182,KGD2002 / Central Belt Jeju,+proj=tmerc +lat_0=38 +lon_0=127 +k=1 +x_0=200000 +y_0=550000 +ellps=GRS80 +units=m +no_defs +type=crs
EPSG,5183,KGD2002 / East Belt,+proj=tmerc +lat_0=38 +lon_0=129 +k=1 +x_0=200000 +y_0=500000 +ellps=GRS80 +units=m +no_defs +type=crs
EPSG,5184,KGD2002 / East Sea Belt,+proj=tmerc +lat_0=38 +lon_0=131 +k=1 +x_0=200000 +y_0=500000 +ellps=GRS80 +units=m +no_defs +type=crs
EPSG,5185,KGD2002 / West Belt 2010,+proj=tmerc +lat_0=38 +lon_0=125 +k=1 +x_0=200000 +y_0=600000 +ellps=GRS80 +units=m +no_defs +type=crs
EPSG,5186,KGD2002 / Central Belt 2010,+proj=tmerc +lat_0=38 +lon_0=127 +k=1 +x_0=200000 +y_0=600000 +ellps=GRS80 +units=m +no_defs +type=crs
EPSG,5187,KGD2002 / East Belt 2010,+proj=tmerc +lat_0=38 +lon_0=129 +k=1 +x_0=200000 +y_0=600000 +ellps=GRS80 +units=m +no_defs +type=crs
EPSG,5188,KGD2002 / East Sea Belt 2010,+proj=tmerc +lat_0=38 +lon_0=131 +k=1 +x_0=200000 +y_0=600000 +ellps=GRS80 +units=m +no_defs +type=crs
EPSG,5193,KVD1964 height,+vunits=m +no_defs +type=crs
EPSG,5195,Trieste height,+vunits=m +no_defs +type=crs
EPSG,5214,Genoa 1942 height,+vunits=m +no_defs +type=crs
EPSG,5221,S-JTSK (Ferro) / Krovak East North,+proj=krovak +lat_0=49.5 +lon_0=42.5 +alpha=30.2881397527778 +k=0.9999 +x_0=0 +y_0=0 +ellps=bessel +pm=ferro +units=m +no_defs +type=crs
EPSG,5223,WGS 84 / Gabon TM,+proj=tmerc +lat_0=0 +lon_0=12 +k=0.9996 +x_0=500000 +y_0=500000 +datum=WGS84 +units=m +no_defs +type=crs
EPSG,5224,S-JTSK/05 (Ferro) / Modified Krovak,+proj=mod_krovak +axis=swu +lat_0=49.5 +lon_0=42.5 +alpha=30.2881397222222 +k=0.9999 +x_0=5000000 +y_0=5000000 +ellps=bessel +pm=ferro +units=m +no_defs +type=crs
EPSG,5225,S-JTSK/05 (Ferro) / Modified Krovak East North,+proj=mod_krovak +lat_0=49.5 +lon_0=42.5 +alpha=30.2881397222222 +k=0.9999 +x_0=5000000 +y_0=5000000 +ellps=bessel +pm=ferro +units=m +no_defs +type=crs
EPSG,5228,S-JTSK/05,+proj=longlat +ellps=bessel +no_defs +type=crs
EPSG,5229,S-JTSK/05 (Ferro),+proj=longlat +ellps=bessel +pm=ferro +no_defs +type=crs
EPSG,5233,SLD99,+proj=longlat +ellps=evrst30 +no_defs +type=crs
EPSG,5234,Kandawala / Sri Lanka Grid,+proj=tmerc +lat_0=7.00048027777778 +lon_0=80.7717111111111 +k=0.9999238418 +x_0=200000 +y_0=200000 +ellps=evrst30 +units=m +no_defs +type=crs
EPSG,5235,SLD99 / Sri Lanka Grid 1999,+proj=tmerc +lat_0=7.00047152777778 +lon_0=80.7717130833333 +k=0.9999238418 +x_0=500000 +y_0=500000 +ellps=evrst30 +units=m +no_defs +type=crs
EPSG,5237,SLVD height,+vunits=m +no_defs +type=crs
EPSG,5243,ETRS89 / LCC Germany (E-N),+proj=lcc +lat_0=51 +lon_0=10.5 +lat_1=48.6666666666667 +lat_2=53.6666666666667 +x_0=0 +y_0=0 +ellps=GRS80 +units=m +no_defs +type=crs
EPSG,5244,GDBD2009,+proj=geocent +ellps=GRS80 +units=m +no_defs +type=crs
EPSG,5245,GDBD2009,+proj=longlat +ellps=GRS80 +no_defs +type=crs
EPSG,5246,GDBD2009,+proj=longlat +ellps=GRS80 +no_defs +type=crs
EPSG,5247,GDBD2009 / Brunei BRSO,+proj=omerc +no_uoff +lat_0=4 +lonc=115 +alpha=53.31580995 +gamma=53.1301023611111 +k=0.99984 +x_0=0 +y_0=0 +ellps=GRS80 +units=m +no_defs +type=crs
EPSG,5250,TUREF,+proj=geocent +ellps=GRS80 +units=m +no_defs +type=crs
EPSG,5251,TUREF,+proj=longlat +ellps=GRS80 +no_defs +type=crs
EPSG,5252,TUREF,+proj=longlat +ellps=GRS80 +no_defs +type=crs
EPSG,5253,TUREF / TM27,+proj=tmerc +lat_0=0 +lon_0=27 +k=1 +x_0=500000 +y_0=0 +ellps=GRS80 +units=m +no_defs +type=crs
EPSG,5254,TUREF / TM30,+proj=tmerc +lat_0=0 +lon_0=30 +k=1 +x_0=500000 +y_0=0 +ellps=GRS80 +units=m +no_defs +type=crs
EPSG,5255,TUREF / TM33,+proj=tmerc +lat_0=0 +lon_0=33 +k=1 +x_0=500000 +y_0=0 +ellps=GRS80 +units=m +no_defs +type=crs
EPSG,5256,TUREF / TM36,+proj=tmerc +lat_0=0 +lon_0=36 +k=1 +x_0=500000 +y_0=0 +ellps=GRS80 +units=m +no_defs +type=crs
EPSG,5257,TUREF / TM39,+proj=tmerc +lat_0=0 +lon_0=39 +k=1 +x_0=500000 +y_0=0 +ellps=GRS80 +units=m +no_defs +type=crs
EPSG,5258,TUREF / TM42,+proj=tmerc +lat_0=0 +lon_0=42 +k=1 +x_0=500000 +y_0=0 +ellps=GRS80 +units=m +no_defs +type=crs
EPSG,5259,TUREF / TM45,+proj=tmerc +lat_0=0 +lon_0=45 +k=1 +x_0=500000 +y_0=0 +ellps=GRS80 +units=m +no_defs +type=crs
EPSG,5262,DRUKREF 03,+proj=geocent +ellps=GRS80 +units=m +no_defs +type=crs
EPSG,5263,DRUKREF 03,+proj=longlat +ellps=GRS80 +no_defs +type=crs
EPSG,5264,DRUKREF 03,+proj=longlat +ellps=GRS80 +no_defs +type=crs
EPSG,5266,DRUKREF 03 / Bhutan National Grid,+proj=tmerc +lat_0=0 +lon_0=90 +k=1 +x_0=250000 +y_0=0 +ellps=GRS80 +units=m +no_defs +type=crs
EPSG,5269,TUREF / 3-degree Gauss-Kruger zone 9,+proj=tmerc +lat_0=0 +lon_0=27 +k=1 +x_0=9500000 +y_0=0 +ellps=GRS80 +units=m +no_defs +type=crs
EPSG,5270,TUREF / 3-degree Gauss-Kruger zone 10,+proj=tmerc +lat_0=0 +lon_0=30 +k=1 +x_0=10500000 +y_0=0 +ellps=GRS80 +units=m +no_defs +type=crs
EPSG,5271,TUREF / 3-degree Gauss-Kruger zone 11,+proj=tmerc +lat_0=0 +lon_0=33 +k=1 +x_0=11500000 +y_0=0 +ellps=GRS80 +units=m +no_defs +type=crs
EPSG,5272,TUREF / 3-degree Gauss-Kruger zone 12,+proj=tmerc +lat_0=0 +lon_0=36 +k=1 +x_0=12500000 +y_0=0 +ellps=GRS80 +units=m +no_defs +type=crs
EPSG,5273,TUREF / 3-degree Gauss-Kruger zone 13,+proj=tmerc +lat_0=0 +lon_0=39 +k=1 +x_0=13500000 +y_0=0 +ellps=GRS80 +units=m +no_defs +type=crs
EPSG,5274,TUREF / 3-degree Gauss-Kruger zone 14,+proj=tmerc +lat_0=0 +lon_0=42 +k=1 +x_0=14500000 +y_0=0 +ellps=GRS80 +units=m +no_defs +type=crs
EPSG,5275,TUREF / 3-degree Gauss-Kruger zone 15,+proj=tmerc +lat_0=0 +lon_0=45 +k=1 +x_0=15500000 +y_0=0 +ellps=GRS80 +units=m +no_defs +type=crs
EPSG,5292,DRUKREF 03 / Bumthang TM,+proj=tmerc +lat_0=0 +lon_0=90.7333333333333 +k=1 +x_0=250000 +y_0=-2500000 +ellps=GRS80 +units=m +no_defs +type=crs
EPSG,5293,DRUKREF 03 / Chhukha TM,+proj=tmerc +lat_0=0 +lon_0=89.55 +k=1 +x_0=250000 +y_0=-2500000 +ellps=GRS80 +units=m +no_defs +type=crs
EPSG,5294,DRUKREF 03 / Dagana TM,+proj=tmerc +lat_0=0 +lon_0=89.85 +k=1 +x_0=250000 +y_0=-2500000 +ellps=GRS80 +units=m +no_defs +type=crs
EPSG,5295,DRUKREF 03 / Gasa TM,+proj=tmerc +lat_0=0 +lon_0=90.0333333333333 +k=1 +x_0=250000 +y_0=-2500000 +ellps=GRS80 +units=m +no_defs +type=crs
EPSG,5296,DRUKREF 03 / Ha TM,+proj=tmerc +lat_0=0 +lon_0=90.15 +k=1 +x_0=250000 +y_0=-2500000 +ellps=GRS80 +units=m +no_defs +type=crs
EPSG,5297,DRUKREF 03 / Lhuentse TM,+proj=tmerc +lat_0=0 +lon_0=91.1333333333333 +k=1 +x_0=250000 +y_0=-2500000 +ellps=GRS80 +units=m +no_defs +type=crs
EPSG,5298,DRUKREF 03 / Mongar TM,+proj=tmerc +lat_0=0 +lon_0=91.2333333333333 +k=1 +x_0=250000 +y_0=-2500000 +ellps=GRS80 +units=m +no_defs +type=crs
EPSG,5299,DRUKREF 03 / Paro TM,+proj=tmerc +lat_0=0 +lon_0=89.35 +k=1 +x_0=250000 +y_0=-2500000 +ellps=GRS80 +units=m +no_defs +type=crs
EPSG,5300,DRUKREF 03 / Pemagatshel TM,+proj=tmerc +lat_0=0 +lon_0=91.35 +k=1 +x_0=250000 +y_0=-2500000 +ellps=GRS80 +units=m +no_defs +type=crs
EPSG,5301,DRUKREF 03 / Punakha TM,+proj=tmerc +lat_0=0 +lon_0=89.85 +k=1 +x_0=250000 +y_0=-2500000 +ellps=GRS80 +units=m +no_defs +type=crs
EPSG,5302,DRUKREF 03 / Samdrup Jongkhar TM,+proj=tmerc +lat_0=0 +lon_0=91.5666666666667 +k=1 +x_0=250000 +y_0=-2500000 +ellps=GRS80 +units=m +no_defs +type=crs
EPSG,5303,DRUKREF 03 / Samtse TM,+proj=tmerc +lat_0=0 +lon_0=89.0666666666667 +k=1 +x_0=250000 +y_0=-2500000 +ellps=GRS80 +units=m +no_defs +type=crs
EPSG,5304,DRUKREF 03 / Sarpang TM,+proj=tmerc +lat_0=0 +lon_0=90.2666666666667 +k=1 +x_0=250000 +y_0=-2500000 +ellps=GRS80 +units=m +no_defs +type=crs
EPSG,5305,DRUKREF 03 / Thimphu TM,+proj=tmerc +lat_0=0 +lon_0=89.55 +k=1 +x_0=250000 +y_0=-2500000 +ellps=GRS80 +units=m +no_defs +type=crs
EPSG,5306,DRUKREF 03 / Trashigang TM,+proj=tmerc +lat_0=0 +lon_0=91.75 +k=1 +x_0=250000 +y_0=-2500000 +ellps=GRS80 +units=m +no_defs +type=crs
EPSG,5307,DRUKREF 03 / Trongsa TM,+proj=tmerc +lat_0=0 +lon_0=90.5 +k=1 +x_0=250000 +y_0=-2500000 +ellps=GRS80 +units=m +no_defs +type=crs
EPSG,5308,DRUKREF 03 / Tsirang TM,+proj=tmerc +lat_0=0 +lon_0=90.1666666666667 +k=1 +x_0=250000 +y_0=-2500000 +ellps=GRS80 +units=m +no_defs +type=crs
EPSG,5309,DRUKREF 03 / Wangdue Phodrang TM,+proj=tmerc +lat_0=0 +lon_0=90.1166666666667 +k=1 +x_0=250000 +y_0=-2500000 +ellps=GRS80 +units=m +no_defs +type=crs
EPSG,5310,DRUKREF 03 / Yangtse TM,+proj=tmerc +lat_0=0 +lon_0=91.5666666666667 +k=1 +x_0=250000 +y_0=-2500000 +ellps=GRS80 +units=m +no_defs +type=crs
EPSG,5311,DRUKREF 03 / Zhemgang TM,+proj=tmerc +lat_0=0 +lon_0=90.8666666666667 +k=1 +x_0=250000 +y_0=-2500000 +ellps=GRS80 +units=m +no_defs +type=crs
EPSG,5316,ETRS89 / Faroe TM,+proj=tmerc +lat_0=0 +lon_0=-7 +k=0.999997 +x_0=200000 +y_0=-6000000 +ellps=GRS80 +units=m +no_defs +type=crs
EPSG,5317,FVR09 height,+vunits=m +no_defs +type=crs
EPSG,5318,ETRS89 / Faroe TM + FVR09 height,+proj=tmerc +lat_0=0 +lon_0=-7 +k=0.999997 +x_0=200000 +y_0=-6000000 +ellps=GRS80 +units=m +vunits=m +no_defs +type=crs
EPSG,5320,NAD83 / Teranet Ontario Lambert,+proj=lcc +lat_0=0 +lon_0=-84 +lat_1=44.5 +lat_2=54.5 +x_0=1000000 +y_0=0 +datum=NAD83 +units=m +no_defs +type=crs
EPSG,5321,NAD83(CSRS) / Teranet Ontario Lambert,+proj=lcc +lat_0=0 +lon_0=-84 +lat_1=44.5 +lat_2=54.5 +x_0=1000000 +y_0=0 +ellps=GRS80 +units=m +no_defs +type=crs
EPSG,5322,ISN2004,+proj=geocent +ellps=GRS80 +units=m +no_defs +type=crs
EPSG,5323,ISN2004,+proj=longlat +ellps=GRS80 +no_defs +type=crs
EPSG,5324,ISN2004,+proj=longlat +ellps=GRS80 +no_defs +type=crs
EPSG,5325,ISN2004 / Lambert 2004,+proj=lcc +lat_0=65 +lon_0=-19 +lat_1=64.25 +lat_2=65.75 +x_0=1700000 +y_0=300000 +ellps=GRS80 +units=m +no_defs +type=crs
EPSG,5329,Segara (Jakarta) / NEIEZ,+proj=merc +lon_0=3.19228055555556 +k=0.997 +x_0=3900000 +y_0=900000 +ellps=bessel +pm=jakarta +units=m +no_defs +type=crs
EPSG,5330,Batavia (Jakarta) / NEIEZ,+proj=merc +lon_0=3.19228055555556 +k=0.997 +x_0=3900000 +y_0=900000 +ellps=bessel +pm=jakarta +units=m +no_defs +type=crs
EPSG,5331,Makassar (Jakarta) / NEIEZ,+proj=merc +lon_0=3.19228055555556 +k=0.997 +x_0=3900000 +y_0=900000 +ellps=bessel +pm=jakarta +units=m +no_defs +type=crs
EPSG,5332,ITRF2008,+proj=geocent +ellps=GRS80 +units=m +no_defs +type=crs
EPSG,5336,Black Sea depth,+vunits=m +no_defs +type=crs
EPSG,5337,Aratu / UTM zone 25S,+proj=utm +zone=25 +south +ellps=intl +units=m +no_defs +type=crs
EPSG,5340,POSGAR 2007,+proj=longlat +ellps=WGS84 +no_defs +type=crs
EPSG,5341,POSGAR 2007,+proj=geocent +ellps=WGS84 +units=m +no_defs +type=crs
EPSG,5342,POSGAR 2007,+proj=longlat +ellps=WGS84 +no_defs +type=crs
EPSG,5343,POSGAR 2007 / Argentina 1,+proj=tmerc +lat_0=-90 +lon_0=-72 +k=1 +x_0=1500000 +y_0=0 +ellps=WGS84 +units=m +no_defs +type=crs
EPSG,5344,POSGAR 2007 / Argentina 2,+proj=tmerc +lat_0=-90 +lon_0=-69 +k=1 +x_0=2500000 +y_0=0 +ellps=WGS84 +units=m +no_defs +type=crs
EPSG,5345,POSGAR 2007 / Argentina 3,+proj=tmerc +lat_0=-90 +lon_0=-66 +k=1 +x_0=3500000 +y_0=0 +ellps=WGS84 +units=m +no_defs +type=crs
EPSG,5346,POSGAR 2007 / Argentina 4,+proj=tmerc +lat_0=-90 +lon_0=-63 +k=1 +x_0=4500000 +y_0=0 +ellps=WGS84 +units=m +no_defs +type=crs
EPSG,5347,POSGAR 2007 / Argentina 5,+proj=tmerc +lat_0=-90 +lon_0=-60 +k=1 +x_0=5500000 +y_0=0 +ellps=WGS84 +units=m +no_defs +type=crs
EPSG,5348,POSGAR 2007 / Argentina 6,+proj=tmerc +lat_0=-90 +lon_0=-57 +k=1 +x_0=6500000 +y_0=0 +ellps=WGS84 +units=m +no_defs +type=crs
EPSG,5349,POSGAR 2007 / Argentina 7,+proj=tmerc +lat_0=-90 +lon_0=-54 +k=1 +x_0=7500000 +y_0=0 +ellps=WGS84 +units=m +no_defs +type=crs
EPSG,5352,MARGEN,+proj=geocent +ellps=GRS80 +units=m +no_defs +type=crs
EPSG,5353,MARGEN,+proj=longlat +ellps=GRS80 +no_defs +type=crs
EPSG,5354,MARGEN,+proj=longlat +ellps=GRS80 +no_defs +type=crs
EPSG,5355,MARGEN / UTM zone 20S,+proj=utm +zone=20 +south +ellps=GRS80 +units=m +no_defs +type=crs
EPSG,5356,MARGEN / UTM zone 19S,+proj=utm +zone=19 +south +ellps=GRS80 +units=m +no_defs +type=crs
EPSG,5357,MARGEN / UTM zone 21S,+proj=utm +zone=21 +south +ellps=GRS80 +units=m +no_defs +type=crs
EPSG,5358,SIRGAS-Chile 2002,+proj=geocent +ellps=GRS80 +units=m +no_defs +type=crs
EPSG,5359,SIRGAS-Chile 2002,+proj=longlat +ellps=GRS80 +no_defs +type=crs
EPSG,5360,SIRGAS-Chile 2002,+proj=longlat +ellps=GRS80 +no_defs +type=crs
EPSG,5361,SIRGAS-Chile 2002 / UTM zone 19S,+proj=utm +zone=19 +south +ellps=GRS80 +units=m +no_defs +type=crs
EPSG,5362,SIRGAS-Chile 2002 / UTM zone 18S,+proj=utm +zone=18 +south +ellps=GRS80 +units=m +no_defs +type=crs
EPSG,5363,CR05,+proj=geocent +ellps=WGS84 +units=m +no_defs +type=crs
EPSG,5364,CR05,+proj=longlat +ellps=WGS84 +no_defs +type=crs
EPSG,5365,CR05,+proj=longlat +ellps=WGS84 +no_defs +type=crs
EPSG,5367,CR05 / CRTM05,+proj=tmerc +lat_0=0 +lon_0=-84 +k=0.9999 +x_0=500000 +y_0=0 +ellps=WGS84 +units=m +no_defs +type=crs
EPSG,5368,MACARIO SOLIS,+proj=geocent +ellps=GRS80 +units=m +no_defs +type=crs
EPSG,5369,Peru96,+proj=geocent +ellps=GRS80 +units=m +no_defs +type=crs
EPSG,5370,MACARIO SOLIS,+proj=longlat +ellps=GRS80 +no_defs +type=crs
EPSG,5371,MACARIO SOLIS,+proj=longlat +ellps=GRS80 +no_defs +type=crs
EPSG,5372,Peru96,+proj=longlat +ellps=GRS80 +no_defs +type=crs
EPSG,5373,Peru96,+proj=longlat +ellps=GRS80 +no_defs +type=crs
EPSG,5379,SIRGAS-ROU98,+proj=geocent +ellps=WGS84 +units=m +no_defs +type=crs
EPSG,5380,SIRGAS-ROU98,+proj=longlat +ellps=WGS84 +no_defs +type=crs
EPSG,5381,SIRGAS-ROU98,+proj=longlat +ellps=WGS84 +no_defs +type=crs
EPSG,5382,SIRGAS-ROU98 / UTM zone 21S,+proj=utm +zone=21 +south +ellps=WGS84 +units=m +no_defs +type=crs
EPSG,5383,SIRGAS-ROU98 / UTM zone 22S,+proj=utm +zone=22 +south +ellps=WGS84 +units=m +no_defs +type=crs
EPSG,5387,Peru96 / UTM zone 18S,+proj=utm +zone=18 +south +ellps=GRS80 +units=m +no_defs +type=crs
EPSG,5389,Peru96 / UTM zone 19S,+proj=utm +zone=19 +south +ellps=GRS80 +units=m +no_defs +type=crs
EPSG,5391,SIRGAS_ES2007.8,+proj=geocent +ellps=GRS80 +units=m +no_defs +type=crs
EPSG,5392,SIRGAS_ES2007.8,+proj=longlat +ellps=GRS80 +no_defs +type=crs
EPSG,5393,SIRGAS_ES2007.8,+proj=longlat +ellps=GRS80 +no_defs +type=crs
EPSG,5396,SIRGAS 2000 / UTM zone 26S,+proj=utm +zone=26 +south +ellps=GRS80 +units=m +no_defs +type=crs
EPSG,5451,Ocotepeque 1935,+proj=longlat +ellps=clrk66 +no_defs +type=crs
EPSG,5456,Ocotepeque 1935 / Costa Rica Norte,+proj=lcc +lat_1=10.4666666666667 +lat_0=10.4666666666667 +lon_0=-84.3333333333333 +k_0=0.99995696 +x_0=500000 +y_0=271820.522 +ellps=clrk66 +units=m +no_defs +type=crs
EPSG,5457,Ocotepeque 1935 / Costa Rica Sur,+proj=lcc +lat_1=9 +lat_0=9 +lon_0=-83.6666666666667 +k_0=0.99995696 +x_0=500000 +y_0=327987.436 +ellps=clrk66 +units=m +no_defs +type=crs
EPSG,5459,Ocotepeque 1935 / Guatemala Sur,+proj=lcc +lat_1=14.9 +lat_0=14.9 +lon_0=-90.3333333333333 +k_0=0.99989906 +x_0=500000 +y_0=325992.681 +ellps=clrk66 +units=m +no_defs +type=crs
EPSG,5460,Ocotepeque 1935 / El Salvador Lambert,+proj=lcc +lat_1=13.7833333333333 +lat_0=13.7833333333333 +lon_0=-89 +k_0=0.99996704 +x_0=500000 +y_0=295809.184 +ellps=clrk66 +units=m +no_defs +type=crs
EPSG,5461,Ocotepeque 1935 / Nicaragua Norte,+proj=lcc +lat_1=13.8666666666667 +lat_0=13.8666666666667 +lon_0=-85.5 +k_0=0.99990314 +x_0=500000 +y_0=359891.816 +ellps=clrk66 +units=m +no_defs +type=crs
EPSG,5462,Ocotepeque 1935 / Nicaragua Sur,+proj=lcc +lat_1=11.7333333333333 +lat_0=11.7333333333333 +lon_0=-85.5 +k_0=0.99992228 +x_0=500000 +y_0=288876.327 +ellps=clrk66 +units=m +no_defs +type=crs
EPSG,5463,SAD69 / UTM zone 17N,+proj=utm +zone=17 +ellps=aust_SA +units=m +no_defs +type=crs
EPSG,5464,Sibun Gorge 1922,+proj=longlat +a=6378293.64520876 +b=6356617.98767984 +no_defs +type=crs
EPSG,5467,Panama-Colon 1911,+proj=longlat +ellps=clrk66 +no_defs +type=crs
EPSG,5469,Panama-Colon 1911 / Panama Lambert,+proj=lcc +lat_1=8.41666666666667 +lat_0=8.41666666666667 +lon_0=-80 +k_0=0.99989909 +x_0=500000 +y_0=294865.303 +ellps=clrk66 +units=m +no_defs +type=crs
EPSG,5472,Panama-Colon 1911 / Panama Polyconic,+proj=poly +lat_0=8.25 +lon_0=-81 +x_0=914391.7962 +y_0=999404.721715486 +ellps=clrk66 +to_meter=0.9143917962 +no_defs +type=crs
EPSG,5479,RSRGD2000 / MSLC2000,+proj=lcc +lat_0=-78 +lon_0=163 +lat_1=-76.6666666666667 +lat_2=-79.3333333333333 +x_0=7000000 +y_0=5000000 +ellps=GRS80 +units=m +no_defs +type=crs
EPSG,5480,RSRGD2000 / BCLC2000,+proj=lcc +lat_0=-74.5 +lon_0=165 +lat_1=-73.6666666666667 +lat_2=-75.3333333333333 +x_0=5000000 +y_0=3000000 +ellps=GRS80 +units=m +no_defs +type=crs
EPSG,5481,RSRGD2000 / PCLC2000,+proj=lcc +lat_0=-71.5 +lon_0=166 +lat_1=-70.6666666666667 +lat_2=-72.3333333333333 +x_0=3000000 +y_0=1000000 +ellps=GRS80 +units=m +no_defs +type=crs
EPSG,5482,RSRGD2000 / RSPS2000,+proj=stere +lat_0=-90 +lon_0=180 +k=0.994 +x_0=5000000 +y_0=1000000 +ellps=GRS80 +units=m +no_defs +type=crs
EPSG,5487,RGAF09,+proj=geocent +ellps=GRS80 +units=m +no_defs +type=crs
EPSG,5488,RGAF09,+proj=longlat +ellps=GRS80 +no_defs +type=crs
EPSG,5489,RGAF09,+proj=longlat +ellps=GRS80 +no_defs +type=crs
EPSG,5490,RGAF09 / UTM zone 20N,+proj=utm +zone=20 +ellps=GRS80 +units=m +no_defs +type=crs
EPSG,5498,NAD83 + NAVD88 height,+proj=longlat +datum=NAD83 +vunits=m +no_defs +type=crs
EPSG,5499,NAD83(HARN) + NAVD88 height,+proj=longlat +ellps=GRS80 +vunits=m +no_defs +type=crs
EPSG,5500,NAD83(NSRS2007) + NAVD88 height,+proj=longlat +ellps=GRS80 +vunits=m +no_defs +type=crs
EPSG,5513,S-JTSK / Krovak,+proj=krovak +axis=swu +lat_0=49.5 +lon_0=24.8333333333333 +alpha=30.2881397527778 +k=0.9999 +x_0=0 +y_0=0 +ellps=bessel +units=m +no_defs +type=crs
EPSG,5514,S-JTSK / Krovak East North,+proj=krovak +lat_0=49.5 +lon_0=24.8333333333333 +alpha=30.2881397527778 +k=0.9999 +x_0=0 +y_0=0 +ellps=bessel +units=m +no_defs +type=crs
EPSG,5515,S-JTSK/05 / Modified Krovak,+proj=mod_krovak +axis=swu +lat_0=49.5 +lon_0=24.8333333333333 +alpha=30.2881397222222 +k=0.9999 +x_0=5000000 +y_0=5000000 +ellps=bessel +units=m +no_defs +type=crs
EPSG,5516,S-JTSK/05 / Modified Krovak East North,+proj=mod_krovak +lat_0=49.5 +lon_0=24.8333333333333 +alpha=30.2881397222222 +k=0.9999 +x_0=5000000 +y_0=5000000 +ellps=bessel +units=m +no_defs +type=crs
EPSG,5518,CI1971 / Chatham Islands Map Grid,+proj=tmerc +lat_0=-44 +lon_0=-176.5 +k=1 +x_0=350000 +y_0=650000 +ellps=intl +units=m +no_defs +type=crs
EPSG,5519,CI1979 / Chatham Islands Map Grid,+proj=tmerc +lat_0=-44 +lon_0=-176.5 +k=1 +x_0=350000 +y_0=650000 +ellps=intl +units=m +no_defs +type=crs
EPSG,5520,DHDN / 3-degree Gauss-Kruger zone 1,+proj=tmerc +lat_0=0 +lon_0=3 +k=1 +x_0=1500000 +y_0=0 +ellps=bessel +units=m +no_defs +type=crs
EPSG,5523,WGS 84 / Gabon TM 2011,+proj=tmerc +lat_0=0 +lon_0=11.5 +k=0.9996 +x_0=1500000 +y_0=5500000 +datum=WGS84 +units=m +no_defs +type=crs
EPSG,5524,Corrego Alegre 1961,+proj=longlat +ellps=intl +no_defs +type=crs
EPSG,5527,SAD69(96),+proj=longlat +ellps=aust_SA +no_defs +type=crs
EPSG,5530,SAD69(96) / Brazil Polyconic,+proj=poly +lat_0=0 +lon_0=-54 +x_0=5000000 +y_0=10000000 +ellps=aust_SA +units=m +no_defs +type=crs
EPSG,5531,SAD69(96) / UTM zone 21S,+proj=utm +zone=21 +south +ellps=aust_SA +units=m +no_defs +type=crs
EPSG,5533,SAD69(96) / UTM zone 23S,+proj=utm +zone=23 +south +ellps=aust_SA +units=m +no_defs +type=crs
EPSG,5534,SAD69(96) / UTM zone 24S,+proj=utm +zone=24 +south +ellps=aust_SA +units=m +no_defs +type=crs
EPSG,5535,SAD69(96) / UTM zone 25S,+proj=utm +zone=25 +south +ellps=aust_SA +units=m +no_defs +type=crs
EPSG,5536,Corrego Alegre 1961 / UTM zone 21S,+proj=utm +zone=21 +south +ellps=intl +units=m +no_defs +type=crs
EPSG,5537,Corrego Alegre 1961 / UTM zone 22S,+proj=utm +zone=22 +south +ellps=intl +units=m +no_defs +type=crs
EPSG,5538,Corrego Alegre 1961 / UTM zone 23S,+proj=utm +zone=23 +south +ellps=intl +units=m +no_defs +type=crs
EPSG,5539,Corrego Alegre 1961 / UTM zone 24S,+proj=utm +zone=24 +south +ellps=intl +units=m +no_defs +type=crs
EPSG,5544,PNG94,+proj=geocent +ellps=GRS80 +units=m +no_defs +type=crs
EPSG,5545,PNG94,+proj=longlat +ellps=GRS80 +no_defs +type=crs
EPSG,5546,PNG94,+proj=longlat +ellps=GRS80 +no_defs +type=crs
EPSG,5550,PNG94 / PNGMG94 zone 54,+proj=utm +zone=54 +south +ellps=GRS80 +units=m +no_defs +type=crs
EPSG,5551,PNG94 / PNGMG94 zone 55,+proj=utm +zone=55 +south +ellps=GRS80 +units=m +no_defs +type=crs
EPSG,5552,PNG94 / PNGMG94 zone 56,+proj=utm +zone=56 +south +ellps=GRS80 +units=m +no_defs +type=crs
EPSG,5554,ETRS89 / UTM zone 31N + DHHN92 height,+proj=utm +zone=31 +ellps=GRS80 +units=m +vunits=m +no_defs +type=crs
EPSG,5555,ETRS89 / UTM zone 32N + DHHN92 height,+proj=utm +zone=32 +ellps=GRS80 +units=m +vunits=m +no_defs +type=crs
EPSG,5556,ETRS89 / UTM zone 33N + DHHN92 height,+proj=utm +zone=33 +ellps=GRS80 +units=m +vunits=m +no_defs +type=crs
EPSG,5558,UCS-2000,+proj=geocent +ellps=krass +units=m +no_defs +type=crs
EPSG,5559,Ocotepeque 1935 / Guatemala Norte,+proj=lcc +lat_1=16.8166666666667 +lat_0=16.8166666666667 +lon_0=-90.3333333333333 +k_0=0.99992226 +x_0=500000 +y_0=292209.579 +ellps=clrk66 +units=m +no_defs +type=crs
EPSG,5560,UCS-2000,+proj=longlat +ellps=krass +no_defs +type=crs
EPSG,5561,UCS-2000,+proj=longlat +ellps=krass +no_defs +type=crs
EPSG,5562,UCS-2000 / Gauss-Kruger zone 4,+proj=tmerc +lat_0=0 +lon_0=21 +k=1 +x_0=4500000 +y_0=0 +ellps=krass +units=m +no_defs +type=crs
EPSG,5563,UCS-2000 / Gauss-Kruger zone 5,+proj=tmerc +lat_0=0 +lon_0=27 +k=1 +x_0=5500000 +y_0=0 +ellps=krass +units=m +no_defs +type=crs
EPSG,5564,UCS-2000 / Gauss-Kruger zone 6,+proj=tmerc +lat_0=0 +lon_0=33 +k=1 +x_0=6500000 +y_0=0 +ellps=krass +units=m +no_defs +type=crs
EPSG,5565,UCS-2000 / Gauss-Kruger zone 7,+proj=tmerc +lat_0=0 +lon_0=39 +k=1 +x_0=7500000 +y_0=0 +ellps=krass +units=m +no_defs +type=crs
EPSG,5566,UCS-2000 / Gauss-Kruger CM 21E,+proj=tmerc +lat_0=0 +lon_0=21 +k=1 +x_0=500000 +y_0=0 +ellps=krass +units=m +no_defs +type=crs
EPSG,5567,UCS-2000 / Gauss-Kruger CM 27E,+proj=tmerc +lat_0=0 +lon_0=27 +k=1 +x_0=500000 +y_0=0 +ellps=krass +units=m +no_defs +type=crs
EPSG,5568,UCS-2000 / Gauss-Kruger CM 33E,+proj=tmerc +lat_0=0 +lon_0=33 +k=1 +x_0=500000 +y_0=0 +ellps=krass +units=m +no_defs +type=crs
EPSG,5569,UCS-2000 / Gauss-Kruger CM 39E,+proj=tmerc +lat_0=0 +lon_0=39 +k=1 +x_0=500000 +y_0=0 +ellps=krass +units=m +no_defs +type=crs
EPSG,5588,NAD27 / New Brunswick Stereographic (NAD27),+proj=sterea +lat_0=46.5 +lon_0=-66.5 +k=0.999912 +x_0=304800 +y_0=304800 +datum=NAD27 +units=ft +no_defs +type=crs
EPSG,5589,Sibun Gorge 1922 / Colony Grid,+proj=tmerc +lat_0=17.0612419444444 +lon_0=-88.6318575 +k=1 +x_0=66220.0283308276 +y_0=135779.50998853 +a=6378293.64520876 +b=6356617.98767984 +to_meter=0.3047972654 +no_defs +type=crs
EPSG,5591,FEH2010,+proj=geocent +ellps=GRS80 +units=m +no_defs +type=crs
EPSG,5592,FEH2010,+proj=longlat +ellps=GRS80 +no_defs +type=crs
EPSG,5593,FEH2010,+proj=longlat +ellps=GRS80 +no_defs +type=crs
EPSG,5596,FEH2010 / Fehmarnbelt TM,+proj=tmerc +lat_0=0 +lon_0=11.3333333333333 +k=1 +x_0=1000000 +y_0=0 +ellps=GRS80 +units=m +no_defs +type=crs
EPSG,5597,FCSVR10 height,+vunits=m +no_defs +type=crs
EPSG,5598,FEH2010 / Fehmarnbelt TM + FCSVR10 height,+proj=tmerc +lat_0=0 +lon_0=11.3333333333333 +k=1 +x_0=1000000 +y_0=0 +ellps=GRS80 +units=m +vunits=m +no_defs +type=crs
EPSG,5600,NGPF height,+vunits=m +no_defs +type=crs
EPSG,5601,IGN 1966 height,+vunits=m +no_defs +type=crs
EPSG,5602,Moorea SAU 1981 height,+vunits=m +no_defs +type=crs
EPSG,5603,Raiatea SAU 2001 height,+vunits=m +no_defs +type=crs
EPSG,5604,Maupiti SAU 2001 height,+vunits=m +no_defs +type=crs
EPSG,5605,Huahine SAU 2001 height,+vunits=m +no_defs +type=crs
EPSG,5606,Tahaa SAU 2001 height,+vunits=m +no_defs +type=crs
EPSG,5607,Bora Bora SAU 2001 height,+vunits=m +no_defs +type=crs
EPSG,5608,IGLD 1955 height,+vunits=m +no_defs +type=crs
EPSG,5609,IGLD 1985 height,+vunits=m +no_defs +type=crs
EPSG,5610,HVRS71 height,+vunits=m +no_defs +type=crs
EPSG,5611,Caspian height,+vunits=m +no_defs +type=crs
EPSG,5612,Baltic 1977 depth,+vunits=m +no_defs +type=crs
EPSG,5613,RH2000 height,+vunits=m +no_defs +type=crs
EPSG,5614,KOC WD depth (ft),+vunits=ft +no_defs +type=crs
EPSG,5615,RH00 height,+vunits=m +no_defs +type=crs
EPSG,5616,IGN 1988 LS height,+vunits=m +no_defs +type=crs
EPSG,5617,IGN 1988 MG height,+vunits=m +no_defs +type=crs
EPSG,5618,IGN 1992 LD height,+vunits=m +no_defs +type=crs
EPSG,5619,IGN 1988 SB height,+vunits=m +no_defs +type=crs
EPSG,5620,IGN 1988 SM height,+vunits=m +no_defs +type=crs
EPSG,5621,EVRF2007 height,+vunits=m +no_defs +type=crs
EPSG,5623,NAD27 / Michigan East,+proj=tmerc +lat_0=41.5 +lon_0=-83.6666666666667 +k=0.999942857 +x_0=152400.30480061 +y_0=0 +datum=NAD27 +units=us-ft +no_defs +type=crs
EPSG,5624,NAD27 / Michigan Old Central,+proj=tmerc +lat_0=41.5 +lon_0=-85.75 +k=0.999909091 +x_0=152400.30480061 +y_0=0 +datum=NAD27 +units=us-ft +no_defs +type=crs
EPSG,5625,NAD27 / Michigan West,+proj=tmerc +lat_0=41.5 +lon_0=-88.75 +k=0.999909091 +x_0=152400.30480061 +y_0=0 +datum=NAD27 +units=us-ft +no_defs +type=crs
EPSG,5627,ED50 / TM 6 NE,+proj=tmerc +lat_0=0 +lon_0=6 +k=0.9996 +x_0=500000 +y_0=0 +ellps=intl +units=m +no_defs +type=crs
EPSG,5628,SWEREF99 + RH2000 height,+proj=longlat +ellps=GRS80 +vunits=m +no_defs +type=crs
EPSG,5629,Moznet / UTM zone 38S,+proj=utm +zone=38 +south +ellps=WGS84 +units=m +no_defs +type=crs
EPSG,5631,Pulkovo 1942(58) / Gauss-Kruger zone 2 (E-N),+proj=tmerc +lat_0=0 +lon_0=9 +k=1 +x_0=2500000 +y_0=0 +ellps=krass +units=m +no_defs +type=crs
EPSG,5632,PTRA08 / LCC Europe,+proj=lcc +lat_0=52 +lon_0=10 +lat_1=35 +lat_2=65 +x_0=4000000 +y_0=2800000 +ellps=GRS80 +units=m +no_defs +type=crs
EPSG,5633,PTRA08 / LAEA Europe,+proj=laea +lat_0=52 +lon_0=10 +x_0=4321000 +y_0=3210000 +ellps=GRS80 +units=m +no_defs +type=crs
EPSG,5634,REGCAN95 / LCC Europe,+proj=lcc +lat_0=52 +lon_0=10 +lat_1=35 +lat_2=65 +x_0=4000000 +y_0=2800000 +ellps=GRS80 +units=m +no_defs +type=crs
EPSG,5635,REGCAN95 / LAEA Europe,+proj=laea +lat_0=52 +lon_0=10 +x_0=4321000 +y_0=3210000 +ellps=GRS80 +units=m +no_defs +type=crs
EPSG,5636,TUREF / LAEA Europe,+proj=laea +lat_0=52 +lon_0=10 +x_0=4321000 +y_0=3210000 +ellps=GRS80 +units=m +no_defs +type=crs
EPSG,5637,TUREF / LCC Europe,+proj=lcc +lat_0=52 +lon_0=10 +lat_1=35 +lat_2=65 +x_0=4000000 +y_0=2800000 +ellps=GRS80 +units=m +no_defs +type=crs
EPSG,5638,ISN2004 / LAEA Europe,+proj=laea +lat_0=52 +lon_0=10 +x_0=4321000 +y_0=3210000 +ellps=GRS80 +units=m +no_defs +type=crs
EPSG,5639,ISN2004 / LCC Europe,+proj=lcc +lat_0=52 +lon_0=10 +lat_1=35 +lat_2=65 +x_0=4000000 +y_0=2800000 +ellps=GRS80 +units=m +no_defs +type=crs
EPSG,5641,SIRGAS 2000 / Brazil Mercator,+proj=merc +lat_ts=-2 +lon_0=-43 +x_0=5000000 +y_0=10000000 +ellps=GRS80 +units=m +no_defs +type=crs
EPSG,5643,ED50 / SPBA LCC,+proj=lcc +lat_0=48 +lon_0=10 +lat_1=52.6666666666667 +lat_2=54.3333333333333 +x_0=815000 +y_0=0 +ellps=intl +units=m +no_defs +type=crs
EPSG,5644,RGR92 / UTM zone 39S,+proj=utm +zone=39 +south +ellps=GRS80 +units=m +no_defs +type=crs
EPSG,5646,NAD83 / Vermont (ftUS),+proj=tmerc +lat_0=42.5 +lon_0=-72.5 +k=0.999964286 +x_0=500000.00001016 +y_0=0 +datum=NAD83 +units=us-ft +no_defs +type=crs
EPSG,5649,ETRS89 / UTM zone 31N (zE-N),+proj=tmerc +lat_0=0 +lon_0=3 +k=0.9996 +x_0=31500000 +y_0=0 +ellps=GRS80 +units=m +no_defs +type=crs
EPSG,5650,ETRS89 / UTM zone 33N (zE-N),+proj=tmerc +lat_0=0 +lon_0=15 +k=0.9996 +x_0=33500000 +y_0=0 +ellps=GRS80 +units=m +no_defs +type=crs
EPSG,5651,ETRS89 / UTM zone 31N (N-zE),+proj=tmerc +lat_0=0 +lon_0=3 +k=0.9996 +x_0=31500000 +y_0=0 +ellps=GRS80 +units=m +no_defs +type=crs
EPSG,5652,ETRS89 / UTM zone 32N (N-zE),+proj=tmerc +lat_0=0 +lon_0=9 +k=0.9996 +x_0=32500000 +y_0=0 +ellps=GRS80 +units=m +no_defs +type=crs
EPSG,5653,ETRS89 / UTM zone 33N (N-zE),+proj=tmerc +lat_0=0 +lon_0=15 +k=0.9996 +x_0=33500000 +y_0=0 +ellps=GRS80 +units=m +no_defs +type=crs
EPSG,5654,NAD83(HARN) / Vermont (ftUS),+proj=tmerc +lat_0=42.5 +lon_0=-72.5 +k=0.999964286 +x_0=500000.00001016 +y_0=0 +ellps=GRS80 +units=us-ft +no_defs +type=crs
EPSG,5655,NAD83(NSRS2007) / Vermont (ftUS),+proj=tmerc +lat_0=42.5 +lon_0=-72.5 +k=0.999964286 +x_0=500000.00001016 +y_0=0 +ellps=GRS80 +units=us-ft +no_defs +type=crs
EPSG,5659,Monte Mario / TM Emilia-Romagna,+proj=tmerc +lat_0=0 +lon_0=9 +k=0.9996 +x_0=500053 +y_0=-3999820 +ellps=intl +units=m +no_defs +type=crs
EPSG,5663,Pulkovo 1942(58) / Gauss-Kruger zone 3 (E-N),+proj=tmerc +lat_0=0 +lon_0=15 +k=1 +x_0=3500000 +y_0=0 +ellps=krass +units=m +no_defs +type=crs
EPSG,5664,Pulkovo 1942(83) / Gauss-Kruger zone 2 (E-N),+proj=tmerc +lat_0=0 +lon_0=9 +k=1 +x_0=2500000 +y_0=0 +ellps=krass +units=m +no_defs +type=crs
EPSG,5665,Pulkovo 1942(83) / Gauss-Kruger zone 3 (E-N),+proj=tmerc +lat_0=0 +lon_0=15 +k=1 +x_0=3500000 +y_0=0 +ellps=krass +units=m +no_defs +type=crs
EPSG,5666,PD/83 / 3-degree Gauss-Kruger zone 3 (E-N),+proj=tmerc +lat_0=0 +lon_0=9 +k=1 +x_0=3500000 +y_0=0 +ellps=bessel +units=m +no_defs +type=crs
EPSG,5667,PD/83 / 3-degree Gauss-Kruger zone 4 (E-N),+proj=tmerc +lat_0=0 +lon_0=12 +k=1 +x_0=4500000 +y_0=0 +ellps=bessel +units=m +no_defs +type=crs
EPSG,5668,RD/83 / 3-degree Gauss-Kruger zone 4 (E-N),+proj=tmerc +lat_0=0 +lon_0=12 +k=1 +x_0=4500000 +y_0=0 +ellps=bessel +units=m +no_defs +type=crs
EPSG,5669,RD/83 / 3-degree Gauss-Kruger zone 5 (E-N),+proj=tmerc +lat_0=0 +lon_0=15 +k=1 +x_0=5500000 +y_0=0 +ellps=bessel +units=m +no_defs +type=crs
EPSG,5670,Pulkovo 1942(58) / 3-degree Gauss-Kruger zone 3 (E-N),+proj=tmerc +lat_0=0 +lon_0=9 +k=1 +x_0=3500000 +y_0=0 +ellps=krass +units=m +no_defs +type=crs
EPSG,5671,Pulkovo 1942(58) / 3-degree Gauss-Kruger zone 4 (E-N),+proj=tmerc +lat_0=0 +lon_0=12 +k=1 +x_0=4500000 +y_0=0 +ellps=krass +units=m +no_defs +type=crs
EPSG,5672,Pulkovo 1942(58) / 3-degree Gauss-Kruger zone 5 (E-N),+proj=tmerc +lat_0=0 +lon_0=15 +k=1 +x_0=5500000 +y_0=0 +ellps=krass +units=m +no_defs +type=crs
EPSG,5673,Pulkovo 1942(83) / 3-degree Gauss-Kruger zone 3 (E-N),+proj=tmerc +lat_0=0 +lon_0=9 +k=1 +x_0=3500000 +y_0=0 +ellps=krass +units=m +no_defs +type=crs
EPSG,5674,Pulkovo 1942(83) / 3-degree Gauss-Kruger zone 4 (E-N),+proj=tmerc +lat_0=0 +lon_0=12 +k=1 +x_0=4500000 +y_0=0 +ellps=krass +units=m +no_defs +type=crs
EPSG,5675,Pulkovo 1942(83) / 3-degree Gauss-Kruger zone 5 (E-N),+proj=tmerc +lat_0=0 +lon_0=15 +k=1 +x_0=5500000 +y_0=0 +ellps=krass +units=m +no_defs +type=crs
EPSG,5676,DHDN / 3-degree Gauss-Kruger zone 2 (E-N),+proj=tmerc +lat_0=0 +lon_0=6 +k=1 +x_0=2500000 +y_0=0 +ellps=bessel +units=m +no_defs +type=crs
EPSG,5677,DHDN / 3-degree Gauss-Kruger zone 3 (E-N),+proj=tmerc +lat_0=0 +lon_0=9 +k=1 +x_0=3500000 +y_0=0 +ellps=bessel +units=m +no_defs +type=crs
EPSG,5678,DHDN / 3-degree Gauss-Kruger zone 4 (E-N),+proj=tmerc +lat_0=0 +lon_0=12 +k=1 +x_0=4500000 +y_0=0 +ellps=bessel +units=m +no_defs +type=crs
EPSG,5679,DHDN / 3-degree Gauss-Kruger zone 5 (E-N),+proj=tmerc +lat_0=0 +lon_0=15 +k=1 +x_0=5500000 +y_0=0 +ellps=bessel +units=m +no_defs +type=crs
EPSG,5680,DHDN / 3-degree Gauss-Kruger zone 1 (E-N),+proj=tmerc +lat_0=0 +lon_0=3 +k=1 +x_0=1500000 +y_0=0 +ellps=bessel +units=m +no_defs +type=crs
EPSG,5681,DB_REF,+proj=longlat +ellps=bessel +no_defs +type=crs
EPSG,5682,DB_REF / 3-degree Gauss-Kruger zone 2 (E-N),+proj=tmerc +lat_0=0 +lon_0=6 +k=1 +x_0=2500000 +y_0=0 +ellps=bessel +units=m +no_defs +type=crs
EPSG,5683,DB_REF / 3-degree Gauss-Kruger zone 3 (E-N),+proj=tmerc +lat_0=0 +lon_0=9 +k=1 +x_0=3500000 +y_0=0 +ellps=bessel +units=m +no_defs +type=crs
EPSG,5684,DB_REF / 3-degree Gauss-Kruger zone 4 (E-N),+proj=tmerc +lat_0=0 +lon_0=12 +k=1 +x_0=4500000 +y_0=0 +ellps=bessel +units=m +no_defs +type=crs
EPSG,5685,DB_REF / 3-degree Gauss-Kruger zone 5 (E-N),+proj=tmerc +lat_0=0 +lon_0=15 +k=1 +x_0=5500000 +y_0=0 +ellps=bessel +units=m +no_defs +type=crs
EPSG,5698,RGF93 v1 / Lambert-93 + NGF-IGN69 height,+proj=lcc +lat_0=46.5 +lon_0=3 +lat_1=49 +lat_2=44 +x_0=700000 +y_0=6600000 +ellps=GRS80 +units=m +vunits=m +no_defs +type=crs
EPSG,5699,RGF93 v1 / Lambert-93 + NGF-IGN78 height,+proj=lcc +lat_0=46.5 +lon_0=3 +lat_1=49 +lat_2=44 +x_0=700000 +y_0=6600000 +ellps=GRS80 +units=m +vunits=m +no_defs +type=crs
EPSG,5700,NZGD2000 / UTM zone 1S,+proj=utm +zone=1 +south +ellps=GRS80 +units=m +no_defs +type=crs
EPSG,5701,ODN height,+vunits=m +no_defs +type=crs
EPSG,5702,NGVD29 height (ftUS),+vunits=us-ft +no_defs +type=crs
EPSG,5703,NAVD88 height,+vunits=m +no_defs +type=crs
EPSG,5705,Baltic 1977 height,+vunits=m +no_defs +type=crs
EPSG,5706,Caspian depth,+vunits=m +no_defs +type=crs
EPSG,5707,NTF (Paris) / Lambert zone I + NGF-IGN69 height,+proj=lcc +lat_1=49.5 +lat_0=49.5 +lon_0=0 +k_0=0.999877341 +x_0=600000 +y_0=1200000 +ellps=clrk80ign +pm=paris +units=m +vunits=m +no_defs +type=crs
EPSG,5708,NTF (Paris) / Lambert zone IV + NGF-IGN78 height,+proj=lcc +lat_1=42.165 +lat_0=42.165 +lon_0=0 +k_0=0.99994471 +x_0=234.358 +y_0=4185861.369 +ellps=clrk80ign +pm=paris +units=m +vunits=m +no_defs +type=crs
EPSG,5709,NAP height,+vunits=m +no_defs +type=crs
EPSG,5710,Ostend height,+vunits=m +no_defs +type=crs
EPSG,5711,AHD height,+vunits=m +no_defs +type=crs
EPSG,5712,AHD (Tasmania) height,+vunits=m +no_defs +type=crs
EPSG,5713,CGVD28 height,+vunits=m +no_defs +type=crs
EPSG,5714,MSL height,+vunits=m +no_defs +type=crs
EPSG,5715,MSL depth,+vunits=m +no_defs +type=crs
EPSG,5716,Piraeus height,+vunits=m +no_defs +type=crs
EPSG,5717,N60 height,+vunits=m +no_defs +type=crs
EPSG,5718,RH70 height,+vunits=m +no_defs +type=crs
EPSG,5719,NGF Lallemand height,+vunits=m +no_defs +type=crs
EPSG,5720,NGF-IGN69 height,+vunits=m +no_defs +type=crs
EPSG,5721,NGF-IGN78 height,+vunits=m +no_defs +type=crs
EPSG,5722,Maputo height,+vunits=m +no_defs +type=crs
EPSG,5723,JSLD69 height,+vunits=m +no_defs +type=crs
EPSG,5724,PHD93 height,+vunits=m +no_defs +type=crs
EPSG,5725,Fahud HD height,+vunits=m +no_defs +type=crs
EPSG,5726,Ha Tien 1960 height,+vunits=m +no_defs +type=crs
EPSG,5727,Hon Dau 1992 height,+vunits=m +no_defs +type=crs
EPSG,5728,LN02 height,+vunits=m +no_defs +type=crs
EPSG,5729,LHN95 height,+vunits=m +no_defs +type=crs
EPSG,5730,EVRF2000 height,+vunits=m +no_defs +type=crs
EPSG,5731,Malin Head height,+vunits=m +no_defs +type=crs
EPSG,5732,Belfast height,+vunits=m +no_defs +type=crs
EPSG,5733,DNN height,+vunits=m +no_defs +type=crs
EPSG,5734,AIOC95 depth,+vunits=m +no_defs +type=crs
EPSG,5735,Black Sea height,+vunits=m +no_defs +type=crs
EPSG,5736,Yellow Sea 1956 height,+vunits=m +no_defs +type=crs
EPSG,5737,Yellow Sea 1985 height,+vunits=m +no_defs +type=crs
EPSG,5738,HKPD height,+vunits=m +no_defs +type=crs
EPSG,5739,HKCD depth,+vunits=m +no_defs +type=crs
EPSG,5740,ODN Orkney height,+vunits=m +no_defs +type=crs
EPSG,5741,Fair Isle height,+vunits=m +no_defs +type=crs
EPSG,5742,Lerwick height,+vunits=m +no_defs +type=crs
EPSG,5743,Foula height,+vunits=m +no_defs +type=crs
EPSG,5744,Sule Skerry height,+vunits=m +no_defs +type=crs
EPSG,5745,North Rona height,+vunits=m +no_defs +type=crs
EPSG,5746,Stornoway height,+vunits=m +no_defs +type=crs
EPSG,5747,St. Kilda height,+vunits=m +no_defs +type=crs
EPSG,5748,Flannan Isles height,+vunits=m +no_defs +type=crs
EPSG,5749,St. Marys height,+vunits=m +no_defs +type=crs
EPSG,5750,Douglas height,+vunits=m +no_defs +type=crs
EPSG,5751,Fao height,+vunits=m +no_defs +type=crs
EPSG,5752,Bandar Abbas height,+vunits=m +no_defs +type=crs
EPSG,5753,NGNC69 height,+vunits=m +no_defs +type=crs
EPSG,5754,Poolbeg height (ft(Br36)),+vto_meter=0.3048007491 +no_defs +type=crs
EPSG,5755,NGG1977 height,+vunits=m +no_defs +type=crs
EPSG,5756,Martinique 1987 height,+vunits=m +no_defs +type=crs
EPSG,5757,Guadeloupe 1988 height,+vunits=m +no_defs +type=crs
EPSG,5758,Reunion 1989 height,+vunits=m +no_defs +type=crs
EPSG,5759,Auckland 1946 height,+vunits=m +no_defs +type=crs
EPSG,5760,Bluff 1955 height,+vunits=m +no_defs +type=crs
EPSG,5761,Dunedin 1958 height,+vunits=m +no_defs +type=crs
EPSG,5762,Gisborne 1926 height,+vunits=m +no_defs +type=crs
EPSG,5763,Lyttelton 1937 height,+vunits=m +no_defs +type=crs
EPSG,5764,Moturiki 1953 height,+vunits=m +no_defs +type=crs
EPSG,5765,Napier 1962 height,+vunits=m +no_defs +type=crs
EPSG,5766,Nelson 1955 height,+vunits=m +no_defs +type=crs
EPSG,5767,One Tree Point 1964 height,+vunits=m +no_defs +type=crs
EPSG,5768,Tararu 1952 height,+vunits=m +no_defs +type=crs
EPSG,5769,Taranaki 1970 height,+vunits=m +no_defs +type=crs
EPSG,5770,Wellington 1953 height,+vunits=m +no_defs +type=crs
EPSG,5771,Chatham Island 1959 height,+vunits=m +no_defs +type=crs
EPSG,5772,Stewart Island 1977 height,+vunits=m +no_defs +type=crs
EPSG,5773,EGM96 height,+vunits=m +no_defs +type=crs
EPSG,5774,NG95 height,+vunits=m +no_defs +type=crs
EPSG,5775,Antalya height,+vunits=m +no_defs +type=crs
EPSG,5776,NN54 height,+vunits=m +no_defs +type=crs
EPSG,5777,Durres height,+vunits=m +no_defs +type=crs
EPSG,5778,GHA height,+vunits=m +no_defs +type=crs
EPSG,5779,SVS2000 height,+vunits=m +no_defs +type=crs
EPSG,5780,Cascais height,+vunits=m +no_defs +type=crs
EPSG,5781,Constanta height,+vunits=m +no_defs +type=crs
EPSG,5782,Alicante height,+vunits=m +no_defs +type=crs
EPSG,5783,DHHN92 height,+vunits=m +no_defs +type=crs
EPSG,5784,DHHN85 height,+vunits=m +no_defs +type=crs
EPSG,5785,SNN76 height,+vunits=m +no_defs +type=crs
EPSG,5786,Baltic 1982 height,+vunits=m +no_defs +type=crs
EPSG,5787,EOMA 1980 height,+vunits=m +no_defs +type=crs
EPSG,5788,Kuwait PWD height,+vunits=m +no_defs +type=crs
EPSG,5789,KOC WD depth,+vunits=m +no_defs +type=crs
EPSG,5790,KOC CD height,+vunits=m +no_defs +type=crs
EPSG,5791,NGC 1948 height,+vunits=m +no_defs +type=crs
EPSG,5792,Danger 1950 height,+vunits=m +no_defs +type=crs
EPSG,5793,Mayotte 1950 height,+vunits=m +no_defs +type=crs
EPSG,5794,Martinique 1955 height,+vunits=m +no_defs +type=crs
EPSG,5795,Guadeloupe 1951 height,+vunits=m +no_defs +type=crs
EPSG,5796,Lagos 1955 height,+vunits=m +no_defs +type=crs
EPSG,5797,AIOC95 height,+vunits=m +no_defs +type=crs
EPSG,5798,EGM84 height,+vunits=m +no_defs +type=crs
EPSG,5799,DVR90 height,+vunits=m +no_defs +type=crs
EPSG,5825,AGD66 / ACT Standard Grid,+proj=tmerc +lat_0=-35.3177362777778 +lon_0=149.009294830556 +k=1.000086 +x_0=200000 +y_0=600000 +ellps=aust_SA +units=m +no_defs +type=crs
EPSG,5828,DB_REF,+proj=geocent +ellps=bessel +units=m +no_defs +type=crs
EPSG,5829,Instantaneous Water Level height,+vunits=m +no_defs +type=crs
EPSG,5830,DB_REF,+proj=longlat +ellps=bessel +no_defs +type=crs
EPSG,5831,Instantaneous Water Level depth,+vunits=m +no_defs +type=crs
EPSG,5836,Yemen NGN96 / UTM zone 37N,+proj=utm +zone=37 +ellps=WGS84 +units=m +no_defs +type=crs
EPSG,5837,Yemen NGN96 / UTM zone 40N,+proj=utm +zone=40 +ellps=WGS84 +units=m +no_defs +type=crs
EPSG,5839,Peru96 / UTM zone 17S,+proj=utm +zone=17 +south +ellps=GRS80 +units=m +no_defs +type=crs
EPSG,5842,WGS 84 / TM 12 SE,+proj=tmerc +lat_0=0 +lon_0=12 +k=0.9996 +x_0=500000 +y_0=10000000 +datum=WGS84 +units=m +no_defs +type=crs
EPSG,5843,Ras Ghumays height,+vunits=m +no_defs +type=crs
EPSG,5844,RGRDC 2005 / Congo TM zone 30,+proj=tmerc +lat_0=0 +lon_0=30 +k=0.9999 +x_0=500000 +y_0=10000000 +ellps=GRS80 +units=m +no_defs +type=crs
EPSG,5845,SWEREF99 TM + RH2000 height,+proj=utm +zone=33 +ellps=GRS80 +units=m +vunits=m +no_defs +type=crs
EPSG,5846,SWEREF99 12 00 + RH2000 height,+proj=tmerc +lat_0=0 +lon_0=12 +k=1 +x_0=150000 +y_0=0 +ellps=GRS80 +units=m +vunits=m +no_defs +type=crs
EPSG,5847,SWEREF99 13 30 + RH2000 height,+proj=tmerc +lat_0=0 +lon_0=13.5 +k=1 +x_0=150000 +y_0=0 +ellps=GRS80 +units=m +vunits=m +no_defs +type=crs
EPSG,5848,SWEREF99 15 00 + RH2000 height,+proj=tmerc +lat_0=0 +lon_0=15 +k=1 +x_0=150000 +y_0=0 +ellps=GRS80 +units=m +vunits=m +no_defs +type=crs
EPSG,5849,SWEREF99 16 30 + RH2000 height,+proj=tmerc +lat_0=0 +lon_0=16.5 +k=1 +x_0=150000 +y_0=0 +ellps=GRS80 +units=m +vunits=m +no_defs +type=crs
EPSG,5850,SWEREF99 18 00 + RH2000 height,+proj=tmerc +lat_0=0 +lon_0=18 +k=1 +x_0=150000 +y_0=0 +ellps=GRS80 +units=m +vunits=m +no_defs +type=crs
EPSG,5851,SWEREF99 14 15 + RH2000 height,+proj=tmerc +lat_0=0 +lon_0=14.25 +k=1 +x_0=150000 +y_0=0 +ellps=GRS80 +units=m +vunits=m +no_defs +type=crs
EPSG,5852,SWEREF99 15 45 + RH2000 height,+proj=tmerc +lat_0=0 +lon_0=15.75 +k=1 +x_0=150000 +y_0=0 +ellps=GRS80 +units=m +vunits=m +no_defs +type=crs
EPSG,5853,SWEREF99 17 15 + RH2000 height,+proj=tmerc +lat_0=0 +lon_0=17.25 +k=1 +x_0=150000 +y_0=0 +ellps=GRS80 +units=m +vunits=m +no_defs +type=crs
EPSG,5854,SWEREF99 18 45 + RH2000 height,+proj=tmerc +lat_0=0 +lon_0=18.75 +k=1 +x_0=150000 +y_0=0 +ellps=GRS80 +units=m +vunits=m +no_defs +type=crs
EPSG,5855,SWEREF99 20 15 + RH2000 height,+proj=tmerc +lat_0=0 +lon_0=20.25 +k=1 +x_0=150000 +y_0=0 +ellps=GRS80 +units=m +vunits=m +no_defs +type=crs
EPSG,5856,SWEREF99 21 45 + RH2000 height,+proj=tmerc +lat_0=0 +lon_0=21.75 +k=1 +x_0=150000 +y_0=0 +ellps=GRS80 +units=m +vunits=m +no_defs +type=crs
EPSG,5857,SWEREF99 23 15 + RH2000 height,+proj=tmerc +lat_0=0 +lon_0=23.25 +k=1 +x_0=150000 +y_0=0 +ellps=GRS80 +units=m +vunits=m +no_defs +type=crs
EPSG,5858,SAD69(96) / UTM zone 22S,+proj=utm +zone=22 +south +ellps=aust_SA +units=m +no_defs +type=crs
EPSG,5861,LAT depth,+vunits=m +no_defs +type=crs
EPSG,5862,LLWLT depth,+vunits=m +no_defs +type=crs
EPSG,5863,ISLW depth,+vunits=m +no_defs +type=crs
EPSG,5864,MLLWS depth,+vunits=m +no_defs +type=crs
EPSG,5865,MLWS depth,+vunits=m +no_defs +type=crs
EPSG,5866,MLLW depth,+vunits=m +no_defs +type=crs
EPSG,5867,MLW depth,+vunits=m +no_defs +type=crs
EPSG,5868,MHW height,+vunits=m +no_defs +type=crs
EPSG,5869,MHHW height,+vunits=m +no_defs +type=crs
EPSG,5870,MHWS height,+vunits=m +no_defs +type=crs
EPSG,5871,HHWLT height,+vunits=m +no_defs +type=crs
EPSG,5872,HAT height,+vunits=m +no_defs +type=crs
EPSG,5873,Low Water depth,+vunits=m +no_defs +type=crs
EPSG,5874,High Water height,+vunits=m +no_defs +type=crs
EPSG,5875,SAD69(96) / UTM zone 18S,+proj=utm +zone=18 +south +ellps=aust_SA +units=m +no_defs +type=crs
EPSG,5876,SAD69(96) / UTM zone 19S,+proj=utm +zone=19 +south +ellps=aust_SA +units=m +no_defs +type=crs
EPSG,5877,SAD69(96) / UTM zone 20S,+proj=utm +zone=20 +south +ellps=aust_SA +units=m +no_defs +type=crs
EPSG,5879,Cadastre 1997 / UTM zone 38S,+proj=utm +zone=38 +south +ellps=intl +units=m +no_defs +type=crs
EPSG,5880,SIRGAS 2000 / Brazil Polyconic,+proj=poly +lat_0=0 +lon_0=-54 +x_0=5000000 +y_0=10000000 +ellps=GRS80 +units=m +no_defs +type=crs
EPSG,5884,TGD2005,+proj=geocent +ellps=GRS80 +units=m +no_defs +type=crs
EPSG,5885,TGD2005,+proj=longlat +ellps=GRS80 +no_defs +type=crs
EPSG,5886,TGD2005,+proj=longlat +ellps=GRS80 +no_defs +type=crs
EPSG,5887,TGD2005 / Tonga Map Grid,+proj=tmerc +lat_0=0 +lon_0=-177 +k=0.9996 +x_0=1500000 +y_0=5000000 +ellps=GRS80 +units=m +no_defs +type=crs
EPSG,5896,VN-2000 / TM-3 zone 481,+proj=tmerc +lat_0=0 +lon_0=102 +k=0.9999 +x_0=500000 +y_0=0 +ellps=WGS84 +units=m +no_defs +type=crs
EPSG,5897,VN-2000 / TM-3 zone 482,+proj=tmerc +lat_0=0 +lon_0=105 +k=0.9999 +x_0=500000 +y_0=0 +ellps=WGS84 +units=m +no_defs +type=crs
EPSG,5898,VN-2000 / TM-3 zone 491,+proj=tmerc +lat_0=0 +lon_0=108 +k=0.9999 +x_0=500000 +y_0=0 +ellps=WGS84 +units=m +no_defs +type=crs
EPSG,5899,VN-2000 / TM-3 107-45,+proj=tmerc +lat_0=0 +lon_0=107.75 +k=0.9999 +x_0=500000 +y_0=0 +ellps=WGS84 +units=m +no_defs +type=crs
EPSG,5921,WGS 84 / EPSG Arctic Regional zone A1,+proj=lcc +lat_0=81.317226 +lon_0=-111 +lat_1=85 +lat_2=77 +x_0=0 +y_0=0 +datum=WGS84 +units=m +no_defs +type=crs
EPSG,5922,WGS 84 / EPSG Arctic Regional zone A2,+proj=lcc +lat_0=81.317226 +lon_0=-39 +lat_1=85 +lat_2=77 +x_0=0 +y_0=0 +datum=WGS84 +units=m +no_defs +type=crs
EPSG,5923,WGS 84 / EPSG Arctic Regional zone A3,+proj=lcc +lat_0=81.317226 +lon_0=33 +lat_1=85 +lat_2=77 +x_0=0 +y_0=0 +datum=WGS84 +units=m +no_defs +type=crs
EPSG,5924,WGS 84 / EPSG Arctic Regional zone A4,+proj=lcc +lat_0=81.317226 +lon_0=105 +lat_1=85 +lat_2=77 +x_0=0 +y_0=0 +datum=WGS84 +units=m +no_defs +type=crs
EPSG,5925,WGS 84 / EPSG Arctic Regional zone A5,+proj=lcc +lat_0=81.317226 +lon_0=177 +lat_1=85 +lat_2=77 +x_0=0 +y_0=0 +datum=WGS84 +units=m +no_defs +type=crs
EPSG,5926,WGS 84 / EPSG Arctic Regional zone B1,+proj=lcc +lat_0=73.1557408611111 +lon_0=-111 +lat_1=77 +lat_2=69 +x_0=0 +y_0=0 +datum=WGS84 +units=m +no_defs +type=crs
EPSG,5927,WGS 84 / EPSG Arctic Regional zone B2,+proj=lcc +lat_0=73.1557408611111 +lon_0=-39 +lat_1=77 +lat_2=69 +x_0=0 +y_0=0 +datum=WGS84 +units=m +no_defs +type=crs
EPSG,5928,WGS 84 / EPSG Arctic Regional zone B3,+proj=lcc +lat_0=73.1557408611111 +lon_0=33 +lat_1=77 +lat_2=69 +x_0=0 +y_0=0 +datum=WGS84 +units=m +no_defs +type=crs
EPSG,5929,WGS 84 / EPSG Arctic Regional zone B4,+proj=lcc +lat_0=73.1557408611111 +lon_0=105 +lat_1=77 +lat_2=69 +x_0=0 +y_0=0 +datum=WGS84 +units=m +no_defs +type=crs
EPSG,5930,WGS 84 / EPSG Arctic Regional zone B5,+proj=lcc +lat_0=73.1557408611111 +lon_0=177 +lat_1=77 +lat_2=69 +x_0=0 +y_0=0 +datum=WGS84 +units=m +no_defs +type=crs
EPSG,5931,WGS 84 / EPSG Arctic Regional zone C1,+proj=lcc +lat_0=65.1012708888889 +lon_0=-111 +lat_1=69 +lat_2=61 +x_0=0 +y_0=0 +datum=WGS84 +units=m +no_defs +type=crs
EPSG,5932,WGS 84 / EPSG Arctic Regional zone C2,+proj=lcc +lat_0=65.1012708888889 +lon_0=-39 +lat_1=69 +lat_2=61 +x_0=0 +y_0=0 +datum=WGS84 +units=m +no_defs +type=crs
EPSG,5933,WGS 84 / EPSG Arctic Regional zone C3,+proj=lcc +lat_0=65.1012708888889 +lon_0=33 +lat_1=69 +lat_2=61 +x_0=0 +y_0=0 +datum=WGS84 +units=m +no_defs +type=crs
EPSG,5934,WGS 84 / EPSG Arctic Regional zone C4,+proj=lcc +lat_0=65.1012708888889 +lon_0=105 +lat_1=69 +lat_2=61 +x_0=0 +y_0=0 +datum=WGS84 +units=m +no_defs +type=crs
EPSG,5935,WGS 84 / EPSG Arctic Regional zone C5,+proj=lcc +lat_0=65.1012708888889 +lon_0=177 +lat_1=69 +lat_2=61 +x_0=0 +y_0=0 +datum=WGS84 +units=m +no_defs +type=crs
EPSG,5936,WGS 84 / EPSG Alaska Polar Stereographic,+proj=stere +lat_0=90 +lon_0=-150 +k=0.994 +x_0=2000000 +y_0=2000000 +datum=WGS84 +units=m +no_defs +type=crs
EPSG,5937,WGS 84 / EPSG Canada Polar Stereographic,+proj=stere +lat_0=90 +lon_0=-100 +k=0.994 +x_0=2000000 +y_0=2000000 +datum=WGS84 +units=m +no_defs +type=crs
EPSG,5938,WGS 84 / EPSG Greenland Polar Stereographic,+proj=stere +lat_0=90 +lon_0=-33 +k=0.994 +x_0=2000000 +y_0=2000000 +datum=WGS84 +units=m +no_defs +type=crs
EPSG,5939,WGS 84 / EPSG Norway Polar Stereographic,+proj=stere +lat_0=90 +lon_0=18 +k=0.994 +x_0=2000000 +y_0=2000000 +datum=WGS84 +units=m +no_defs +type=crs
EPSG,5940,WGS 84 / EPSG Russia Polar Stereographic,+proj=stere +lat_0=90 +lon_0=105 +k=0.994 +x_0=2000000 +y_0=2000000 +datum=WGS84 +units=m +no_defs +type=crs
EPSG,5941,NN2000 height,+vunits=m +no_defs +type=crs
EPSG,5942,ETRS89 + NN2000 height,+proj=longlat +ellps=GRS80 +vunits=m +no_defs +type=crs
EPSG,5945,ETRS89 / NTM zone 5 + NN2000 height,+proj=tmerc +lat_0=58 +lon_0=5.5 +k=1 +x_0=100000 +y_0=1000000 +ellps=GRS80 +units=m +vunits=m +no_defs +type=crs
EPSG,5946,ETRS89 / NTM zone 6 + NN2000 height,+proj=tmerc +lat_0=58 +lon_0=6.5 +k=1 +x_0=100000 +y_0=1000000 +ellps=GRS80 +units=m +vunits=m +no_defs +type=crs
EPSG,5947,ETRS89 / NTM zone 7 + NN2000 height,+proj=tmerc +lat_0=58 +lon_0=7.5 +k=1 +x_0=100000 +y_0=1000000 +ellps=GRS80 +units=m +vunits=m +no_defs +type=crs
EPSG,5948,ETRS89 / NTM zone 8 + NN2000 height,+proj=tmerc +lat_0=58 +lon_0=8.5 +k=1 +x_0=100000 +y_0=1000000 +ellps=GRS80 +units=m +vunits=m +no_defs +type=crs
EPSG,5949,ETRS89 / NTM zone 9 + NN2000 height,+proj=tmerc +lat_0=58 +lon_0=9.5 +k=1 +x_0=100000 +y_0=1000000 +ellps=GRS80 +units=m +vunits=m +no_defs +type=crs
EPSG,5950,ETRS89 / NTM zone 10 + NN2000 height,+proj=tmerc +lat_0=58 +lon_0=10.5 +k=1 +x_0=100000 +y_0=1000000 +ellps=GRS80 +units=m +vunits=m +no_defs +type=crs
EPSG,5951,ETRS89 / NTM zone 11 + NN2000 height,+proj=tmerc +lat_0=58 +lon_0=11.5 +k=1 +x_0=100000 +y_0=1000000 +ellps=GRS80 +units=m +vunits=m +no_defs +type=crs
EPSG,5952,ETRS89 / NTM zone 12 + NN2000 height,+proj=tmerc +lat_0=58 +lon_0=12.5 +k=1 +x_0=100000 +y_0=1000000 +ellps=GRS80 +units=m +vunits=m +no_defs +type=crs
EPSG,5953,ETRS89 / NTM zone 13 + NN2000 height,+proj=tmerc +lat_0=58 +lon_0=13.5 +k=1 +x_0=100000 +y_0=1000000 +ellps=GRS80 +units=m +vunits=m +no_defs +type=crs
EPSG,5954,ETRS89 / NTM zone 14 + NN2000 height,+proj=tmerc +lat_0=58 +lon_0=14.5 +k=1 +x_0=100000 +y_0=1000000 +ellps=GRS80 +units=m +vunits=m +no_defs +type=crs
EPSG,5955,ETRS89 / NTM zone 15 + NN2000 height,+proj=tmerc +lat_0=58 +lon_0=15.5 +k=1 +x_0=100000 +y_0=1000000 +ellps=GRS80 +units=m +vunits=m +no_defs +type=crs
EPSG,5956,ETRS89 / NTM zone 16 + NN2000 height,+proj=tmerc +lat_0=58 +lon_0=16.5 +k=1 +x_0=100000 +y_0=1000000 +ellps=GRS80 +units=m +vunits=m +no_defs +type=crs
EPSG,5957,ETRS89 / NTM zone 17 + NN2000 height,+proj=tmerc +lat_0=58 +lon_0=17.5 +k=1 +x_0=100000 +y_0=1000000 +ellps=GRS80 +units=m +vunits=m +no_defs +type=crs
EPSG,5958,ETRS89 / NTM zone 18 + NN2000 height,+proj=tmerc +lat_0=58 +lon_0=18.5 +k=1 +x_0=100000 +y_0=1000000 +ellps=GRS80 +units=m +vunits=m +no_defs +type=crs
EPSG,5959,ETRS89 / NTM zone 19 + NN2000 height,+proj=tmerc +lat_0=58 +lon_0=19.5 +k=1 +x_0=100000 +y_0=1000000 +ellps=GRS80 +units=m +vunits=m +no_defs +type=crs
EPSG,5960,ETRS89 / NTM zone 20 + NN2000 height,+proj=tmerc +lat_0=58 +lon_0=20.5 +k=1 +x_0=100000 +y_0=1000000 +ellps=GRS80 +units=m +vunits=m +no_defs +type=crs
EPSG,5961,ETRS89 / NTM zone 21 + NN2000 height,+proj=tmerc +lat_0=58 +lon_0=21.5 +k=1 +x_0=100000 +y_0=1000000 +ellps=GRS80 +units=m +vunits=m +no_defs +type=crs
EPSG,5962,ETRS89 / NTM zone 22 + NN2000 height,+proj=tmerc +lat_0=58 +lon_0=22.5 +k=1 +x_0=100000 +y_0=1000000 +ellps=GRS80 +units=m +vunits=m +no_defs +type=crs
EPSG,5963,ETRS89 / NTM zone 23 + NN2000 height,+proj=tmerc +lat_0=58 +lon_0=23.5 +k=1 +x_0=100000 +y_0=1000000 +ellps=GRS80 +units=m +vunits=m +no_defs +type=crs
EPSG,5964,ETRS89 / NTM zone 24 + NN2000 height,+proj=tmerc +lat_0=58 +lon_0=24.5 +k=1 +x_0=100000 +y_0=1000000 +ellps=GRS80 +units=m +vunits=m +no_defs +type=crs
EPSG,5965,ETRS89 / NTM zone 25 + NN2000 height,+proj=tmerc +lat_0=58 +lon_0=25.5 +k=1 +x_0=100000 +y_0=1000000 +ellps=GRS80 +units=m +vunits=m +no_defs +type=crs
EPSG,5966,ETRS89 / NTM zone 26 + NN2000 height,+proj=tmerc +lat_0=58 +lon_0=26.5 +k=1 +x_0=100000 +y_0=1000000 +ellps=GRS80 +units=m +vunits=m +no_defs +type=crs
EPSG,5967,ETRS89 / NTM zone 27 + NN2000 height,+proj=tmerc +lat_0=58 +lon_0=27.5 +k=1 +x_0=100000 +y_0=1000000 +ellps=GRS80 +units=m +vunits=m +no_defs +type=crs
EPSG,5968,ETRS89 / NTM zone 28 + NN2000 height,+proj=tmerc +lat_0=58 +lon_0=28.5 +k=1 +x_0=100000 +y_0=1000000 +ellps=GRS80 +units=m +vunits=m +no_defs +type=crs
EPSG,5969,ETRS89 / NTM zone 29 + NN2000 height,+proj=tmerc +lat_0=58 +lon_0=29.5 +k=1 +x_0=100000 +y_0=1000000 +ellps=GRS80 +units=m +vunits=m +no_defs +type=crs
EPSG,5970,ETRS89 / NTM zone 30 + NN2000 height,+proj=tmerc +lat_0=58 +lon_0=30.5 +k=1 +x_0=100000 +y_0=1000000 +ellps=GRS80 +units=m +vunits=m +no_defs +type=crs
EPSG,5971,ETRS89 / UTM zone 31N + NN2000 height,+proj=utm +zone=31 +ellps=GRS80 +units=m +vunits=m +no_defs +type=crs
EPSG,5972,ETRS89 / UTM zone 32N + NN2000 height,+proj=utm +zone=32 +ellps=GRS80 +units=m +vunits=m +no_defs +type=crs
EPSG,5973,ETRS89 / UTM zone 33N + NN2000 height,+proj=utm +zone=33 +ellps=GRS80 +units=m +vunits=m +no_defs +type=crs
EPSG,5974,ETRS89 / UTM zone 34N + NN2000 height,+proj=utm +zone=34 +ellps=GRS80 +units=m +vunits=m +no_defs +type=crs
EPSG,5975,ETRS89 / UTM zone 35N + NN2000 height,+proj=utm +zone=35 +ellps=GRS80 +units=m +vunits=m +no_defs +type=crs
EPSG,5976,ETRS89 / UTM zone 36N + NN2000 height,+proj=utm +zone=36 +ellps=GRS80 +units=m +vunits=m +no_defs +type=crs
EPSG,6050,GR96 / EPSG Arctic zone 1-25,+proj=lcc +lat_0=85.4371183333333 +lon_0=-30 +lat_1=87 +lat_2=83.6666666666667 +x_0=25500000 +y_0=1500000 +ellps=GRS80 +units=m +no_defs +type=crs
EPSG,6051,GR96 / EPSG Arctic zone 2-18,+proj=lcc +lat_0=82.0584248888889 +lon_0=-52 +lat_1=83.6666666666667 +lat_2=80.3333333333333 +x_0=18500000 +y_0=2500000 +ellps=GRS80 +units=m +no_defs +type=crs
EPSG,6052,GR96 / EPSG Arctic zone 2-20,+proj=lcc +lat_0=82.0584248888889 +lon_0=-12 +lat_1=83.6666666666667 +lat_2=80.3333333333333 +x_0=20500000 +y_0=2500000 +ellps=GRS80 +units=m +no_defs +type=crs
EPSG,6053,GR96 / EPSG Arctic zone 3-29,+proj=lcc +lat_0=78.7073375277778 +lon_0=-69 +lat_1=80.3333333333333 +lat_2=77 +x_0=29500000 +y_0=3500000 +ellps=GRS80 +units=m +no_defs +type=crs
EPSG,6054,GR96 / EPSG Arctic zone 3-31,+proj=lcc +lat_0=78.7073375277778 +lon_0=-39 +lat_1=80.3333333333333 +lat_2=77 +x_0=31500000 +y_0=3500000 +ellps=GRS80 +units=m +no_defs +type=crs
EPSG,6055,GR96 / EPSG Arctic zone 3-33,+proj=lcc +lat_0=78.7073375277778 +lon_0=-10 +lat_1=80.3333333333333 +lat_2=77 +x_0=33500000 +y_0=3500000 +ellps=GRS80 +units=m +no_defs +type=crs
EPSG,6056,GR96 / EPSG Arctic zone 4-20,+proj=lcc +lat_0=75.3644033055556 +lon_0=-64 +lat_1=77 +lat_2=73.6666666666667 +x_0=20500000 +y_0=4500000 +ellps=GRS80 +units=m +no_defs +type=crs
EPSG,6057,GR96 / EPSG Arctic zone 4-22,+proj=lcc +lat_0=75.3644033055556 +lon_0=-39 +lat_1=77 +lat_2=73.6666666666667 +x_0=22500000 +y_0=4500000 +ellps=GRS80 +units=m +no_defs +type=crs
EPSG,6058,GR96 / EPSG Arctic zone 4-24,+proj=lcc +lat_0=75.3644033055556 +lon_0=-14 +lat_1=77 +lat_2=73.6666666666667 +x_0=24500000 +y_0=4500000 +ellps=GRS80 +units=m +no_defs +type=crs
EPSG,6059,GR96 / EPSG Arctic zone 5-41,+proj=lcc +lat_0=72.0250091944445 +lon_0=-62 +lat_1=73.6666666666667 +lat_2=70.3333333333333 +x_0=41500000 +y_0=5500000 +ellps=GRS80 +units=m +no_defs +type=crs
EPSG,6060,GR96 / EPSG Arctic zone 5-43,+proj=lcc +lat_0=72.0250091944445 +lon_0=-42 +lat_1=73.6666666666667 +lat_2=70.3333333333333 +x_0=43500000 +y_0=5500000 +ellps=GRS80 +units=m +no_defs +type=crs
EPSG,6061,GR96 / EPSG Arctic zone 5-45,+proj=lcc +lat_0=72.0250091944445 +lon_0=-22 +lat_1=73.6666666666667 +lat_2=70.3333333333333 +x_0=45500000 +y_0=5500000 +ellps=GRS80 +units=m +no_defs +type=crs
EPSG,6062,GR96 / EPSG Arctic zone 6-26,+proj=lcc +lat_0=68.6874755555556 +lon_0=-56 +lat_1=70.3333333333333 +lat_2=67 +x_0=26500000 +y_0=6500000 +ellps=GRS80 +units=m +no_defs +type=crs
EPSG,6063,GR96 / EPSG Arctic zone 6-28,+proj=lcc +lat_0=68.6874755555556 +lon_0=-38 +lat_1=70.3333333333333 +lat_2=67 +x_0=28500000 +y_0=6500000 +ellps=GRS80 +units=m +no_defs +type=crs
EPSG,6064,GR96 / EPSG Arctic zone 6-30,+proj=lcc +lat_0=68.6874755555556 +lon_0=-20 +lat_1=70.3333333333333 +lat_2=67 +x_0=30500000 +y_0=6500000 +ellps=GRS80 +units=m +no_defs +type=crs
EPSG,6065,GR96 / EPSG Arctic zone 7-11,+proj=lcc +lat_0=65.3510393055555 +lon_0=-51 +lat_1=67 +lat_2=63.6666666666667 +x_0=11500000 +y_0=7500000 +ellps=GRS80 +units=m +no_defs +type=crs
EPSG,6066,GR96 / EPSG Arctic zone 7-13,+proj=lcc +lat_0=65.3510393055555 +lon_0=-34 +lat_1=67 +lat_2=63.6666666666667 +x_0=13500000 +y_0=7500000 +ellps=GRS80 +units=m +no_defs +type=crs
EPSG,6067,GR96 / EPSG Arctic zone 8-20,+proj=lcc +lat_0=62.0153068888889 +lon_0=-52 +lat_1=63.6666666666667 +lat_2=60.3333333333333 +x_0=20500000 +y_0=8500000 +ellps=GRS80 +units=m +no_defs +type=crs
EPSG,6068,GR96 / EPSG Arctic zone 8-22,+proj=lcc +lat_0=62.0153068888889 +lon_0=-37 +lat_1=63.6666666666667 +lat_2=60.3333333333333 +x_0=22500000 +y_0=8500000 +ellps=GRS80 +units=m +no_defs +type=crs
EPSG,6069,ETRS89 / EPSG Arctic zone 2-22,+proj=lcc +lat_0=82.0584248888889 +lon_0=16 +lat_1=83.6666666666667 +lat_2=80.3333333333333 +x_0=22500000 +y_0=2500000 +ellps=GRS80 +units=m +no_defs +type=crs
EPSG,6070,ETRS89 / EPSG Arctic zone 3-11,+proj=lcc +lat_0=78.7073375277778 +lon_0=21 +lat_1=80.3333333333333 +lat_2=77 +x_0=11500000 +y_0=3500000 +ellps=GRS80 +units=m +no_defs +type=crs
EPSG,6071,ETRS89 / EPSG Arctic zone 4-26,+proj=lcc +lat_0=75.3644033055556 +lon_0=10 +lat_1=77 +lat_2=73.6666666666667 +x_0=26500000 +y_0=4500000 +ellps=GRS80 +units=m +no_defs +type=crs
EPSG,6072,ETRS89 / EPSG Arctic zone 4-28,+proj=lcc +lat_0=75.3644033055556 +lon_0=34 +lat_1=77 +lat_2=73.6666666666667 +x_0=28500000 +y_0=4500000 +ellps=GRS80 +units=m +no_defs +type=crs
EPSG,6073,ETRS89 / EPSG Arctic zone 5-11,+proj=lcc +lat_0=72.0250091944445 +lon_0=14 +lat_1=73.6666666666667 +lat_2=70.3333333333333 +x_0=11500000 +y_0=5500000 +ellps=GRS80 +units=m +no_defs +type=crs
EPSG,6074,ETRS89 / EPSG Arctic zone 5-13,+proj=lcc +lat_0=72.0250091944445 +lon_0=34 +lat_1=73.6666666666667 +lat_2=70.3333333333333 +x_0=13500000 +y_0=5500000 +ellps=GRS80 +units=m +no_defs +type=crs
EPSG,6075,WGS 84 / EPSG Arctic zone 2-24,+proj=lcc +lat_0=82.0584248888889 +lon_0=53 +lat_1=83.6666666666667 +lat_2=80.3333333333333 +x_0=24500000 +y_0=2500000 +datum=WGS84 +units=m +no_defs +type=crs
EPSG,6076,WGS 84 / EPSG Arctic zone 2-26,+proj=lcc +lat_0=82.0584248888889 +lon_0=93 +lat_1=83.6666666666667 +lat_2=80.3333333333333 +x_0=26500000 +y_0=2500000 +datum=WGS84 +units=m +no_defs +type=crs
EPSG,6077,WGS 84 / EPSG Arctic zone 3-13,+proj=lcc +lat_0=78.7073375277778 +lon_0=52 +lat_1=80.3333333333333 +lat_2=77 +x_0=13500000 +y_0=3500000 +datum=WGS84 +units=m +no_defs +type=crs
EPSG,6078,WGS 84 / EPSG Arctic zone 3-15,+proj=lcc +lat_0=78.7073375277778 +lon_0=83 +lat_1=80.3333333333333 +lat_2=77 +x_0=15500000 +y_0=3500000 +datum=WGS84 +units=m +no_defs +type=crs
EPSG,6079,WGS 84 / EPSG Arctic zone 3-17,+proj=lcc +lat_0=78.7073375277778 +lon_0=114 +lat_1=80.3333333333333 +lat_2=77 +x_0=17500000 +y_0=3500000 +datum=WGS84 +units=m +no_defs +type=crs
EPSG,6080,WGS 84 / EPSG Arctic zone 3-19,+proj=lcc +lat_0=78.7073375277778 +lon_0=145 +lat_1=80.3333333333333 +lat_2=77 +x_0=19500000 +y_0=3500000 +datum=WGS84 +units=m +no_defs +type=crs
EPSG,6081,WGS 84 / EPSG Arctic zone 4-30,+proj=lcc +lat_0=75.3644033055556 +lon_0=58 +lat_1=77 +lat_2=73.6666666666667 +x_0=30500000 +y_0=4500000 +datum=WGS84 +units=m +no_defs +type=crs
EPSG,6082,WGS 84 / EPSG Arctic zone 4-32,+proj=lcc +lat_0=75.3644033055556 +lon_0=82 +lat_1=77 +lat_2=73.6666666666667 +x_0=32500000 +y_0=4500000 +datum=WGS84 +units=m +no_defs +type=crs
EPSG,6083,WGS 84 / EPSG Arctic zone 4-34,+proj=lcc +lat_0=75.3644033055556 +lon_0=106 +lat_1=77 +lat_2=73.6666666666667 +x_0=34500000 +y_0=4500000 +datum=WGS84 +units=m +no_defs +type=crs
EPSG,6084,WGS 84 / EPSG Arctic zone 4-36,+proj=lcc +lat_0=75.3644033055556 +lon_0=130 +lat_1=77 +lat_2=73.6666666666667 +x_0=36500000 +y_0=4500000 +datum=WGS84 +units=m +no_defs +type=crs
EPSG,6085,WGS 84 / EPSG Arctic zone 4-38,+proj=lcc +lat_0=75.3644033055556 +lon_0=154 +lat_1=77 +lat_2=73.6666666666667 +x_0=38500000 +y_0=4500000 +datum=WGS84 +units=m +no_defs +type=crs
EPSG,6086,WGS 84 / EPSG Arctic zone 4-40,+proj=lcc +lat_0=75.3644033055556 +lon_0=179 +lat_1=77 +lat_2=73.6666666666667 +x_0=40500000 +y_0=4500000 +datum=WGS84 +units=m +no_defs +type=crs
EPSG,6087,WGS 84 / EPSG Arctic zone 5-15,+proj=lcc +lat_0=72.0250091944445 +lon_0=54 +lat_1=73.6666666666667 +lat_2=70.3333333333333 +x_0=15500000 +y_0=5500000 +datum=WGS84 +units=m +no_defs +type=crs
EPSG,6088,WGS 84 / EPSG Arctic zone 5-17,+proj=lcc +lat_0=72.0250091944445 +lon_0=74 +lat_1=73.6666666666667 +lat_2=70.3333333333333 +x_0=17500000 +y_0=5500000 +datum=WGS84 +units=m +no_defs +type=crs
EPSG,6089,WGS 84 / EPSG Arctic zone 5-19,+proj=lcc +lat_0=72.0250091944445 +lon_0=95 +lat_1=73.6666666666667 +lat_2=70.3333333333333 +x_0=19500000 +y_0=5500000 +datum=WGS84 +units=m +no_defs +type=crs
EPSG,6090,WGS 84 / EPSG Arctic zone 5-21,+proj=lcc +lat_0=72.0250091944445 +lon_0=116 +lat_1=73.6666666666667 +lat_2=70.3333333333333 +x_0=21500000 +y_0=5500000 +datum=WGS84 +units=m +no_defs +type=crs
EPSG,6091,WGS 84 / EPSG Arctic zone 5-23,+proj=lcc +lat_0=72.0250091944445 +lon_0=137 +lat_1=73.6666666666667 +lat_2=70.3333333333333 +x_0=23500000 +y_0=5500000 +datum=WGS84 +units=m +no_defs +type=crs
EPSG,6092,WGS 84 / EPSG Arctic zone 5-25,+proj=lcc +lat_0=72.0250091944445 +lon_0=158 +lat_1=73.6666666666667 +lat_2=70.3333333333333 +x_0=25500000 +y_0=5500000 +datum=WGS84 +units=m +no_defs +type=crs
EPSG,6093,WGS 84 / EPSG Arctic zone 5-27,+proj=lcc +lat_0=72.0250091944445 +lon_0=179 +lat_1=73.6666666666667 +lat_2=70.3333333333333 +x_0=27500000 +y_0=5500000 +datum=WGS84 +units=m +no_defs +type=crs
EPSG,6094,NAD83(NSRS2007) / EPSG Arctic zone 5-29,+proj=lcc +lat_0=72.0250091944445 +lon_0=-163 +lat_1=73.6666666666667 +lat_2=70.3333333333333 +x_0=29500000 +y_0=5500000 +ellps=GRS80 +units=m +no_defs +type=crs
EPSG,6095,NAD83(NSRS2007) / EPSG Arctic zone 5-31,+proj=lcc +lat_0=72.0250091944445 +lon_0=-147 +lat_1=73.6666666666667 +lat_2=70.3333333333333 +x_0=31500000 +y_0=5500000 +ellps=GRS80 +units=m +no_defs +type=crs
EPSG,6096,NAD83(NSRS2007) / EPSG Arctic zone 6-14,+proj=lcc +lat_0=68.6874755555556 +lon_0=-165 +lat_1=70.3333333333333 +lat_2=67 +x_0=14500000 +y_0=6500000 +ellps=GRS80 +units=m +no_defs +type=crs
EPSG,6097,NAD83(NSRS2007) / EPSG Arctic zone 6-16,+proj=lcc +lat_0=68.6874755555556 +lon_0=-147 +lat_1=70.3333333333333 +lat_2=67 +x_0=16500000 +y_0=6500000 +ellps=GRS80 +units=m +no_defs +type=crs
EPSG,6098,NAD83(CSRS) / EPSG Arctic zone 1-23,+proj=lcc +lat_0=85.4371183333333 +lon_0=-90 +lat_1=87 +lat_2=83.6666666666667 +x_0=23500000 +y_0=1500000 +ellps=GRS80 +units=m +no_defs +type=crs
EPSG,6099,NAD83(CSRS) / EPSG Arctic zone 2-14,+proj=lcc +lat_0=82.0584248888889 +lon_0=-115 +lat_1=83.6666666666667 +lat_2=80.3333333333333 +x_0=14500000 +y_0=2500000 +ellps=GRS80 +units=m +no_defs +type=crs
EPSG,6100,NAD83(CSRS) / EPSG Arctic zone 2-16,+proj=lcc +lat_0=82.0584248888889 +lon_0=-75 +lat_1=83.6666666666667 +lat_2=80.3333333333333 +x_0=16500000 +y_0=2500000 +ellps=GRS80 +units=m +no_defs +type=crs
EPSG,6101,NAD83(CSRS) / EPSG Arctic zone 3-25,+proj=lcc +lat_0=78.7073375277778 +lon_0=-129 +lat_1=80.3333333333333 +lat_2=77 +x_0=25500000 +y_0=3500000 +ellps=GRS80 +units=m +no_defs +type=crs
EPSG,6102,NAD83(CSRS) / EPSG Arctic zone 3-27,+proj=lcc +lat_0=78.7073375277778 +lon_0=-99 +lat_1=80.3333333333333 +lat_2=77 +x_0=27500000 +y_0=3500000 +ellps=GRS80 +units=m +no_defs +type=crs
EPSG,6103,NAD83(CSRS) / EPSG Arctic zone 3-29,+proj=lcc +lat_0=78.7073375277778 +lon_0=-69 +lat_1=80.3333333333333 +lat_2=77 +x_0=29500000 +y_0=3500000 +ellps=GRS80 +units=m +no_defs +type=crs
EPSG,6104,NAD83(CSRS) / EPSG Arctic zone 4-14,+proj=lcc +lat_0=75.3644033055556 +lon_0=-129 +lat_1=77 +lat_2=73.6666666666667 +x_0=14500000 +y_0=4500000 +ellps=GRS80 +units=m +no_defs +type=crs
EPSG,6105,NAD83(CSRS) / EPSG Arctic zone 4-16,+proj=lcc +lat_0=75.3644033055556 +lon_0=-104 +lat_1=77 +lat_2=73.6666666666667 +x_0=16500000 +y_0=4500000 +ellps=GRS80 +units=m +no_defs +type=crs
EPSG,6106,NAD83(CSRS) / EPSG Arctic zone 4-18,+proj=lcc +lat_0=75.3644033055556 +lon_0=-79 +lat_1=77 +lat_2=73.6666666666667 +x_0=18500000 +y_0=4500000 +ellps=GRS80 +units=m +no_defs +type=crs
EPSG,6107,NAD83(CSRS) / EPSG Arctic zone 5-33,+proj=lcc +lat_0=72.0250091944445 +lon_0=-131 +lat_1=73.6666666666667 +lat_2=70.3333333333333 +x_0=33500000 +y_0=5500000 +ellps=GRS80 +units=m +no_defs +type=crs
EPSG,6108,NAD83(CSRS) / EPSG Arctic zone 5-35,+proj=lcc +lat_0=72.0250091944445 +lon_0=-111 +lat_1=73.6666666666667 +lat_2=70.3333333333333 +x_0=35500000 +y_0=5500000 +ellps=GRS80 +units=m +no_defs +type=crs
EPSG,6109,NAD83(CSRS) / EPSG Arctic zone 5-37,+proj=lcc +lat_0=72.0250091944445 +lon_0=-91 +lat_1=73.6666666666667 +lat_2=70.3333333333333 +x_0=37500000 +y_0=5500000 +ellps=GRS80 +units=m +no_defs +type=crs
EPSG,6110,NAD83(CSRS) / EPSG Arctic zone 5-39,+proj=lcc +lat_0=72.0250091944445 +lon_0=-71 +lat_1=73.6666666666667 +lat_2=70.3333333333333 +x_0=39500000 +y_0=5500000 +ellps=GRS80 +units=m +no_defs +type=crs
EPSG,6111,NAD83(CSRS) / EPSG Arctic zone 6-18,+proj=lcc +lat_0=68.6874755555556 +lon_0=-132 +lat_1=70.3333333333333 +lat_2=67 +x_0=18500000 +y_0=6500000 +ellps=GRS80 +units=m +no_defs +type=crs
EPSG,6112,NAD83(CSRS) / EPSG Arctic zone 6-20,+proj=lcc +lat_0=68.6874755555556 +lon_0=-113 +lat_1=70.3333333333333 +lat_2=67 +x_0=20500000 +y_0=6500000 +ellps=GRS80 +units=m +no_defs +type=crs
EPSG,6113,NAD83(CSRS) / EPSG Arctic zone 6-22,+proj=lcc +lat_0=68.6874755555556 +lon_0=-94 +lat_1=70.3333333333333 +lat_2=67 +x_0=22500000 +y_0=6500000 +ellps=GRS80 +units=m +no_defs +type=crs
EPSG,6114,NAD83(CSRS) / EPSG Arctic zone 6-24,+proj=lcc +lat_0=68.6874755555556 +lon_0=-75 +lat_1=70.3333333333333 +lat_2=67 +x_0=24500000 +y_0=6500000 +ellps=GRS80 +units=m +no_defs +type=crs
EPSG,6115,WGS 84 / EPSG Arctic zone 1-27,+proj=lcc +lat_0=85.4371183333333 +lon_0=30 +lat_1=87 +lat_2=83.6666666666667 +x_0=27500000 +y_0=1500000 +datum=WGS84 +units=m +no_defs +type=crs
EPSG,6116,WGS 84 / EPSG Arctic zone 1-29,+proj=lcc +lat_0=85.4371183333333 +lon_0=90 +lat_1=87 +lat_2=83.6666666666667 +x_0=29500000 +y_0=1500000 +datum=WGS84 +units=m +no_defs +type=crs
EPSG,6117,WGS 84 / EPSG Arctic zone 1-31,+proj=lcc +lat_0=85.4371183333333 +lon_0=150 +lat_1=87 +lat_2=83.6666666666667 +x_0=31500000 +y_0=1500000 +datum=WGS84 +units=m +no_defs +type=crs
EPSG,6118,WGS 84 / EPSG Arctic zone 1-21,+proj=lcc +lat_0=85.4371183333333 +lon_0=-150 +lat_1=87 +lat_2=83.6666666666667 +x_0=21500000 +y_0=1500000 +datum=WGS84 +units=m +no_defs +type=crs
EPSG,6119,WGS 84 / EPSG Arctic zone 2-28,+proj=lcc +lat_0=82.0584248888889 +lon_0=133 +lat_1=83.6666666666667 +lat_2=80.3333333333333 +x_0=28500000 +y_0=2500000 +datum=WGS84 +units=m +no_defs +type=crs
EPSG,6120,WGS 84 / EPSG Arctic zone 2-10,+proj=lcc +lat_0=82.0584248888889 +lon_0=166 +lat_1=83.6666666666667 +lat_2=80.3333333333333 +x_0=10500000 +y_0=2500000 +datum=WGS84 +units=m +no_defs +type=crs
EPSG,6121,WGS 84 / EPSG Arctic zone 2-12,+proj=lcc +lat_0=82.0584248888889 +lon_0=-154 +lat_1=83.6666666666667 +lat_2=80.3333333333333 +x_0=12500000 +y_0=2500000 +datum=WGS84 +units=m +no_defs +type=crs
EPSG,6122,WGS 84 / EPSG Arctic zone 3-21,+proj=lcc +lat_0=78.7073375277778 +lon_0=176 +lat_1=80.3333333333333 +lat_2=77 +x_0=21500000 +y_0=3500000 +datum=WGS84 +units=m +no_defs +type=crs
EPSG,6123,WGS 84 / EPSG Arctic zone 3-23,+proj=lcc +lat_0=78.7073375277778 +lon_0=-153 +lat_1=80.3333333333333 +lat_2=77 +x_0=23500000 +y_0=3500000 +datum=WGS84 +units=m +no_defs +type=crs
EPSG,6124,WGS 84 / EPSG Arctic zone 4-12,+proj=lcc +lat_0=75.3644033055556 +lon_0=-155 +lat_1=77 +lat_2=73.6666666666667 +x_0=12500000 +y_0=4500000 +datum=WGS84 +units=m +no_defs +type=crs
EPSG,6125,ETRS89 / EPSG Arctic zone 5-47,+proj=lcc +lat_0=72.0250091944445 +lon_0=-5 +lat_1=73.6666666666667 +lat_2=70.3333333333333 +x_0=47500000 +y_0=5500000 +ellps=GRS80 +units=m +no_defs +type=crs
EPSG,6128,Grand Cayman National Grid 1959,+proj=tmerc +lat_0=0 +lon_0=-81 +k=0.9996 +x_0=499999.999998 +y_0=0 +ellps=clrk66 +units=ft +no_defs +type=crs
EPSG,6129,Sister Islands National Grid 1961,+proj=tmerc +lat_0=0 +lon_0=-81 +k=0.9996 +x_0=499999.999998 +y_0=0 +ellps=clrk66 +units=ft +no_defs +type=crs
EPSG,6130,GCVD54 height (ft),+vunits=ft +no_defs +type=crs
EPSG,6131,LCVD61 height (ft),+vunits=ft +no_defs +type=crs
EPSG,6132,CBVD61 height (ft),+vunits=ft +no_defs +type=crs
EPSG,6133,CIGD11,+proj=geocent +ellps=GRS80 +units=m +no_defs +type=crs
EPSG,6134,CIGD11,+proj=longlat +ellps=GRS80 +no_defs +type=crs
EPSG,6135,CIGD11,+proj=longlat +ellps=GRS80 +no_defs +type=crs
EPSG,6144,ETRS89 + NN54 height,+proj=longlat +ellps=GRS80 +vunits=m +no_defs +type=crs
EPSG,6145,ETRS89 / NTM zone 5 + NN54 height,+proj=tmerc +lat_0=58 +lon_0=5.5 +k=1 +x_0=100000 +y_0=1000000 +ellps=GRS80 +units=m +vunits=m +no_defs +type=crs
EPSG,6146,ETRS89 / NTM zone 6 + NN54 height,+proj=tmerc +lat_0=58 +lon_0=6.5 +k=1 +x_0=100000 +y_0=1000000 +ellps=GRS80 +units=m +vunits=m +no_defs +type=crs
EPSG,6147,ETRS89 / NTM zone 7 + NN54 height,+proj=tmerc +lat_0=58 +lon_0=7.5 +k=1 +x_0=100000 +y_0=1000000 +ellps=GRS80 +units=m +vunits=m +no_defs +type=crs
EPSG,6148,ETRS89 / NTM zone 8 + NN54 height,+proj=tmerc +lat_0=58 +lon_0=8.5 +k=1 +x_0=100000 +y_0=1000000 +ellps=GRS80 +units=m +vunits=m +no_defs +type=crs
EPSG,6149,ETRS89 / NTM zone 9 + NN54 height,+proj=tmerc +lat_0=58 +lon_0=9.5 +k=1 +x_0=100000 +y_0=1000000 +ellps=GRS80 +units=m +vunits=m +no_defs +type=crs
EPSG,6150,ETRS89 / NTM zone 10 + NN54 height,+proj=tmerc +lat_0=58 +lon_0=10.5 +k=1 +x_0=100000 +y_0=1000000 +ellps=GRS80 +units=m +vunits=m +no_defs +type=crs
EPSG,6151,ETRS89 / NTM zone 11 + NN54 height,+proj=tmerc +lat_0=58 +lon_0=11.5 +k=1 +x_0=100000 +y_0=1000000 +ellps=GRS80 +units=m +vunits=m +no_defs +type=crs
EPSG,6152,ETRS89 / NTM zone 12 + NN54 height,+proj=tmerc +lat_0=58 +lon_0=12.5 +k=1 +x_0=100000 +y_0=1000000 +ellps=GRS80 +units=m +vunits=m +no_defs +type=crs
EPSG,6153,ETRS89 / NTM zone 13 + NN54 height,+proj=tmerc +lat_0=58 +lon_0=13.5 +k=1 +x_0=100000 +y_0=1000000 +ellps=GRS80 +units=m +vunits=m +no_defs +type=crs
EPSG,6154,ETRS89 / NTM zone 14 + NN54 height,+proj=tmerc +lat_0=58 +lon_0=14.5 +k=1 +x_0=100000 +y_0=1000000 +ellps=GRS80 +units=m +vunits=m +no_defs +type=crs
EPSG,6155,ETRS89 / NTM zone 15 + NN54 height,+proj=tmerc +lat_0=58 +lon_0=15.5 +k=1 +x_0=100000 +y_0=1000000 +ellps=GRS80 +units=m +vunits=m +no_defs +type=crs
EPSG,6156,ETRS89 / NTM zone 16 + NN54 height,+proj=tmerc +lat_0=58 +lon_0=16.5 +k=1 +x_0=100000 +y_0=1000000 +ellps=GRS80 +units=m +vunits=m +no_defs +type=crs
EPSG,6157,ETRS89 / NTM zone 17 + NN54 height,+proj=tmerc +lat_0=58 +lon_0=17.5 +k=1 +x_0=100000 +y_0=1000000 +ellps=GRS80 +units=m +vunits=m +no_defs +type=crs
EPSG,6158,ETRS89 / NTM zone 18 + NN54 height,+proj=tmerc +lat_0=58 +lon_0=18.5 +k=1 +x_0=100000 +y_0=1000000 +ellps=GRS80 +units=m +vunits=m +no_defs +type=crs
EPSG,6159,ETRS89 / NTM zone 19 + NN54 height,+proj=tmerc +lat_0=58 +lon_0=19.5 +k=1 +x_0=100000 +y_0=1000000 +ellps=GRS80 +units=m +vunits=m +no_defs +type=crs
EPSG,6160,ETRS89 / NTM zone 20 + NN54 height,+proj=tmerc +lat_0=58 +lon_0=20.5 +k=1 +x_0=100000 +y_0=1000000 +ellps=GRS80 +units=m +vunits=m +no_defs +type=crs
EPSG,6161,ETRS89 / NTM zone 21 + NN54 height,+proj=tmerc +lat_0=58 +lon_0=21.5 +k=1 +x_0=100000 +y_0=1000000 +ellps=GRS80 +units=m +vunits=m +no_defs +type=crs
EPSG,6162,ETRS89 / NTM zone 22 + NN54 height,+proj=tmerc +lat_0=58 +lon_0=22.5 +k=1 +x_0=100000 +y_0=1000000 +ellps=GRS80 +units=m +vunits=m +no_defs +type=crs
EPSG,6163,ETRS89 / NTM zone 23 + NN54 height,+proj=tmerc +lat_0=58 +lon_0=23.5 +k=1 +x_0=100000 +y_0=1000000 +ellps=GRS80 +units=m +vunits=m +no_defs +type=crs
EPSG,6164,ETRS89 / NTM zone 24 + NN54 height,+proj=tmerc +lat_0=58 +lon_0=24.5 +k=1 +x_0=100000 +y_0=1000000 +ellps=GRS80 +units=m +vunits=m +no_defs +type=crs
EPSG,6165,ETRS89 / NTM zone 25 + NN54 height,+proj=tmerc +lat_0=58 +lon_0=25.5 +k=1 +x_0=100000 +y_0=1000000 +ellps=GRS80 +units=m +vunits=m +no_defs +type=crs
EPSG,6166,ETRS89 / NTM zone 26 + NN54 height,+proj=tmerc +lat_0=58 +lon_0=26.5 +k=1 +x_0=100000 +y_0=1000000 +ellps=GRS80 +units=m +vunits=m +no_defs +type=crs
EPSG,6167,ETRS89 / NTM zone 27 + NN54 height,+proj=tmerc +lat_0=58 +lon_0=27.5 +k=1 +x_0=100000 +y_0=1000000 +ellps=GRS80 +units=m +vunits=m +no_defs +type=crs
EPSG,6168,ETRS89 / NTM zone 28 + NN54 height,+proj=tmerc +lat_0=58 +lon_0=28.5 +k=1 +x_0=100000 +y_0=1000000 +ellps=GRS80 +units=m +vunits=m +no_defs +type=crs
EPSG,6169,ETRS89 / NTM zone 29 + NN54 height,+proj=tmerc +lat_0=58 +lon_0=29.5 +k=1 +x_0=100000 +y_0=1000000 +ellps=GRS80 +units=m +vunits=m +no_defs +type=crs
EPSG,6170,ETRS89 / NTM zone 30 + NN54 height,+proj=tmerc +lat_0=58 +lon_0=30.5 +k=1 +x_0=100000 +y_0=1000000 +ellps=GRS80 +units=m +vunits=m +no_defs +type=crs
EPSG,6171,ETRS89 / UTM zone 31N + NN54 height,+proj=utm +zone=31 +ellps=GRS80 +units=m +vunits=m +no_defs +type=crs
EPSG,6172,ETRS89 / UTM zone 32N + NN54 height,+proj=utm +zone=32 +ellps=GRS80 +units=m +vunits=m +no_defs +type=crs
EPSG,6173,ETRS89 / UTM zone 33N + NN54 height,+proj=utm +zone=33 +ellps=GRS80 +units=m +vunits=m +no_defs +type=crs
EPSG,6174,ETRS89 / UTM zone 34N + NN54 height,+proj=utm +zone=34 +ellps=GRS80 +units=m +vunits=m +no_defs +type=crs
EPSG,6175,ETRS89 / UTM zone 35N + NN54 height,+proj=utm +zone=35 +ellps=GRS80 +units=m +vunits=m +no_defs +type=crs
EPSG,6176,ETRS89 / UTM zone 36N + NN54 height,+proj=utm +zone=36 +ellps=GRS80 +units=m +vunits=m +no_defs +type=crs
EPSG,6178,Cais da Pontinha height,+vunits=m +no_defs +type=crs
EPSG,6179,Cais da Vila height,+vunits=m +no_defs +type=crs
EPSG,6180,Cais das Velas height,+vunits=m +no_defs +type=crs
EPSG,6181,Horta height,+vunits=m +no_defs +type=crs
EPSG,6182,Cais da Madalena height,+vunits=m +no_defs +type=crs
EPSG,6183,Santa Cruz da Graciosa height,+vunits=m +no_defs +type=crs
EPSG,6184,Cais da Figueirinha height,+vunits=m +no_defs +type=crs
EPSG,6185,Santa Cruz das Flores height,+vunits=m +no_defs +type=crs
EPSG,6186,Cais da Vila do Porto height,+vunits=m +no_defs +type=crs
EPSG,6187,Ponta Delgada height,+vunits=m +no_defs +type=crs
EPSG,6190,BD72 / Belgian Lambert 72 + Ostend height,+proj=lcc +lat_0=90 +lon_0=4.36748666666667 +lat_1=51.1666672333333 +lat_2=49.8333339 +x_0=150000.013 +y_0=5400088.438 +ellps=intl +units=m +vunits=m +no_defs +type=crs
EPSG,6201,NAD27 / Michigan Central,+proj=lcc +lat_0=43.3166666666667 +lon_0=-84.3333333333333 +lat_1=44.1833333333333 +lat_2=45.7 +x_0=609601.219202438 +y_0=0 +k_0=1.0000382 +datum=NAD27 +units=us-ft +no_defs +type=crs
EPSG,6202,NAD27 / Michigan South,+proj=lcc +lat_0=41.5 +lon_0=-84.3333333333333 +lat_1=42.1 +lat_2=43.6666666666667 +x_0=609601.219202438 +y_0=0 +k_0=1.0000382 +datum=NAD27 +units=us-ft +no_defs +type=crs
EPSG,6204,Macedonia State Coordinate System,+proj=tmerc +lat_0=0 +lon_0=21 +k=0.9999 +x_0=500000 +y_0=0 +ellps=bessel +units=m +no_defs +type=crs
EPSG,6207,Nepal 1981,+proj=longlat +ellps=evrst30 +no_defs +type=crs
EPSG,6210,SIRGAS 2000 / UTM zone 23N,+proj=utm +zone=23 +ellps=GRS80 +units=m +no_defs +type=crs
EPSG,6211,SIRGAS 2000 / UTM zone 24N,+proj=utm +zone=24 +ellps=GRS80 +units=m +no_defs +type=crs
EPSG,6244,MAGNA-SIRGAS / Arauca urban grid,+proj=col_urban +lat_0=7.08760639166667 +lon_0=-70.7583096555555 +x_0=1035263.443 +y_0=1275526.621 +h_0=100 +ellps=GRS80 +units=m +no_defs +type=crs
EPSG,6245,MAGNA-SIRGAS / Armenia urban grid,+proj=col_urban +lat_0=4.532325 +lon_0=-75.6734891666667 +x_0=1155824.666 +y_0=993087.465 +h_0=1470 +ellps=GRS80 +units=m +no_defs +type=crs
EPSG,6246,MAGNA-SIRGAS / Barranquilla urban grid,+proj=col_urban +lat_0=10.9231830833333 +lon_0=-74.8343313333333 +x_0=917264.406 +y_0=1699839.935 +h_0=100 +ellps=GRS80 +units=m +no_defs +type=crs
EPSG,6247,MAGNA-SIRGAS / Bogota urban grid,+proj=col_urban +lat_0=4.68048611111111 +lon_0=-74.1465916666667 +x_0=92334.879 +y_0=109320.965 +h_0=2550 +ellps=GRS80 +units=m +no_defs +type=crs
EPSG,6248,MAGNA-SIRGAS / Bucaramanga urban grid,+proj=col_urban +lat_0=7.07888714166667 +lon_0=-73.1973432222222 +x_0=1097241.305 +y_0=1274642.278 +h_0=931 +ellps=GRS80 +units=m +no_defs +type=crs
EPSG,6249,MAGNA-SIRGAS / Cali urban grid,+proj=col_urban +lat_0=3.44188333333333 +lon_0=-76.5205625 +x_0=1061900.18 +y_0=872364.63 +h_0=1000 +ellps=GRS80 +units=m +no_defs +type=crs
EPSG,6250,MAGNA-SIRGAS / Cartagena urban grid,+proj=col_urban +lat_0=10.3970475 +lon_0=-75.5112069444444 +x_0=842981.41 +y_0=1641887.09 +h_0=0 +ellps=GRS80 +units=m +no_defs +type=crs
EPSG,6251,MAGNA-SIRGAS / Cucuta urban grid,+proj=col_urban +lat_0=7.88893673611111 +lon_0=-72.50287095 +x_0=842805.406 +y_0=1364404.57 +h_0=308 +ellps=GRS80 +units=m +no_defs +type=crs
EPSG,6252,MAGNA-SIRGAS / Florencia urban grid,+proj=col_urban +lat_0=1.62101229444444 +lon_0=-75.6191176027778 +x_0=1162300.348 +y_0=671068.716 +h_0=300 +ellps=GRS80 +units=m +no_defs +type=crs
EPSG,6253,MAGNA-SIRGAS / Ibague urban grid,+proj=col_urban +lat_0=4.41941282777778 +lon_0=-75.1799259333333 +x_0=877634.33 +y_0=980541.348 +h_0=1100 +ellps=GRS80 +units=m +no_defs +type=crs
EPSG,6254,MAGNA-SIRGAS / Inirida urban grid,+proj=col_urban +lat_0=3.84543818333333 +lon_0=-67.9052320888889 +x_0=1019177.687 +y_0=491791.326 +h_0=96 +ellps=GRS80 +units=m +no_defs +type=crs
EPSG,6255,MAGNA-SIRGAS / Leticia urban grid,+proj=col_urban +lat_0=-4.19768404722222 +lon_0=-69.9428110583333 +x_0=25978.217 +y_0=27501.365 +h_0=89.7 +ellps=GRS80 +units=m +no_defs +type=crs
EPSG,6256,MAGNA-SIRGAS / Manizales urban grid,+proj=col_urban +lat_0=5.06815388888889 +lon_0=-75.5110947222222 +x_0=1173727.04 +y_0=1052391.13 +h_0=2100 +ellps=GRS80 +units=m +no_defs +type=crs
EPSG,6257,MAGNA-SIRGAS / Medellin urban grid,+proj=col_urban +lat_0=6.22920888888889 +lon_0=-75.5648869444444 +x_0=835378.647 +y_0=1180816.875 +h_0=1510 +ellps=GRS80 +units=m +no_defs +type=crs
EPSG,6258,MAGNA-SIRGAS / Mitu urban grid,+proj=col_urban +lat_0=1.24996936666667 +lon_0=-70.2354616555556 +x_0=1093717.398 +y_0=629997.236 +h_0=170 +ellps=GRS80 +units=m +no_defs +type=crs
EPSG,6259,MAGNA-SIRGAS / Mocoa urban grid,+proj=col_urban +lat_0=1.14002335833333 +lon_0=-76.6510212194444 +x_0=1047467.388 +y_0=617828.474 +h_0=655.2 +ellps=GRS80 +units=m +no_defs +type=crs
EPSG,6260,MAGNA-SIRGAS / Monteria urban grid,+proj=col_urban +lat_0=8.77308575555556 +lon_0=-75.8795533305556 +x_0=1131814.934 +y_0=1462131.119 +h_0=15 +ellps=GRS80 +units=m +no_defs +type=crs
EPSG,6261,MAGNA-SIRGAS / Neiva urban grid,+proj=col_urban +lat_0=2.94241505555556 +lon_0=-75.2964367222222 +x_0=864476.923 +y_0=817199.827 +h_0=430 +ellps=GRS80 +units=m +no_defs +type=crs
EPSG,6262,MAGNA-SIRGAS / Pasto urban grid,+proj=col_urban +lat_0=1.20098951388889 +lon_0=-77.2531256333333 +x_0=980469.695 +y_0=624555.332 +h_0=2530 +ellps=GRS80 +units=m +no_defs +type=crs
EPSG,6263,MAGNA-SIRGAS / Pereira urban grid,+proj=col_urban +lat_0=4.81359361111111 +lon_0=-75.6939513888889 +x_0=1153492.012 +y_0=1024195.255 +h_0=1500 +ellps=GRS80 +units=m +no_defs +type=crs
EPSG,6264,MAGNA-SIRGAS / Popayan urban grid,+proj=col_urban +lat_0=2.45615988333333 +lon_0=-76.6060916361111 +x_0=1052430.525 +y_0=763366.548 +h_0=1740 +ellps=GRS80 +units=m +no_defs +type=crs
EPSG,6265,MAGNA-SIRGAS / Puerto Carreno urban grid,+proj=col_urban +lat_0=6.18072141388889 +lon_0=-67.5007502472222 +x_0=1063834.703 +y_0=1175257.481 +h_0=51.58 +ellps=GRS80 +units=m +no_defs +type=crs
EPSG,6266,MAGNA-SIRGAS / Quibdo urban grid,+proj=col_urban +lat_0=5.69424766111111 +lon_0=-76.6507538583333 +x_0=1047273.617 +y_0=1121443.09 +h_0=44 +ellps=GRS80 +units=m +no_defs +type=crs
EPSG,6267,MAGNA-SIRGAS / Riohacha urban grid,+proj=col_urban +lat_0=11.5369133277778 +lon_0=-72.9027688694444 +x_0=1128154.73 +y_0=1767887.914 +h_0=6 +ellps=GRS80 +units=m +no_defs +type=crs
EPSG,6268,MAGNA-SIRGAS / San Andres urban grid,+proj=col_urban +lat_0=12.523794325 +lon_0=-81.72937595 +x_0=820439.298 +y_0=1877357.828 +h_0=6 +ellps=GRS80 +units=m +no_defs +type=crs
EPSG,6269,MAGNA-SIRGAS / San Jose del Guaviare urban grid,+proj=col_urban +lat_0=2.56407894166667 +lon_0=-72.640033325 +x_0=1159876.62 +y_0=775380.342 +h_0=185 +ellps=GRS80 +units=m +no_defs +type=crs
EPSG,6270,MAGNA-SIRGAS / Santa Marta urban grid,+proj=col_urban +lat_0=11.2196430555556 +lon_0=-74.2250052777778 +x_0=983892.409 +y_0=1732533.518 +h_0=29 +ellps=GRS80 +units=m +no_defs +type=crs
EPSG,6271,MAGNA-SIRGAS / Sucre urban grid,+proj=col_urban +lat_0=8.81055036666667 +lon_0=-74.722466825 +x_0=929043.607 +y_0=1466125.658 +h_0=20 +ellps=GRS80 +units=m +no_defs +type=crs
EPSG,6272,MAGNA-SIRGAS / Tunja urban grid,+proj=col_urban +lat_0=5.53419473888889 +lon_0=-73.3519389 +x_0=1080514.91 +y_0=1103772.028 +h_0=2800 +ellps=GRS80 +units=m +no_defs +type=crs
EPSG,6273,MAGNA-SIRGAS / Valledupar urban grid,+proj=col_urban +lat_0=10.4472611111111 +lon_0=-73.2465713888889 +x_0=1090979.66 +y_0=1647208.93 +h_0=200 +ellps=GRS80 +units=m +no_defs +type=crs
EPSG,6274,MAGNA-SIRGAS / Villavicencio urban grid,+proj=col_urban +lat_0=4.1553751 +lon_0=-73.6244859861111 +x_0=1050678.757 +y_0=950952.124 +h_0=427.19 +ellps=GRS80 +units=m +no_defs +type=crs
EPSG,6275,MAGNA-SIRGAS / Yopal urban grid,+proj=col_urban +lat_0=5.35392722222222 +lon_0=-72.4200402777778 +x_0=851184.177 +y_0=1083954.137 +h_0=300 +ellps=GRS80 +units=m +no_defs +type=crs
EPSG,6307,NAD83(CORS96) / Puerto Rico and Virgin Is.,+proj=lcc +lat_0=17.8333333333333 +lon_0=-66.4333333333333 +lat_1=18.4333333333333 +lat_2=18.0333333333333 +x_0=200000 +y_0=200000 +ellps=GRS80 +units=m +no_defs +type=crs
EPSG,6309,CGRS93,+proj=geocent +ellps=WGS84 +units=m +no_defs +type=crs
EPSG,6310,CGRS93,+proj=longlat +ellps=WGS84 +no_defs +type=crs
EPSG,6311,CGRS93,+proj=longlat +ellps=WGS84 +no_defs +type=crs
EPSG,6312,CGRS93 / Cyprus Local Transverse Mercator,+proj=tmerc +lat_0=0 +lon_0=33 +k=0.99995 +x_0=200000 +y_0=-3500000 +ellps=WGS84 +units=m +no_defs +type=crs
EPSG,6316,MGI 1901 / Balkans zone 7,+proj=tmerc +lat_0=0 +lon_0=21 +k=0.9999 +x_0=7500000 +y_0=0 +ellps=bessel +units=m +no_defs +type=crs
EPSG,6317,NAD83(2011),+proj=geocent +ellps=GRS80 +units=m +no_defs +type=crs
EPSG,6318,NAD83(2011),+proj=longlat +ellps=GRS80 +no_defs +type=crs
EPSG,6319,NAD83(2011),+proj=longlat +ellps=GRS80 +no_defs +type=crs
EPSG,6320,NAD83(PA11),+proj=geocent +ellps=GRS80 +units=m +no_defs +type=crs
EPSG,6321,NAD83(PA11),+proj=longlat +ellps=GRS80 +no_defs +type=crs
EPSG,6322,NAD83(PA11),+proj=longlat +ellps=GRS80 +no_defs +type=crs
EPSG,6323,NAD83(MA11),+proj=geocent +ellps=GRS80 +units=m +no_defs +type=crs
EPSG,6324,NAD83(MA11),+proj=longlat +ellps=GRS80 +no_defs +type=crs
EPSG,6325,NAD83(MA11),+proj=longlat +ellps=GRS80 +no_defs +type=crs
EPSG,6328,NAD83(2011) / UTM zone 59N,+proj=utm +zone=59 +ellps=GRS80 +units=m +no_defs +type=crs
EPSG,6329,NAD83(2011) / UTM zone 60N,+proj=utm +zone=60 +ellps=GRS80 +units=m +no_defs +type=crs
EPSG,6330,NAD83(2011) / UTM zone 1N,+proj=utm +zone=1 +ellps=GRS80 +units=m +no_defs +type=crs
EPSG,6331,NAD83(2011) / UTM zone 2N,+proj=utm +zone=2 +ellps=GRS80 +units=m +no_defs +type=crs
EPSG,6332,NAD83(2011) / UTM zone 3N,+proj=utm +zone=3 +ellps=GRS80 +units=m +no_defs +type=crs
EPSG,6333,NAD83(2011) / UTM zone 4N,+proj=utm +zone=4 +ellps=GRS80 +units=m +no_defs +type=crs
EPSG,6334,NAD83(2011) / UTM zone 5N,+proj=utm +zone=5 +ellps=GRS80 +units=m +no_defs +type=crs
EPSG,6335,NAD83(2011) / UTM zone 6N,+proj=utm +zone=6 +ellps=GRS80 +units=m +no_defs +type=crs
EPSG,6336,NAD83(2011) / UTM zone 7N,+proj=utm +zone=7 +ellps=GRS80 +units=m +no_defs +type=crs
EPSG,6337,NAD83(2011) / UTM zone 8N,+proj=utm +zone=8 +ellps=GRS80 +units=m +no_defs +type=crs
EPSG,6338,NAD83(2011) / UTM zone 9N,+proj=utm +zone=9 +ellps=GRS80 +units=m +no_defs +type=crs
EPSG,6339,NAD83(2011) / UTM zone 10N,+proj=utm +zone=10 +ellps=GRS80 +units=m +no_defs +type=crs
EPSG,6340,NAD83(2011) / UTM zone 11N,+proj=utm +zone=11 +ellps=GRS80 +units=m +no_defs +type=crs
EPSG,6341,NAD83(2011) / UTM zone 12N,+proj=utm +zone=12 +ellps=GRS80 +units=m +no_defs +type=crs
EPSG,6342,NAD83(2011) / UTM zone 13N,+proj=utm +zone=13 +ellps=GRS80 +units=m +no_defs +type=crs
EPSG,6343,NAD83(2011) / UTM zone 14N,+proj=utm +zone=14 +ellps=GRS80 +units=m +no_defs +type=crs
EPSG,6344,NAD83(2011) / UTM zone 15N,+proj=utm +zone=15 +ellps=GRS80 +units=m +no_defs +type=crs
EPSG,6345,NAD83(2011) / UTM zone 16N,+proj=utm +zone=16 +ellps=GRS80 +units=m +no_defs +type=crs
EPSG,6346,NAD83(2011) / UTM zone 17N,+proj=utm +zone=17 +ellps=GRS80 +units=m +no_defs +type=crs
EPSG,6347,NAD83(2011) / UTM zone 18N,+proj=utm +zone=18 +ellps=GRS80 +units=m +no_defs +type=crs
EPSG,6348,NAD83(2011) / UTM zone 19N,+proj=utm +zone=19 +ellps=GRS80 +units=m +no_defs +type=crs
EPSG,6349,NAD83(2011) + NAVD88 height,+proj=longlat +ellps=GRS80 +vunits=m +no_defs +type=crs
EPSG,6350,NAD83(2011) / Conus Albers,+proj=aea +lat_0=23 +lon_0=-96 +lat_1=29.5 +lat_2=45.5 +x_0=0 +y_0=0 +ellps=GRS80 +units=m +no_defs +type=crs
EPSG,6351,NAD83(2011) / EPSG Arctic zone 5-29,+proj=lcc +lat_0=72.0250091944445 +lon_0=-163 +lat_1=73.6666666666667 +lat_2=70.3333333333333 +x_0=29500000 +y_0=5500000 +ellps=GRS80 +units=m +no_defs +type=crs
EPSG,6352,NAD83(2011) / EPSG Arctic zone 5-31,+proj=lcc +lat_0=72.0250091944445 +lon_0=-147 +lat_1=73.6666666666667 +lat_2=70.3333333333333 +x_0=31500000 +y_0=5500000 +ellps=GRS80 +units=m +no_defs +type=crs
EPSG,6353,NAD83(2011) / EPSG Arctic zone 6-14,+proj=lcc +lat_0=68.6874755555556 +lon_0=-165 +lat_1=70.3333333333333 +lat_2=67 +x_0=14500000 +y_0=6500000 +ellps=GRS80 +units=m +no_defs +type=crs
EPSG,6354,NAD83(2011) / EPSG Arctic zone 6-16,+proj=lcc +lat_0=68.6874755555556 +lon_0=-147 +lat_1=70.3333333333333 +lat_2=67 +x_0=16500000 +y_0=6500000 +ellps=GRS80 +units=m +no_defs +type=crs
EPSG,6355,NAD83(2011) / Alabama East,+proj=tmerc +lat_0=30.5 +lon_0=-85.8333333333333 +k=0.99996 +x_0=200000 +y_0=0 +ellps=GRS80 +units=m +no_defs +type=crs
EPSG,6356,NAD83(2011) / Alabama West,+proj=tmerc +lat_0=30 +lon_0=-87.5 +k=0.999933333 +x_0=600000 +y_0=0 +ellps=GRS80 +units=m +no_defs +type=crs
EPSG,6357,NAVD88 depth,+vunits=m +no_defs +type=crs
EPSG,6358,NAVD88 depth (ftUS),+vunits=us-ft +no_defs +type=crs
EPSG,6359,NGVD29 depth (ftUS),+vunits=us-ft +no_defs +type=crs
EPSG,6360,NAVD88 height (ftUS),+vunits=us-ft +no_defs +type=crs
EPSG,6362,Mexico ITRF92 / LCC,+proj=lcc +lat_0=12 +lon_0=-102 +lat_1=17.5 +lat_2=29.5 +x_0=2500000 +y_0=0 +ellps=GRS80 +units=m +no_defs +type=crs
EPSG,6363,Mexico ITRF2008,+proj=geocent +ellps=GRS80 +units=m +no_defs +type=crs
EPSG,6364,Mexico ITRF2008,+proj=longlat +ellps=GRS80 +no_defs +type=crs
EPSG,6365,Mexico ITRF2008,+proj=longlat +ellps=GRS80 +no_defs +type=crs
EPSG,6366,Mexico ITRF2008 / UTM zone 11N,+proj=utm +zone=11 +ellps=GRS80 +units=m +no_defs +type=crs
EPSG,6367,Mexico ITRF2008 / UTM zone 12N,+proj=utm +zone=12 +ellps=GRS80 +units=m +no_defs +type=crs
EPSG,6368,Mexico ITRF2008 / UTM zone 13N,+proj=utm +zone=13 +ellps=GRS80 +units=m +no_defs +type=crs
EPSG,6369,Mexico ITRF2008 / UTM zone 14N,+proj=utm +zone=14 +ellps=GRS80 +units=m +no_defs +type=crs
EPSG,6370,Mexico ITRF2008 / UTM zone 15N,+proj=utm +zone=15 +ellps=GRS80 +units=m +no_defs +type=crs
EPSG,6371,Mexico ITRF2008 / UTM zone 16N,+proj=utm +zone=16 +ellps=GRS80 +units=m +no_defs +type=crs
EPSG,6372,Mexico ITRF2008 / LCC,+proj=lcc +lat_0=12 +lon_0=-102 +lat_1=17.5 +lat_2=29.5 +x_0=2500000 +y_0=0 +ellps=GRS80 +units=m +no_defs +type=crs
EPSG,6381,UCS-2000 / Ukraine TM zone 7,+proj=tmerc +lat_0=0 +lon_0=21 +k=1 +x_0=300000 +y_0=0 +ellps=krass +units=m +no_defs +type=crs
EPSG,6382,UCS-2000 / Ukraine TM zone 8,+proj=tmerc +lat_0=0 +lon_0=24 +k=1 +x_0=300000 +y_0=0 +ellps=krass +units=m +no_defs +type=crs
EPSG,6383,UCS-2000 / Ukraine TM zone 9,+proj=tmerc +lat_0=0 +lon_0=27 +k=1 +x_0=300000 +y_0=0 +ellps=krass +units=m +no_defs +type=crs
EPSG,6384,UCS-2000 / Ukraine TM zone 10,+proj=tmerc +lat_0=0 +lon_0=30 +k=1 +x_0=300000 +y_0=0 +ellps=krass +units=m +no_defs +type=crs
EPSG,6385,UCS-2000 / Ukraine TM zone 11,+proj=tmerc +lat_0=0 +lon_0=33 +k=1 +x_0=300000 +y_0=0 +ellps=krass +units=m +no_defs +type=crs
EPSG,6386,UCS-2000 / Ukraine TM zone 12,+proj=tmerc +lat_0=0 +lon_0=36 +k=1 +x_0=300000 +y_0=0 +ellps=krass +units=m +no_defs +type=crs
EPSG,6387,UCS-2000 / Ukraine TM zone 13,+proj=tmerc +lat_0=0 +lon_0=39 +k=1 +x_0=300000 +y_0=0 +ellps=krass +units=m +no_defs +type=crs
EPSG,6391,Cayman Islands National Grid 2011,+proj=lcc +lat_0=19.3333333333333 +lon_0=-80.5666666666667 +lat_1=19.3333333333333 +lat_2=19.7 +x_0=899160 +y_0=579120 +ellps=GRS80 +units=ft +no_defs +type=crs
EPSG,6393,NAD83(2011) / Alaska Albers,+proj=aea +lat_0=50 +lon_0=-154 +lat_1=55 +lat_2=65 +x_0=0 +y_0=0 +ellps=GRS80 +units=m +no_defs +type=crs
EPSG,6394,NAD83(2011) / Alaska zone 1,+proj=omerc +no_uoff +lat_0=57 +lonc=-133.666666666667 +alpha=323.130102361111 +gamma=323.130102361111 +k=0.9999 +x_0=5000000 +y_0=-5000000 +ellps=GRS80 +units=m +no_defs +type=crs
EPSG,6395,NAD83(2011) / Alaska zone 2,+proj=tmerc +lat_0=54 +lon_0=-142 +k=0.9999 +x_0=500000 +y_0=0 +ellps=GRS80 +units=m +no_defs +type=crs
EPSG,6396,NAD83(2011) / Alaska zone 3,+proj=tmerc +lat_0=54 +lon_0=-146 +k=0.9999 +x_0=500000 +y_0=0 +ellps=GRS80 +units=m +no_defs +type=crs
EPSG,6397,NAD83(2011) / Alaska zone 4,+proj=tmerc +lat_0=54 +lon_0=-150 +k=0.9999 +x_0=500000 +y_0=0 +ellps=GRS80 +units=m +no_defs +type=crs
EPSG,6398,NAD83(2011) / Alaska zone 5,+proj=tmerc +lat_0=54 +lon_0=-154 +k=0.9999 +x_0=500000 +y_0=0 +ellps=GRS80 +units=m +no_defs +type=crs
EPSG,6399,NAD83(2011) / Alaska zone 6,+proj=tmerc +lat_0=54 +lon_0=-158 +k=0.9999 +x_0=500000 +y_0=0 +ellps=GRS80 +units=m +no_defs +type=crs
EPSG,6400,NAD83(2011) / Alaska zone 7,+proj=tmerc +lat_0=54 +lon_0=-162 +k=0.9999 +x_0=500000 +y_0=0 +ellps=GRS80 +units=m +no_defs +type=crs
EPSG,6401,NAD83(2011) / Alaska zone 8,+proj=tmerc +lat_0=54 +lon_0=-166 +k=0.9999 +x_0=500000 +y_0=0 +ellps=GRS80 +units=m +no_defs +type=crs
EPSG,6402,NAD83(2011) / Alaska zone 9,+proj=tmerc +lat_0=54 +lon_0=-170 +k=0.9999 +x_0=500000 +y_0=0 +ellps=GRS80 +units=m +no_defs +type=crs
EPSG,6403,NAD83(2011) / Alaska zone 10,+proj=lcc +lat_0=51 +lon_0=-176 +lat_1=53.8333333333333 +lat_2=51.8333333333333 +x_0=1000000 +y_0=0 +ellps=GRS80 +units=m +no_defs +type=crs
EPSG,6404,NAD83(2011) / Arizona Central,+proj=tmerc +lat_0=31 +lon_0=-111.916666666667 +k=0.9999 +x_0=213360 +y_0=0 +ellps=GRS80 +units=m +no_defs +type=crs
EPSG,6405,NAD83(2011) / Arizona Central (ft),+proj=tmerc +lat_0=31 +lon_0=-111.916666666667 +k=0.9999 +x_0=213360 +y_0=0 +ellps=GRS80 +units=ft +no_defs +type=crs
EPSG,6406,NAD83(2011) / Arizona East,+proj=tmerc +lat_0=31 +lon_0=-110.166666666667 +k=0.9999 +x_0=213360 +y_0=0 +ellps=GRS80 +units=m +no_defs +type=crs
EPSG,6407,NAD83(2011) / Arizona East (ft),+proj=tmerc +lat_0=31 +lon_0=-110.166666666667 +k=0.9999 +x_0=213360 +y_0=0 +ellps=GRS80 +units=ft +no_defs +type=crs
EPSG,6408,NAD83(2011) / Arizona West,+proj=tmerc +lat_0=31 +lon_0=-113.75 +k=0.999933333 +x_0=213360 +y_0=0 +ellps=GRS80 +units=m +no_defs +type=crs
EPSG,6409,NAD83(2011) / Arizona West (ft),+proj=tmerc +lat_0=31 +lon_0=-113.75 +k=0.999933333 +x_0=213360 +y_0=0 +ellps=GRS80 +units=ft +no_defs +type=crs
EPSG,6410,NAD83(2011) / Arkansas North,+proj=lcc +lat_0=34.3333333333333 +lon_0=-92 +lat_1=36.2333333333333 +lat_2=34.9333333333333 +x_0=400000 +y_0=0 +ellps=GRS80 +units=m +no_defs +type=crs
EPSG,6411,NAD83(2011) / Arkansas North (ftUS),+proj=lcc +lat_0=34.3333333333333 +lon_0=-92 +lat_1=36.2333333333333 +lat_2=34.9333333333333 +x_0=399999.99998984 +y_0=0 +ellps=GRS80 +units=us-ft +no_defs +type=crs
EPSG,6412,NAD83(2011) / Arkansas South,+proj=lcc +lat_0=32.6666666666667 +lon_0=-92 +lat_1=34.7666666666667 +lat_2=33.3 +x_0=400000 +y_0=400000 +ellps=GRS80 +units=m +no_defs +type=crs
EPSG,6413,NAD83(2011) / Arkansas South (ftUS),+proj=lcc +lat_0=32.6666666666667 +lon_0=-92 +lat_1=34.7666666666667 +lat_2=33.3 +x_0=399999.99998984 +y_0=399999.99998984 +ellps=GRS80 +units=us-ft +no_defs +type=crs
EPSG,6414,NAD83(2011) / California Albers,+proj=aea +lat_0=0 +lon_0=-120 +lat_1=34 +lat_2=40.5 +x_0=0 +y_0=-4000000 +ellps=GRS80 +units=m +no_defs +type=crs
EPSG,6415,NAD83(2011) / California zone 1,+proj=lcc +lat_0=39.3333333333333 +lon_0=-122 +lat_1=41.6666666666667 +lat_2=40 +x_0=2000000 +y_0=500000 +ellps=GRS80 +units=m +no_defs +type=crs
EPSG,6416,NAD83(2011) / California zone 1 (ftUS),+proj=lcc +lat_0=39.3333333333333 +lon_0=-122 +lat_1=41.6666666666667 +lat_2=40 +x_0=2000000.0001016 +y_0=500000.0001016 +ellps=GRS80 +units=us-ft +no_defs +type=crs
EPSG,6417,NAD83(2011) / California zone 2,+proj=lcc +lat_0=37.6666666666667 +lon_0=-122 +lat_1=39.8333333333333 +lat_2=38.3333333333333 +x_0=2000000 +y_0=500000 +ellps=GRS80 +units=m +no_defs +type=crs
EPSG,6418,NAD83(2011) / California zone 2 (ftUS),+proj=lcc +lat_0=37.6666666666667 +lon_0=-122 +lat_1=39.8333333333333 +lat_2=38.3333333333333 +x_0=2000000.0001016 +y_0=500000.0001016 +ellps=GRS80 +units=us-ft +no_defs +type=crs
EPSG,6419,NAD83(2011) / California zone 3,+proj=lcc +lat_0=36.5 +lon_0=-120.5 +lat_1=38.4333333333333 +lat_2=37.0666666666667 +x_0=2000000 +y_0=500000 +ellps=GRS80 +units=m +no_defs +type=crs
EPSG,6420,NAD83(2011) / California zone 3 (ftUS),+proj=lcc +lat_0=36.5 +lon_0=-120.5 +lat_1=38.4333333333333 +lat_2=37.0666666666667 +x_0=2000000.0001016 +y_0=500000.0001016 +ellps=GRS80 +units=us-ft +no_defs +type=crs
EPSG,6421,NAD83(2011) / California zone 4,+proj=lcc +lat_0=35.3333333333333 +lon_0=-119 +lat_1=37.25 +lat_2=36 +x_0=2000000 +y_0=500000 +ellps=GRS80 +units=m +no_defs +type=crs
EPSG,6422,NAD83(2011) / California zone 4 (ftUS),+proj=lcc +lat_0=35.3333333333333 +lon_0=-119 +lat_1=37.25 +lat_2=36 +x_0=2000000.0001016 +y_0=500000.0001016 +ellps=GRS80 +units=us-ft +no_defs +type=crs
EPSG,6423,NAD83(2011) / California zone 5,+proj=lcc +lat_0=33.5 +lon_0=-118 +lat_1=35.4666666666667 +lat_2=34.0333333333333 +x_0=2000000 +y_0=500000 +ellps=GRS80 +units=m +no_defs +type=crs
EPSG,6424,NAD83(2011) / California zone 5 (ftUS),+proj=lcc +lat_0=33.5 +lon_0=-118 +lat_1=35.4666666666667 +lat_2=34.0333333333333 +x_0=2000000.0001016 +y_0=500000.0001016 +ellps=GRS80 +units=us-ft +no_defs +type=crs
EPSG,6425,NAD83(2011) / California zone 6,+proj=lcc +lat_0=32.1666666666667 +lon_0=-116.25 +lat_1=33.8833333333333 +lat_2=32.7833333333333 +x_0=2000000 +y_0=500000 +ellps=GRS80 +units=m +no_defs +type=crs
EPSG,6426,NAD83(2011) / California zone 6 (ftUS),+proj=lcc +lat_0=32.1666666666667 +lon_0=-116.25 +lat_1=33.8833333333333 +lat_2=32.7833333333333 +x_0=2000000.0001016 +y_0=500000.0001016 +ellps=GRS80 +units=us-ft +no_defs +type=crs
EPSG,6427,NAD83(2011) / Colorado Central,+proj=lcc +lat_0=37.8333333333333 +lon_0=-105.5 +lat_1=39.75 +lat_2=38.45 +x_0=914401.8289 +y_0=304800.6096 +ellps=GRS80 +units=m +no_defs +type=crs
EPSG,6428,NAD83(2011) / Colorado Central (ftUS),+proj=lcc +lat_0=37.8333333333333 +lon_0=-105.5 +lat_1=39.75 +lat_2=38.45 +x_0=914401.828803658 +y_0=304800.609601219 +ellps=GRS80 +units=us-ft +no_defs +type=crs
EPSG,6429,NAD83(2011) / Colorado North,+proj=lcc +lat_0=39.3333333333333 +lon_0=-105.5 +lat_1=40.7833333333333 +lat_2=39.7166666666667 +x_0=914401.8289 +y_0=304800.6096 +ellps=GRS80 +units=m +no_defs +type=crs
EPSG,6430,NAD83(2011) / Colorado North (ftUS),+proj=lcc +lat_0=39.3333333333333 +lon_0=-105.5 +lat_1=40.7833333333333 +lat_2=39.7166666666667 +x_0=914401.828803658 +y_0=304800.609601219 +ellps=GRS80 +units=us-ft +no_defs +type=crs
EPSG,6431,NAD83(2011) / Colorado South,+proj=lcc +lat_0=36.6666666666667 +lon_0=-105.5 +lat_1=38.4333333333333 +lat_2=37.2333333333333 +x_0=914401.8289 +y_0=304800.6096 +ellps=GRS80 +units=m +no_defs +type=crs
EPSG,6432,NAD83(2011) / Colorado South (ftUS),+proj=lcc +lat_0=36.6666666666667 +lon_0=-105.5 +lat_1=38.4333333333333 +lat_2=37.2333333333333 +x_0=914401.828803658 +y_0=304800.609601219 +ellps=GRS80 +units=us-ft +no_defs +type=crs
EPSG,6433,NAD83(2011) / Connecticut,+proj=lcc +lat_0=40.8333333333333 +lon_0=-72.75 +lat_1=41.8666666666667 +lat_2=41.2 +x_0=304800.6096 +y_0=152400.3048 +ellps=GRS80 +units=m +no_defs +type=crs
EPSG,6434,NAD83(2011) / Connecticut (ftUS),+proj=lcc +lat_0=40.8333333333333 +lon_0=-72.75 +lat_1=41.8666666666667 +lat_2=41.2 +x_0=304800.609601219 +y_0=152400.30480061 +ellps=GRS80 +units=us-ft +no_defs +type=crs
EPSG,6435,NAD83(2011) / Delaware,+proj=tmerc +lat_0=38 +lon_0=-75.4166666666667 +k=0.999995 +x_0=200000 +y_0=0 +ellps=GRS80 +units=m +no_defs +type=crs
EPSG,6436,NAD83(2011) / Delaware (ftUS),+proj=tmerc +lat_0=38 +lon_0=-75.4166666666667 +k=0.999995 +x_0=200000.0001016 +y_0=0 +ellps=GRS80 +units=us-ft +no_defs +type=crs
EPSG,6437,NAD83(2011) / Florida East,+proj=tmerc +lat_0=24.3333333333333 +lon_0=-81 +k=0.999941177 +x_0=200000 +y_0=0 +ellps=GRS80 +units=m +no_defs +type=crs
EPSG,6438,NAD83(2011) / Florida East (ftUS),+proj=tmerc +lat_0=24.3333333333333 +lon_0=-81 +k=0.999941177 +x_0=200000.0001016 +y_0=0 +ellps=GRS80 +units=us-ft +no_defs +type=crs
EPSG,6439,NAD83(2011) / Florida GDL Albers,+proj=aea +lat_0=24 +lon_0=-84 +lat_1=24 +lat_2=31.5 +x_0=400000 +y_0=0 +ellps=GRS80 +units=m +no_defs +type=crs
EPSG,6440,NAD83(2011) / Florida North,+proj=lcc +lat_0=29 +lon_0=-84.5 +lat_1=30.75 +lat_2=29.5833333333333 +x_0=600000 +y_0=0 +ellps=GRS80 +units=m +no_defs +type=crs
EPSG,6441,NAD83(2011) / Florida North (ftUS),+proj=lcc +lat_0=29 +lon_0=-84.5 +lat_1=30.75 +lat_2=29.5833333333333 +x_0=600000 +y_0=0 +ellps=GRS80 +units=us-ft +no_defs +type=crs
EPSG,6442,NAD83(2011) / Florida West,+proj=tmerc +lat_0=24.3333333333333 +lon_0=-82 +k=0.999941177 +x_0=200000 +y_0=0 +ellps=GRS80 +units=m +no_defs +type=crs
EPSG,6443,NAD83(2011) / Florida West (ftUS),+proj=tmerc +lat_0=24.3333333333333 +lon_0=-82 +k=0.999941177 +x_0=200000.0001016 +y_0=0 +ellps=GRS80 +units=us-ft +no_defs +type=crs
EPSG,6444,NAD83(2011) / Georgia East,+proj=tmerc +lat_0=30 +lon_0=-82.1666666666667 +k=0.9999 +x_0=200000 +y_0=0 +ellps=GRS80 +units=m +no_defs +type=crs
EPSG,6445,NAD83(2011) / Georgia East (ftUS),+proj=tmerc +lat_0=30 +lon_0=-82.1666666666667 +k=0.9999 +x_0=200000.0001016 +y_0=0 +ellps=GRS80 +units=us-ft +no_defs +type=crs
EPSG,6446,NAD83(2011) / Georgia West,+proj=tmerc +lat_0=30 +lon_0=-84.1666666666667 +k=0.9999 +x_0=700000 +y_0=0 +ellps=GRS80 +units=m +no_defs +type=crs
EPSG,6447,NAD83(2011) / Georgia West (ftUS),+proj=tmerc +lat_0=30 +lon_0=-84.1666666666667 +k=0.9999 +x_0=699999.9998984 +y_0=0 +ellps=GRS80 +units=us-ft +no_defs +type=crs
EPSG,6448,NAD83(2011) / Idaho Central,+proj=tmerc +lat_0=41.6666666666667 +lon_0=-114 +k=0.999947368 +x_0=500000 +y_0=0 +ellps=GRS80 +units=m +no_defs +type=crs
EPSG,6449,NAD83(2011) / Idaho Central (ftUS),+proj=tmerc +lat_0=41.6666666666667 +lon_0=-114 +k=0.999947368 +x_0=500000.0001016 +y_0=0 +ellps=GRS80 +units=us-ft +no_defs +type=crs
EPSG,6450,NAD83(2011) / Idaho East,+proj=tmerc +lat_0=41.6666666666667 +lon_0=-112.166666666667 +k=0.999947368 +x_0=200000 +y_0=0 +ellps=GRS80 +units=m +no_defs +type=crs
EPSG,6451,NAD83(2011) / Idaho East (ftUS),+proj=tmerc +lat_0=41.6666666666667 +lon_0=-112.166666666667 +k=0.999947368 +x_0=200000.0001016 +y_0=0 +ellps=GRS80 +units=us-ft +no_defs +type=crs
EPSG,6452,NAD83(2011) / Idaho West,+proj=tmerc +lat_0=41.6666666666667 +lon_0=-115.75 +k=0.999933333 +x_0=800000 +y_0=0 +ellps=GRS80 +units=m +no_defs +type=crs
EPSG,6453,NAD83(2011) / Idaho West (ftUS),+proj=tmerc +lat_0=41.6666666666667 +lon_0=-115.75 +k=0.999933333 +x_0=800000.0001016 +y_0=0 +ellps=GRS80 +units=us-ft +no_defs +type=crs
EPSG,6454,NAD83(2011) / Illinois East,+proj=tmerc +lat_0=36.6666666666667 +lon_0=-88.3333333333333 +k=0.999975 +x_0=300000 +y_0=0 +ellps=GRS80 +units=m +no_defs +type=crs
EPSG,6455,NAD83(2011) / Illinois East (ftUS),+proj=tmerc +lat_0=36.6666666666667 +lon_0=-88.3333333333333 +k=0.999975 +x_0=300000 +y_0=0 +ellps=GRS80 +units=us-ft +no_defs +type=crs
EPSG,6456,NAD83(2011) / Illinois West,+proj=tmerc +lat_0=36.6666666666667 +lon_0=-90.1666666666667 +k=0.999941177 +x_0=700000 +y_0=0 +ellps=GRS80 +units=m +no_defs +type=crs
EPSG,6457,NAD83(2011) / Illinois West (ftUS),+proj=tmerc +lat_0=36.6666666666667 +lon_0=-90.1666666666667 +k=0.999941177 +x_0=699999.99998984 +y_0=0 +ellps=GRS80 +units=us-ft +no_defs +type=crs
EPSG,6458,NAD83(2011) / Indiana East,+proj=tmerc +lat_0=37.5 +lon_0=-85.6666666666667 +k=0.999966667 +x_0=100000 +y_0=250000 +ellps=GRS80 +units=m +no_defs +type=crs
EPSG,6459,NAD83(2011) / Indiana East (ftUS),+proj=tmerc +lat_0=37.5 +lon_0=-85.6666666666667 +k=0.999966667 +x_0=99999.9998983998 +y_0=249999.9998984 +ellps=GRS80 +units=us-ft +no_defs +type=crs
EPSG,6460,NAD83(2011) / Indiana West,+proj=tmerc +lat_0=37.5 +lon_0=-87.0833333333333 +k=0.999966667 +x_0=900000 +y_0=250000 +ellps=GRS80 +units=m +no_defs +type=crs
EPSG,6461,NAD83(2011) / Indiana West (ftUS),+proj=tmerc +lat_0=37.5 +lon_0=-87.0833333333333 +k=0.999966667 +x_0=900000 +y_0=249999.9998984 +ellps=GRS80 +units=us-ft +no_defs +type=crs
EPSG,6462,NAD83(2011) / Iowa North,+proj=lcc +lat_0=41.5 +lon_0=-93.5 +lat_1=43.2666666666667 +lat_2=42.0666666666667 +x_0=1500000 +y_0=1000000 +ellps=GRS80 +units=m +no_defs +type=crs
EPSG,6463,NAD83(2011) / Iowa North (ftUS),+proj=lcc +lat_0=41.5 +lon_0=-93.5 +lat_1=43.2666666666667 +lat_2=42.0666666666667 +x_0=1500000 +y_0=999999.99998984 +ellps=GRS80 +units=us-ft +no_defs +type=crs
EPSG,6464,NAD83(2011) / Iowa South,+proj=lcc +lat_0=40 +lon_0=-93.5 +lat_1=41.7833333333333 +lat_2=40.6166666666667 +x_0=500000 +y_0=0 +ellps=GRS80 +units=m +no_defs +type=crs
EPSG,6465,NAD83(2011) / Iowa South (ftUS),+proj=lcc +lat_0=40 +lon_0=-93.5 +lat_1=41.7833333333333 +lat_2=40.6166666666667 +x_0=500000.00001016 +y_0=0 +ellps=GRS80 +units=us-ft +no_defs +type=crs
EPSG,6466,NAD83(2011) / Kansas North,+proj=lcc +lat_0=38.3333333333333 +lon_0=-98 +lat_1=39.7833333333333 +lat_2=38.7166666666667 +x_0=400000 +y_0=0 +ellps=GRS80 +units=m +no_defs +type=crs
EPSG,6467,NAD83(2011) / Kansas North (ftUS),+proj=lcc +lat_0=38.3333333333333 +lon_0=-98 +lat_1=39.7833333333333 +lat_2=38.7166666666667 +x_0=399999.99998984 +y_0=0 +ellps=GRS80 +units=us-ft +no_defs +type=crs
EPSG,6468,NAD83(2011) / Kansas South,+proj=lcc +lat_0=36.6666666666667 +lon_0=-98.5 +lat_1=38.5666666666667 +lat_2=37.2666666666667 +x_0=400000 +y_0=400000 +ellps=GRS80 +units=m +no_defs +type=crs
EPSG,6469,NAD83(2011) / Kansas South (ftUS),+proj=lcc +lat_0=36.6666666666667 +lon_0=-98.5 +lat_1=38.5666666666667 +lat_2=37.2666666666667 +x_0=399999.99998984 +y_0=399999.99998984 +ellps=GRS80 +units=us-ft +no_defs +type=crs
EPSG,6470,NAD83(2011) / Kentucky North,+proj=lcc +lat_0=37.5 +lon_0=-84.25 +lat_1=37.9666666666667 +lat_2=38.9666666666667 +x_0=500000 +y_0=0 +ellps=GRS80 +units=m +no_defs +type=crs
EPSG,6471,NAD83(2011) / Kentucky North (ftUS),+proj=lcc +lat_0=37.5 +lon_0=-84.25 +lat_1=37.9666666666667 +lat_2=38.9666666666667 +x_0=500000.0001016 +y_0=0 +ellps=GRS80 +units=us-ft +no_defs +type=crs
EPSG,6472,NAD83(2011) / Kentucky Single Zone,+proj=lcc +lat_0=36.3333333333333 +lon_0=-85.75 +lat_1=37.0833333333333 +lat_2=38.6666666666667 +x_0=1500000 +y_0=1000000 +ellps=GRS80 +units=m +no_defs +type=crs
EPSG,6473,NAD83(2011) / Kentucky Single Zone (ftUS),+proj=lcc +lat_0=36.3333333333333 +lon_0=-85.75 +lat_1=37.0833333333333 +lat_2=38.6666666666667 +x_0=1500000 +y_0=999999.9998984 +ellps=GRS80 +units=us-ft +no_defs +type=crs
EPSG,6474,NAD83(2011) / Kentucky South,+proj=lcc +lat_0=36.3333333333333 +lon_0=-85.75 +lat_1=37.9333333333333 +lat_2=36.7333333333333 +x_0=500000 +y_0=500000 +ellps=GRS80 +units=m +no_defs +type=crs
EPSG,6475,NAD83(2011) / Kentucky South (ftUS),+proj=lcc +lat_0=36.3333333333333 +lon_0=-85.75 +lat_1=37.9333333333333 +lat_2=36.7333333333333 +x_0=500000.0001016 +y_0=500000.0001016 +ellps=GRS80 +units=us-ft +no_defs +type=crs
EPSG,6476,NAD83(2011) / Louisiana North,+proj=lcc +lat_0=30.5 +lon_0=-92.5 +lat_1=32.6666666666667 +lat_2=31.1666666666667 +x_0=1000000 +y_0=0 +ellps=GRS80 +units=m +no_defs +type=crs
EPSG,6477,NAD83(2011) / Louisiana North (ftUS),+proj=lcc +lat_0=30.5 +lon_0=-92.5 +lat_1=32.6666666666667 +lat_2=31.1666666666667 +x_0=999999.99998984 +y_0=0 +ellps=GRS80 +units=us-ft +no_defs +type=crs
EPSG,6478,NAD83(2011) / Louisiana South,+proj=lcc +lat_0=28.5 +lon_0=-91.3333333333333 +lat_1=30.7 +lat_2=29.3 +x_0=1000000 +y_0=0 +ellps=GRS80 +units=m +no_defs +type=crs
EPSG,6479,NAD83(2011) / Louisiana South (ftUS),+proj=lcc +lat_0=28.5 +lon_0=-91.3333333333333 +lat_1=30.7 +lat_2=29.3 +x_0=999999.99998984 +y_0=0 +ellps=GRS80 +units=us-ft +no_defs +type=crs
EPSG,6480,NAD83(2011) / Maine CS2000 Central,+proj=tmerc +lat_0=43.5 +lon_0=-69.125 +k=0.99998 +x_0=500000 +y_0=0 +ellps=GRS80 +units=m +no_defs +type=crs
EPSG,6481,NAD83(2011) / Maine CS2000 East,+proj=tmerc +lat_0=43.8333333333333 +lon_0=-67.875 +k=0.99998 +x_0=700000 +y_0=0 +ellps=GRS80 +units=m +no_defs +type=crs
EPSG,6482,NAD83(2011) / Maine CS2000 West,+proj=tmerc +lat_0=42.8333333333333 +lon_0=-70.375 +k=0.99998 +x_0=300000 +y_0=0 +ellps=GRS80 +units=m +no_defs +type=crs
EPSG,6483,NAD83(2011) / Maine East,+proj=tmerc +lat_0=43.6666666666667 +lon_0=-68.5 +k=0.9999 +x_0=300000 +y_0=0 +ellps=GRS80 +units=m +no_defs +type=crs
EPSG,6484,NAD83(2011) / Maine East (ftUS),+proj=tmerc +lat_0=43.6666666666667 +lon_0=-68.5 +k=0.9999 +x_0=300000 +y_0=0 +ellps=GRS80 +units=us-ft +no_defs +type=crs
EPSG,6485,NAD83(2011) / Maine West,+proj=tmerc +lat_0=42.8333333333333 +lon_0=-70.1666666666667 +k=0.999966667 +x_0=900000 +y_0=0 +ellps=GRS80 +units=m +no_defs +type=crs
EPSG,6486,NAD83(2011) / Maine West (ftUS),+proj=tmerc +lat_0=42.8333333333333 +lon_0=-70.1666666666667 +k=0.999966667 +x_0=900000 +y_0=0 +ellps=GRS80 +units=us-ft +no_defs +type=crs
EPSG,6487,NAD83(2011) / Maryland,+proj=lcc +lat_0=37.6666666666667 +lon_0=-77 +lat_1=39.45 +lat_2=38.3 +x_0=400000 +y_0=0 +ellps=GRS80 +units=m +no_defs +type=crs
EPSG,6488,NAD83(2011) / Maryland (ftUS),+proj=lcc +lat_0=37.6666666666667 +lon_0=-77 +lat_1=39.45 +lat_2=38.3 +x_0=399999.9998984 +y_0=0 +ellps=GRS80 +units=us-ft +no_defs +type=crs
EPSG,6489,NAD83(2011) / Massachusetts Island,+proj=lcc +lat_0=41 +lon_0=-70.5 +lat_1=41.4833333333333 +lat_2=41.2833333333333 +x_0=500000 +y_0=0 +ellps=GRS80 +units=m +no_defs +type=crs
EPSG,6490,NAD83(2011) / Massachusetts Island (ftUS),+proj=lcc +lat_0=41 +lon_0=-70.5 +lat_1=41.4833333333333 +lat_2=41.2833333333333 +x_0=500000.0001016 +y_0=0 +ellps=GRS80 +units=us-ft +no_defs +type=crs
EPSG,6491,NAD83(2011) / Massachusetts Mainland,+proj=lcc +lat_0=41 +lon_0=-71.5 +lat_1=42.6833333333333 +lat_2=41.7166666666667 +x_0=200000 +y_0=750000 +ellps=GRS80 +units=m +no_defs +type=crs
EPSG,6492,NAD83(2011) / Massachusetts Mainland (ftUS),+proj=lcc +lat_0=41 +lon_0=-71.5 +lat_1=42.6833333333333 +lat_2=41.7166666666667 +x_0=200000.0001016 +y_0=750000 +ellps=GRS80 +units=us-ft +no_defs +type=crs
EPSG,6493,NAD83(2011) / Michigan Central,+proj=lcc +lat_0=43.3166666666667 +lon_0=-84.3666666666667 +lat_1=45.7 +lat_2=44.1833333333333 +x_0=6000000 +y_0=0 +ellps=GRS80 +units=m +no_defs +type=crs
EPSG,6494,NAD83(2011) / Michigan Central (ft),+proj=lcc +lat_0=43.3166666666667 +lon_0=-84.3666666666667 +lat_1=45.7 +lat_2=44.1833333333333 +x_0=5999999.999976 +y_0=0 +ellps=GRS80 +units=ft +no_defs +type=crs
EPSG,6495,NAD83(2011) / Michigan North,+proj=lcc +lat_0=44.7833333333333 +lon_0=-87 +lat_1=47.0833333333333 +lat_2=45.4833333333333 +x_0=8000000 +y_0=0 +ellps=GRS80 +units=m +no_defs +type=crs
EPSG,6496,NAD83(2011) / Michigan North (ft),+proj=lcc +lat_0=44.7833333333333 +lon_0=-87 +lat_1=47.0833333333333 +lat_2=45.4833333333333 +x_0=7999999.999968 +y_0=0 +ellps=GRS80 +units=ft +no_defs +type=crs
EPSG,6497,NAD83(2011) / Michigan Oblique Mercator,+proj=omerc +no_uoff +lat_0=45.3091666666667 +lonc=-86 +alpha=337.25556 +gamma=337.25556 +k=0.9996 +x_0=2546731.496 +y_0=-4354009.816 +ellps=GRS80 +units=m +no_defs +type=crs
EPSG,6498,NAD83(2011) / Michigan South,+proj=lcc +lat_0=41.5 +lon_0=-84.3666666666667 +lat_1=43.6666666666667 +lat_2=42.1 +x_0=4000000 +y_0=0 +ellps=GRS80 +units=m +no_defs +type=crs
EPSG,6499,NAD83(2011) / Michigan South (ft),+proj=lcc +lat_0=41.5 +lon_0=-84.3666666666667 +lat_1=43.6666666666667 +lat_2=42.1 +x_0=3999999.999984 +y_0=0 +ellps=GRS80 +units=ft +no_defs +type=crs
EPSG,6500,NAD83(2011) / Minnesota Central,+proj=lcc +lat_0=45 +lon_0=-94.25 +lat_1=47.05 +lat_2=45.6166666666667 +x_0=800000 +y_0=100000 +ellps=GRS80 +units=m +no_defs +type=crs
EPSG,6501,NAD83(2011) / Minnesota Central (ftUS),+proj=lcc +lat_0=45 +lon_0=-94.25 +lat_1=47.05 +lat_2=45.6166666666667 +x_0=800000.00001016 +y_0=99999.99998984 +ellps=GRS80 +units=us-ft +no_defs +type=crs
EPSG,6502,NAD83(2011) / Minnesota North,+proj=lcc +lat_0=46.5 +lon_0=-93.1 +lat_1=48.6333333333333 +lat_2=47.0333333333333 +x_0=800000 +y_0=100000 +ellps=GRS80 +units=m +no_defs +type=crs
EPSG,6503,NAD83(2011) / Minnesota North (ftUS),+proj=lcc +lat_0=46.5 +lon_0=-93.1 +lat_1=48.6333333333333 +lat_2=47.0333333333333 +x_0=800000.00001016 +y_0=99999.99998984 +ellps=GRS80 +units=us-ft +no_defs +type=crs
EPSG,6504,NAD83(2011) / Minnesota South,+proj=lcc +lat_0=43 +lon_0=-94 +lat_1=45.2166666666667 +lat_2=43.7833333333333 +x_0=800000 +y_0=100000 +ellps=GRS80 +units=m +no_defs +type=crs
EPSG,6505,NAD83(2011) / Minnesota South (ftUS),+proj=lcc +lat_0=43 +lon_0=-94 +lat_1=45.2166666666667 +lat_2=43.7833333333333 +x_0=800000.00001016 +y_0=99999.99998984 +ellps=GRS80 +units=us-ft +no_defs +type=crs
EPSG,6506,NAD83(2011) / Mississippi East,+proj=tmerc +lat_0=29.5 +lon_0=-88.8333333333333 +k=0.99995 +x_0=300000 +y_0=0 +ellps=GRS80 +units=m +no_defs +type=crs
EPSG,6507,NAD83(2011) / Mississippi East (ftUS),+proj=tmerc +lat_0=29.5 +lon_0=-88.8333333333333 +k=0.99995 +x_0=300000 +y_0=0 +ellps=GRS80 +units=us-ft +no_defs +type=crs
EPSG,6508,NAD83(2011) / Mississippi TM,+proj=tmerc +lat_0=32.5 +lon_0=-89.75 +k=0.9998335 +x_0=500000 +y_0=1300000 +ellps=GRS80 +units=m +no_defs +type=crs
EPSG,6509,NAD83(2011) / Mississippi West,+proj=tmerc +lat_0=29.5 +lon_0=-90.3333333333333 +k=0.99995 +x_0=700000 +y_0=0 +ellps=GRS80 +units=m +no_defs +type=crs
EPSG,6510,NAD83(2011) / Mississippi West (ftUS),+proj=tmerc +lat_0=29.5 +lon_0=-90.3333333333333 +k=0.99995 +x_0=699999.9998984 +y_0=0 +ellps=GRS80 +units=us-ft +no_defs +type=crs
EPSG,6511,NAD83(2011) / Missouri Central,+proj=tmerc +lat_0=35.8333333333333 +lon_0=-92.5 +k=0.999933333 +x_0=500000 +y_0=0 +ellps=GRS80 +units=m +no_defs +type=crs
EPSG,6512,NAD83(2011) / Missouri East,+proj=tmerc +lat_0=35.8333333333333 +lon_0=-90.5 +k=0.999933333 +x_0=250000 +y_0=0 +ellps=GRS80 +units=m +no_defs +type=crs
EPSG,6513,NAD83(2011) / Missouri West,+proj=tmerc +lat_0=36.1666666666667 +lon_0=-94.5 +k=0.999941177 +x_0=850000 +y_0=0 +ellps=GRS80 +units=m +no_defs +type=crs
EPSG,6514,NAD83(2011) / Montana,+proj=lcc +lat_0=44.25 +lon_0=-109.5 +lat_1=49 +lat_2=45 +x_0=600000 +y_0=0 +ellps=GRS80 +units=m +no_defs +type=crs
EPSG,6515,NAD83(2011) / Montana (ft),+proj=lcc +lat_0=44.25 +lon_0=-109.5 +lat_1=49 +lat_2=45 +x_0=599999.9999976 +y_0=0 +ellps=GRS80 +units=ft +no_defs +type=crs
EPSG,6516,NAD83(2011) / Nebraska,+proj=lcc +lat_0=39.8333333333333 +lon_0=-100 +lat_1=43 +lat_2=40 +x_0=500000 +y_0=0 +ellps=GRS80 +units=m +no_defs +type=crs
EPSG,6518,NAD83(2011) / Nevada Central,+proj=tmerc +lat_0=34.75 +lon_0=-116.666666666667 +k=0.9999 +x_0=500000 +y_0=6000000 +ellps=GRS80 +units=m +no_defs +type=crs
EPSG,6519,NAD83(2011) / Nevada Central (ftUS),+proj=tmerc +lat_0=34.75 +lon_0=-116.666666666667 +k=0.9999 +x_0=500000.00001016 +y_0=6000000 +ellps=GRS80 +units=us-ft +no_defs +type=crs
EPSG,6520,NAD83(2011) / Nevada East,+proj=tmerc +lat_0=34.75 +lon_0=-115.583333333333 +k=0.9999 +x_0=200000 +y_0=8000000 +ellps=GRS80 +units=m +no_defs +type=crs
EPSG,6521,NAD83(2011) / Nevada East (ftUS),+proj=tmerc +lat_0=34.75 +lon_0=-115.583333333333 +k=0.9999 +x_0=200000.00001016 +y_0=8000000.00001016 +ellps=GRS80 +units=us-ft +no_defs +type=crs
EPSG,6522,NAD83(2011) / Nevada West,+proj=tmerc +lat_0=34.75 +lon_0=-118.583333333333 +k=0.9999 +x_0=800000 +y_0=4000000 +ellps=GRS80 +units=m +no_defs +type=crs
EPSG,6523,NAD83(2011) / Nevada West (ftUS),+proj=tmerc +lat_0=34.75 +lon_0=-118.583333333333 +k=0.9999 +x_0=800000.00001016 +y_0=3999999.99998984 +ellps=GRS80 +units=us-ft +no_defs +type=crs
EPSG,6524,NAD83(2011) / New Hampshire,+proj=tmerc +lat_0=42.5 +lon_0=-71.6666666666667 +k=0.999966667 +x_0=300000 +y_0=0 +ellps=GRS80 +units=m +no_defs +type=crs
EPSG,6525,NAD83(2011) / New Hampshire (ftUS),+proj=tmerc +lat_0=42.5 +lon_0=-71.6666666666667 +k=0.999966667 +x_0=300000 +y_0=0 +ellps=GRS80 +units=us-ft +no_defs +type=crs
EPSG,6526,NAD83(2011) / New Jersey,+proj=tmerc +lat_0=38.8333333333333 +lon_0=-74.5 +k=0.9999 +x_0=150000 +y_0=0 +ellps=GRS80 +units=m +no_defs +type=crs
EPSG,6527,NAD83(2011) / New Jersey (ftUS),+proj=tmerc +lat_0=38.8333333333333 +lon_0=-74.5 +k=0.9999 +x_0=150000 +y_0=0 +ellps=GRS80 +units=us-ft +no_defs +type=crs
EPSG,6528,NAD83(2011) / New Mexico Central,+proj=tmerc +lat_0=31 +lon_0=-106.25 +k=0.9999 +x_0=500000 +y_0=0 +ellps=GRS80 +units=m +no_defs +type=crs
EPSG,6529,NAD83(2011) / New Mexico Central (ftUS),+proj=tmerc +lat_0=31 +lon_0=-106.25 +k=0.9999 +x_0=500000.0001016 +y_0=0 +ellps=GRS80 +units=us-ft +no_defs +type=crs
EPSG,6530,NAD83(2011) / New Mexico East,+proj=tmerc +lat_0=31 +lon_0=-104.333333333333 +k=0.999909091 +x_0=165000 +y_0=0 +ellps=GRS80 +units=m +no_defs +type=crs
EPSG,6531,NAD83(2011) / New Mexico East (ftUS),+proj=tmerc +lat_0=31 +lon_0=-104.333333333333 +k=0.999909091 +x_0=165000 +y_0=0 +ellps=GRS80 +units=us-ft +no_defs +type=crs
EPSG,6532,NAD83(2011) / New Mexico West,+proj=tmerc +lat_0=31 +lon_0=-107.833333333333 +k=0.999916667 +x_0=830000 +y_0=0 +ellps=GRS80 +units=m +no_defs +type=crs
EPSG,6533,NAD83(2011) / New Mexico West (ftUS),+proj=tmerc +lat_0=31 +lon_0=-107.833333333333 +k=0.999916667 +x_0=830000.0001016 +y_0=0 +ellps=GRS80 +units=us-ft +no_defs +type=crs
EPSG,6534,NAD83(2011) / New York Central,+proj=tmerc +lat_0=40 +lon_0=-76.5833333333333 +k=0.9999375 +x_0=250000 +y_0=0 +ellps=GRS80 +units=m +no_defs +type=crs
EPSG,6535,NAD83(2011) / New York Central (ftUS),+proj=tmerc +lat_0=40 +lon_0=-76.5833333333333 +k=0.9999375 +x_0=249999.9998984 +y_0=0 +ellps=GRS80 +units=us-ft +no_defs +type=crs
EPSG,6536,NAD83(2011) / New York East,+proj=tmerc +lat_0=38.8333333333333 +lon_0=-74.5 +k=0.9999 +x_0=150000 +y_0=0 +ellps=GRS80 +units=m +no_defs +type=crs
EPSG,6537,NAD83(2011) / New York East (ftUS),+proj=tmerc +lat_0=38.8333333333333 +lon_0=-74.5 +k=0.9999 +x_0=150000 +y_0=0 +ellps=GRS80 +units=us-ft +no_defs +type=crs
EPSG,6538,NAD83(2011) / New York Long Island,+proj=lcc +lat_0=40.1666666666667 +lon_0=-74 +lat_1=41.0333333333333 +lat_2=40.6666666666667 +x_0=300000 +y_0=0 +ellps=GRS80 +units=m +no_defs +type=crs
EPSG,6539,NAD83(2011) / New York Long Island (ftUS),+proj=lcc +lat_0=40.1666666666667 +lon_0=-74 +lat_1=41.0333333333333 +lat_2=40.6666666666667 +x_0=300000 +y_0=0 +ellps=GRS80 +units=us-ft +no_defs +type=crs
EPSG,6540,NAD83(2011) / New York West,+proj=tmerc +lat_0=40 +lon_0=-78.5833333333333 +k=0.9999375 +x_0=350000 +y_0=0 +ellps=GRS80 +units=m +no_defs +type=crs
EPSG,6541,NAD83(2011) / New York West (ftUS),+proj=tmerc +lat_0=40 +lon_0=-78.5833333333333 +k=0.9999375 +x_0=350000.0001016 +y_0=0 +ellps=GRS80 +units=us-ft +no_defs +type=crs
EPSG,6542,NAD83(2011) / North Carolina,+proj=lcc +lat_0=33.75 +lon_0=-79 +lat_1=36.1666666666667 +lat_2=34.3333333333333 +x_0=609601.22 +y_0=0 +ellps=GRS80 +units=m +no_defs +type=crs
EPSG,6543,NAD83(2011) / North Carolina (ftUS),+proj=lcc +lat_0=33.75 +lon_0=-79 +lat_1=36.1666666666667 +lat_2=34.3333333333333 +x_0=609601.219202438 +y_0=0 +ellps=GRS80 +units=us-ft +no_defs +type=crs
EPSG,6544,NAD83(2011) / North Dakota North,+proj=lcc +lat_0=47 +lon_0=-100.5 +lat_1=48.7333333333333 +lat_2=47.4333333333333 +x_0=600000 +y_0=0 +ellps=GRS80 +units=m +no_defs +type=crs
EPSG,6545,NAD83(2011) / North Dakota North (ft),+proj=lcc +lat_0=47 +lon_0=-100.5 +lat_1=48.7333333333333 +lat_2=47.4333333333333 +x_0=599999.9999976 +y_0=0 +ellps=GRS80 +units=ft +no_defs +type=crs
EPSG,6546,NAD83(2011) / North Dakota South,+proj=lcc +lat_0=45.6666666666667 +lon_0=-100.5 +lat_1=47.4833333333333 +lat_2=46.1833333333333 +x_0=600000 +y_0=0 +ellps=GRS80 +units=m +no_defs +type=crs
EPSG,6547,NAD83(2011) / North Dakota South (ft),+proj=lcc +lat_0=45.6666666666667 +lon_0=-100.5 +lat_1=47.4833333333333 +lat_2=46.1833333333333 +x_0=599999.9999976 +y_0=0 +ellps=GRS80 +units=ft +no_defs +type=crs
EPSG,6548,NAD83(2011) / Ohio North,+proj=lcc +lat_0=39.6666666666667 +lon_0=-82.5 +lat_1=41.7 +lat_2=40.4333333333333 +x_0=600000 +y_0=0 +ellps=GRS80 +units=m +no_defs +type=crs
EPSG,6549,NAD83(2011) / Ohio North (ftUS),+proj=lcc +lat_0=39.6666666666667 +lon_0=-82.5 +lat_1=41.7 +lat_2=40.4333333333333 +x_0=600000 +y_0=0 +ellps=GRS80 +units=us-ft +no_defs +type=crs
EPSG,6550,NAD83(2011) / Ohio South,+proj=lcc +lat_0=38 +lon_0=-82.5 +lat_1=40.0333333333333 +lat_2=38.7333333333333 +x_0=600000 +y_0=0 +ellps=GRS80 +units=m +no_defs +type=crs
EPSG,6551,NAD83(2011) / Ohio South (ftUS),+proj=lcc +lat_0=38 +lon_0=-82.5 +lat_1=40.0333333333333 +lat_2=38.7333333333333 +x_0=600000 +y_0=0 +ellps=GRS80 +units=us-ft +no_defs +type=crs
EPSG,6552,NAD83(2011) / Oklahoma North,+proj=lcc +lat_0=35 +lon_0=-98 +lat_1=36.7666666666667 +lat_2=35.5666666666667 +x_0=600000 +y_0=0 +ellps=GRS80 +units=m +no_defs +type=crs
EPSG,6553,NAD83(2011) / Oklahoma North (ftUS),+proj=lcc +lat_0=35 +lon_0=-98 +lat_1=36.7666666666667 +lat_2=35.5666666666667 +x_0=600000 +y_0=0 +ellps=GRS80 +units=us-ft +no_defs +type=crs
EPSG,6554,NAD83(2011) / Oklahoma South,+proj=lcc +lat_0=33.3333333333333 +lon_0=-98 +lat_1=35.2333333333333 +lat_2=33.9333333333333 +x_0=600000 +y_0=0 +ellps=GRS80 +units=m +no_defs +type=crs
EPSG,6555,NAD83(2011) / Oklahoma South (ftUS),+proj=lcc +lat_0=33.3333333333333 +lon_0=-98 +lat_1=35.2333333333333 +lat_2=33.9333333333333 +x_0=600000 +y_0=0 +ellps=GRS80 +units=us-ft +no_defs +type=crs
EPSG,6556,NAD83(2011) / Oregon LCC (m),+proj=lcc +lat_0=41.75 +lon_0=-120.5 +lat_1=43 +lat_2=45.5 +x_0=400000 +y_0=0 +ellps=GRS80 +units=m +no_defs +type=crs
EPSG,6557,NAD83(2011) / Oregon GIC Lambert (ft),+proj=lcc +lat_0=41.75 +lon_0=-120.5 +lat_1=43 +lat_2=45.5 +x_0=399999.9999984 +y_0=0 +ellps=GRS80 +units=ft +no_defs +type=crs
EPSG,6558,NAD83(2011) / Oregon North,+proj=lcc +lat_0=43.6666666666667 +lon_0=-120.5 +lat_1=46 +lat_2=44.3333333333333 +x_0=2500000 +y_0=0 +ellps=GRS80 +units=m +no_defs +type=crs
EPSG,6559,NAD83(2011) / Oregon North (ft),+proj=lcc +lat_0=43.6666666666667 +lon_0=-120.5 +lat_1=46 +lat_2=44.3333333333333 +x_0=2500000.0001424 +y_0=0 +ellps=GRS80 +units=ft +no_defs +type=crs
EPSG,6560,NAD83(2011) / Oregon South,+proj=lcc +lat_0=41.6666666666667 +lon_0=-120.5 +lat_1=44 +lat_2=42.3333333333333 +x_0=1500000 +y_0=0 +ellps=GRS80 +units=m +no_defs +type=crs
EPSG,6561,NAD83(2011) / Oregon South (ft),+proj=lcc +lat_0=41.6666666666667 +lon_0=-120.5 +lat_1=44 +lat_2=42.3333333333333 +x_0=1500000.0001464 +y_0=0 +ellps=GRS80 +units=ft +no_defs +type=crs
EPSG,6562,NAD83(2011) / Pennsylvania North,+proj=lcc +lat_0=40.1666666666667 +lon_0=-77.75 +lat_1=41.95 +lat_2=40.8833333333333 +x_0=600000 +y_0=0 +ellps=GRS80 +units=m +no_defs +type=crs
EPSG,6563,NAD83(2011) / Pennsylvania North (ftUS),+proj=lcc +lat_0=40.1666666666667 +lon_0=-77.75 +lat_1=41.95 +lat_2=40.8833333333333 +x_0=600000 +y_0=0 +ellps=GRS80 +units=us-ft +no_defs +type=crs
EPSG,6564,NAD83(2011) / Pennsylvania South,+proj=lcc +lat_0=39.3333333333333 +lon_0=-77.75 +lat_1=40.9666666666667 +lat_2=39.9333333333333 +x_0=600000 +y_0=0 +ellps=GRS80 +units=m +no_defs +type=crs
EPSG,6565,NAD83(2011) / Pennsylvania South (ftUS),+proj=lcc +lat_0=39.3333333333333 +lon_0=-77.75 +lat_1=40.9666666666667 +lat_2=39.9333333333333 +x_0=600000 +y_0=0 +ellps=GRS80 +units=us-ft +no_defs +type=crs
EPSG,6566,NAD83(2011) / Puerto Rico and Virgin Is.,+proj=lcc +lat_0=17.8333333333333 +lon_0=-66.4333333333333 +lat_1=18.4333333333333 +lat_2=18.0333333333333 +x_0=200000 +y_0=200000 +ellps=GRS80 +units=m +no_defs +type=crs
EPSG,6567,NAD83(2011) / Rhode Island,+proj=tmerc +lat_0=41.0833333333333 +lon_0=-71.5 +k=0.99999375 +x_0=100000 +y_0=0 +ellps=GRS80 +units=m +no_defs +type=crs
EPSG,6568,NAD83(2011) / Rhode Island (ftUS),+proj=tmerc +lat_0=41.0833333333333 +lon_0=-71.5 +k=0.99999375 +x_0=99999.99998984 +y_0=0 +ellps=GRS80 +units=us-ft +no_defs +type=crs
EPSG,6569,NAD83(2011) / South Carolina,+proj=lcc +lat_0=31.8333333333333 +lon_0=-81 +lat_1=34.8333333333333 +lat_2=32.5 +x_0=609600 +y_0=0 +ellps=GRS80 +units=m +no_defs +type=crs
EPSG,6570,NAD83(2011) / South Carolina (ft),+proj=lcc +lat_0=31.8333333333333 +lon_0=-81 +lat_1=34.8333333333333 +lat_2=32.5 +x_0=609600 +y_0=0 +ellps=GRS80 +units=ft +no_defs +type=crs
EPSG,6571,NAD83(2011) / South Dakota North,+proj=lcc +lat_0=43.8333333333333 +lon_0=-100 +lat_1=45.6833333333333 +lat_2=44.4166666666667 +x_0=600000 +y_0=0 +ellps=GRS80 +units=m +no_defs +type=crs
EPSG,6572,NAD83(2011) / South Dakota North (ftUS),+proj=lcc +lat_0=43.8333333333333 +lon_0=-100 +lat_1=45.6833333333333 +lat_2=44.4166666666667 +x_0=600000 +y_0=0 +ellps=GRS80 +units=us-ft +no_defs +type=crs
EPSG,6573,NAD83(2011) / South Dakota South,+proj=lcc +lat_0=42.3333333333333 +lon_0=-100.333333333333 +lat_1=44.4 +lat_2=42.8333333333333 +x_0=600000 +y_0=0 +ellps=GRS80 +units=m +no_defs +type=crs
EPSG,6574,NAD83(2011) / South Dakota South (ftUS),+proj=lcc +lat_0=42.3333333333333 +lon_0=-100.333333333333 +lat_1=44.4 +lat_2=42.8333333333333 +x_0=600000 +y_0=0 +ellps=GRS80 +units=us-ft +no_defs +type=crs
EPSG,6575,NAD83(2011) / Tennessee,+proj=lcc +lat_0=34.3333333333333 +lon_0=-86 +lat_1=36.4166666666667 +lat_2=35.25 +x_0=600000 +y_0=0 +ellps=GRS80 +units=m +no_defs +type=crs
EPSG,6576,NAD83(2011) / Tennessee (ftUS),+proj=lcc +lat_0=34.3333333333333 +lon_0=-86 +lat_1=36.4166666666667 +lat_2=35.25 +x_0=600000 +y_0=0 +ellps=GRS80 +units=us-ft +no_defs +type=crs
EPSG,6577,NAD83(2011) / Texas Central,+proj=lcc +lat_0=29.6666666666667 +lon_0=-100.333333333333 +lat_1=31.8833333333333 +lat_2=30.1166666666667 +x_0=700000 +y_0=3000000 +ellps=GRS80 +units=m +no_defs +type=crs
EPSG,6578,NAD83(2011) / Texas Central (ftUS),+proj=lcc +lat_0=29.6666666666667 +lon_0=-100.333333333333 +lat_1=31.8833333333333 +lat_2=30.1166666666667 +x_0=699999.9998984 +y_0=3000000 +ellps=GRS80 +units=us-ft +no_defs +type=crs
EPSG,6579,NAD83(2011) / Texas Centric Albers Equal Area,+proj=aea +lat_0=18 +lon_0=-100 +lat_1=27.5 +lat_2=35 +x_0=1500000 +y_0=6000000 +ellps=GRS80 +units=m +no_defs +type=crs
EPSG,6580,NAD83(2011) / Texas Centric Lambert Conformal,+proj=lcc +lat_0=18 +lon_0=-100 +lat_1=27.5 +lat_2=35 +x_0=1500000 +y_0=5000000 +ellps=GRS80 +units=m +no_defs +type=crs
EPSG,6581,NAD83(2011) / Texas North,+proj=lcc +lat_0=34 +lon_0=-101.5 +lat_1=36.1833333333333 +lat_2=34.65 +x_0=200000 +y_0=1000000 +ellps=GRS80 +units=m +no_defs +type=crs
EPSG,6582,NAD83(2011) / Texas North (ftUS),+proj=lcc +lat_0=34 +lon_0=-101.5 +lat_1=36.1833333333333 +lat_2=34.65 +x_0=200000.0001016 +y_0=999999.9998984 +ellps=GRS80 +units=us-ft +no_defs +type=crs
EPSG,6583,NAD83(2011) / Texas North Central,+proj=lcc +lat_0=31.6666666666667 +lon_0=-98.5 +lat_1=33.9666666666667 +lat_2=32.1333333333333 +x_0=600000 +y_0=2000000 +ellps=GRS80 +units=m +no_defs +type=crs
EPSG,6584,NAD83(2011) / Texas North Central (ftUS),+proj=lcc +lat_0=31.6666666666667 +lon_0=-98.5 +lat_1=33.9666666666667 +lat_2=32.1333333333333 +x_0=600000 +y_0=2000000.0001016 +ellps=GRS80 +units=us-ft +no_defs +type=crs
EPSG,6585,NAD83(2011) / Texas South,+proj=lcc +lat_0=25.6666666666667 +lon_0=-98.5 +lat_1=27.8333333333333 +lat_2=26.1666666666667 +x_0=300000 +y_0=5000000 +ellps=GRS80 +units=m +no_defs +type=crs
EPSG,6586,NAD83(2011) / Texas South (ftUS),+proj=lcc +lat_0=25.6666666666667 +lon_0=-98.5 +lat_1=27.8333333333333 +lat_2=26.1666666666667 +x_0=300000 +y_0=5000000.0001016 +ellps=GRS80 +units=us-ft +no_defs +type=crs
EPSG,6587,NAD83(2011) / Texas South Central,+proj=lcc +lat_0=27.8333333333333 +lon_0=-99 +lat_1=30.2833333333333 +lat_2=28.3833333333333 +x_0=600000 +y_0=4000000 +ellps=GRS80 +units=m +no_defs +type=crs
EPSG,6588,NAD83(2011) / Texas South Central (ftUS),+proj=lcc +lat_0=27.8333333333333 +lon_0=-99 +lat_1=30.2833333333333 +lat_2=28.3833333333333 +x_0=600000 +y_0=3999999.9998984 +ellps=GRS80 +units=us-ft +no_defs +type=crs
EPSG,6589,NAD83(2011) / Vermont,+proj=tmerc +lat_0=42.5 +lon_0=-72.5 +k=0.999964286 +x_0=500000 +y_0=0 +ellps=GRS80 +units=m +no_defs +type=crs
EPSG,6590,NAD83(2011) / Vermont (ftUS),+proj=tmerc +lat_0=42.5 +lon_0=-72.5 +k=0.999964286 +x_0=500000.00001016 +y_0=0 +ellps=GRS80 +units=us-ft +no_defs +type=crs
EPSG,6591,NAD83(2011) / Virginia Lambert,+proj=lcc +lat_0=36 +lon_0=-79.5 +lat_1=37 +lat_2=39.5 +x_0=0 +y_0=0 +ellps=GRS80 +units=m +no_defs +type=crs
EPSG,6592,NAD83(2011) / Virginia North,+proj=lcc +lat_0=37.6666666666667 +lon_0=-78.5 +lat_1=39.2 +lat_2=38.0333333333333 +x_0=3500000 +y_0=2000000 +ellps=GRS80 +units=m +no_defs +type=crs
EPSG,6593,NAD83(2011) / Virginia North (ftUS),+proj=lcc +lat_0=37.6666666666667 +lon_0=-78.5 +lat_1=39.2 +lat_2=38.0333333333333 +x_0=3500000.0001016 +y_0=2000000.0001016 +ellps=GRS80 +units=us-ft +no_defs +type=crs
EPSG,6594,NAD83(2011) / Virginia South,+proj=lcc +lat_0=36.3333333333333 +lon_0=-78.5 +lat_1=37.9666666666667 +lat_2=36.7666666666667 +x_0=3500000 +y_0=1000000 +ellps=GRS80 +units=m +no_defs +type=crs
EPSG,6595,NAD83(2011) / Virginia South (ftUS),+proj=lcc +lat_0=36.3333333333333 +lon_0=-78.5 +lat_1=37.9666666666667 +lat_2=36.7666666666667 +x_0=3500000.0001016 +y_0=999999.9998984 +ellps=GRS80 +units=us-ft +no_defs +type=crs
EPSG,6596,NAD83(2011) / Washington North,+proj=lcc +lat_0=47 +lon_0=-120.833333333333 +lat_1=48.7333333333333 +lat_2=47.5 +x_0=500000 +y_0=0 +ellps=GRS80 +units=m +no_defs +type=crs
EPSG,6597,NAD83(2011) / Washington North (ftUS),+proj=lcc +lat_0=47 +lon_0=-120.833333333333 +lat_1=48.7333333333333 +lat_2=47.5 +x_0=500000.0001016 +y_0=0 +ellps=GRS80 +units=us-ft +no_defs +type=crs
EPSG,6598,NAD83(2011) / Washington South,+proj=lcc +lat_0=45.3333333333333 +lon_0=-120.5 +lat_1=47.3333333333333 +lat_2=45.8333333333333 +x_0=500000 +y_0=0 +ellps=GRS80 +units=m +no_defs +type=crs
EPSG,6599,NAD83(2011) / Washington South (ftUS),+proj=lcc +lat_0=45.3333333333333 +lon_0=-120.5 +lat_1=47.3333333333333 +lat_2=45.8333333333333 +x_0=500000.0001016 +y_0=0 +ellps=GRS80 +units=us-ft +no_defs +type=crs
EPSG,6600,NAD83(2011) / West Virginia North,+proj=lcc +lat_0=38.5 +lon_0=-79.5 +lat_1=40.25 +lat_2=39 +x_0=600000 +y_0=0 +ellps=GRS80 +units=m +no_defs +type=crs
EPSG,6601,NAD83(2011) / West Virginia North (ftUS),+proj=lcc +lat_0=38.5 +lon_0=-79.5 +lat_1=40.25 +lat_2=39 +x_0=600000 +y_0=0 +ellps=GRS80 +units=us-ft +no_defs +type=crs
EPSG,6602,NAD83(2011) / West Virginia South,+proj=lcc +lat_0=37 +lon_0=-81 +lat_1=38.8833333333333 +lat_2=37.4833333333333 +x_0=600000 +y_0=0 +ellps=GRS80 +units=m +no_defs +type=crs
EPSG,6603,NAD83(2011) / West Virginia South (ftUS),+proj=lcc +lat_0=37 +lon_0=-81 +lat_1=38.8833333333333 +lat_2=37.4833333333333 +x_0=600000 +y_0=0 +ellps=GRS80 +units=us-ft +no_defs +type=crs
EPSG,6605,NAD83(2011) / Wisconsin Central (ftUS),+proj=lcc +lat_0=43.8333333333333 +lon_0=-90 +lat_1=45.5 +lat_2=44.25 +x_0=600000 +y_0=0 +ellps=GRS80 +units=us-ft +no_defs +type=crs
EPSG,6606,NAD83(2011) / Wisconsin North,+proj=lcc +lat_0=45.1666666666667 +lon_0=-90 +lat_1=46.7666666666667 +lat_2=45.5666666666667 +x_0=600000 +y_0=0 +ellps=GRS80 +units=m +no_defs +type=crs
EPSG,6607,NAD83(2011) / Wisconsin North (ftUS),+proj=lcc +lat_0=45.1666666666667 +lon_0=-90 +lat_1=46.7666666666667 +lat_2=45.5666666666667 +x_0=600000 +y_0=0 +ellps=GRS80 +units=us-ft +no_defs +type=crs
EPSG,6608,NAD83(2011) / Wisconsin South,+proj=lcc +lat_0=42 +lon_0=-90 +lat_1=44.0666666666667 +lat_2=42.7333333333333 +x_0=600000 +y_0=0 +ellps=GRS80 +units=m +no_defs +type=crs
EPSG,6609,NAD83(2011) / Wisconsin South (ftUS),+proj=lcc +lat_0=42 +lon_0=-90 +lat_1=44.0666666666667 +lat_2=42.7333333333333 +x_0=600000 +y_0=0 +ellps=GRS80 +units=us-ft +no_defs +type=crs
EPSG,6610,NAD83(2011) / Wisconsin Transverse Mercator,+proj=tmerc +lat_0=0 +lon_0=-90 +k=0.9996 +x_0=520000 +y_0=-4480000 +ellps=GRS80 +units=m +no_defs +type=crs
EPSG,6611,NAD83(2011) / Wyoming East,+proj=tmerc +lat_0=40.5 +lon_0=-105.166666666667 +k=0.9999375 +x_0=200000 +y_0=0 +ellps=GRS80 +units=m +no_defs +type=crs
EPSG,6612,NAD83(2011) / Wyoming East (ftUS),+proj=tmerc +lat_0=40.5 +lon_0=-105.166666666667 +k=0.9999375 +x_0=200000.00001016 +y_0=0 +ellps=GRS80 +units=us-ft +no_defs +type=crs
EPSG,6613,NAD83(2011) / Wyoming East Central,+proj=tmerc +lat_0=40.5 +lon_0=-107.333333333333 +k=0.9999375 +x_0=400000 +y_0=100000 +ellps=GRS80 +units=m +no_defs +type=crs
EPSG,6614,NAD83(2011) / Wyoming East Central (ftUS),+proj=tmerc +lat_0=40.5 +lon_0=-107.333333333333 +k=0.9999375 +x_0=399999.99998984 +y_0=99999.99998984 +ellps=GRS80 +units=us-ft +no_defs +type=crs
EPSG,6615,NAD83(2011) / Wyoming West,+proj=tmerc +lat_0=40.5 +lon_0=-110.083333333333 +k=0.9999375 +x_0=800000 +y_0=100000 +ellps=GRS80 +units=m +no_defs +type=crs
EPSG,6616,NAD83(2011) / Wyoming West (ftUS),+proj=tmerc +lat_0=40.5 +lon_0=-110.083333333333 +k=0.9999375 +x_0=800000.00001016 +y_0=99999.99998984 +ellps=GRS80 +units=us-ft +no_defs +type=crs
EPSG,6617,NAD83(2011) / Wyoming West Central,+proj=tmerc +lat_0=40.5 +lon_0=-108.75 +k=0.9999375 +x_0=600000 +y_0=0 +ellps=GRS80 +units=m +no_defs +type=crs
EPSG,6618,NAD83(2011) / Wyoming West Central (ftUS),+proj=tmerc +lat_0=40.5 +lon_0=-108.75 +k=0.9999375 +x_0=600000 +y_0=0 +ellps=GRS80 +units=us-ft +no_defs +type=crs
EPSG,6619,NAD83(2011) / Utah Central,+proj=lcc +lat_0=38.3333333333333 +lon_0=-111.5 +lat_1=40.65 +lat_2=39.0166666666667 +x_0=500000 +y_0=2000000 +ellps=GRS80 +units=m +no_defs +type=crs
EPSG,6620,NAD83(2011) / Utah North,+proj=lcc +lat_0=40.3333333333333 +lon_0=-111.5 +lat_1=41.7833333333333 +lat_2=40.7166666666667 +x_0=500000 +y_0=1000000 +ellps=GRS80 +units=m +no_defs +type=crs
EPSG,6621,NAD83(2011) / Utah South,+proj=lcc +lat_0=36.6666666666667 +lon_0=-111.5 +lat_1=38.35 +lat_2=37.2166666666667 +x_0=500000 +y_0=3000000 +ellps=GRS80 +units=m +no_defs +type=crs
EPSG,6622,NAD83(CSRS)v2 / Quebec Lambert,+proj=lcc +lat_0=44 +lon_0=-68.5 +lat_1=60 +lat_2=46 +x_0=0 +y_0=0 +ellps=GRS80 +units=m +no_defs +type=crs
EPSG,6623,NAD83 / Quebec Albers,+proj=aea +lat_0=44 +lon_0=-68.5 +lat_1=60 +lat_2=46 +x_0=0 +y_0=0 +datum=NAD83 +units=m +no_defs +type=crs
EPSG,6624,NAD83(CSRS)v2 / Quebec Albers,+proj=aea +lat_0=44 +lon_0=-68.5 +lat_1=60 +lat_2=46 +x_0=0 +y_0=0 +ellps=GRS80 +units=m +no_defs +type=crs
EPSG,6625,NAD83(2011) / Utah Central (ftUS),+proj=lcc +lat_0=38.3333333333333 +lon_0=-111.5 +lat_1=40.65 +lat_2=39.0166666666667 +x_0=500000.00001016 +y_0=2000000.00001016 +ellps=GRS80 +units=us-ft +no_defs +type=crs
EPSG,6626,NAD83(2011) / Utah North (ftUS),+proj=lcc +lat_0=40.3333333333333 +lon_0=-111.5 +lat_1=41.7833333333333 +lat_2=40.7166666666667 +x_0=500000.00001016 +y_0=999999.99998984 +ellps=GRS80 +units=us-ft +no_defs +type=crs
EPSG,6627,NAD83(2011) / Utah South (ftUS),+proj=lcc +lat_0=36.6666666666667 +lon_0=-111.5 +lat_1=38.35 +lat_2=37.2166666666667 +x_0=500000.00001016 +y_0=3000000 +ellps=GRS80 +units=us-ft +no_defs +type=crs
EPSG,6628,NAD83(PA11) / Hawaii zone 1,+proj=tmerc +lat_0=18.8333333333333 +lon_0=-155.5 +k=0.999966667 +x_0=500000 +y_0=0 +ellps=GRS80 +units=m +no_defs +type=crs
EPSG,6629,NAD83(PA11) / Hawaii zone 2,+proj=tmerc +lat_0=20.3333333333333 +lon_0=-156.666666666667 +k=0.999966667 +x_0=500000 +y_0=0 +ellps=GRS80 +units=m +no_defs +type=crs
EPSG,6630,NAD83(PA11) / Hawaii zone 3,+proj=tmerc +lat_0=21.1666666666667 +lon_0=-158 +k=0.99999 +x_0=500000 +y_0=0 +ellps=GRS80 +units=m +no_defs +type=crs
EPSG,6631,NAD83(PA11) / Hawaii zone 4,+proj=tmerc +lat_0=21.8333333333333 +lon_0=-159.5 +k=0.99999 +x_0=500000 +y_0=0 +ellps=GRS80 +units=m +no_defs +type=crs
EPSG,6632,NAD83(PA11) / Hawaii zone 5,+proj=tmerc +lat_0=21.6666666666667 +lon_0=-160.166666666667 +k=1 +x_0=500000 +y_0=0 +ellps=GRS80 +units=m +no_defs +type=crs
EPSG,6633,NAD83(PA11) / Hawaii zone 3 (ftUS),+proj=tmerc +lat_0=21.1666666666667 +lon_0=-158 +k=0.99999 +x_0=500000.00001016 +y_0=0 +ellps=GRS80 +units=us-ft +no_defs +type=crs
EPSG,6634,NAD83(PA11) / UTM zone 4N,+proj=utm +zone=4 +ellps=GRS80 +units=m +no_defs +type=crs
EPSG,6635,NAD83(PA11) / UTM zone 5N,+proj=utm +zone=5 +ellps=GRS80 +units=m +no_defs +type=crs
EPSG,6636,NAD83(PA11) / UTM zone 2S,+proj=utm +zone=2 +south +ellps=GRS80 +units=m +no_defs +type=crs
EPSG,6637,NAD83(MA11) / Guam Map Grid,+proj=tmerc +lat_0=13.5 +lon_0=144.75 +k=1 +x_0=100000 +y_0=200000 +ellps=GRS80 +units=m +no_defs +type=crs
EPSG,6638,Tutuila 1962 height,+vunits=m +no_defs +type=crs
EPSG,6639,Guam 1963 height,+vunits=m +no_defs +type=crs
EPSG,6640,NMVD03 height,+vunits=m +no_defs +type=crs
EPSG,6641,PRVD02 height,+vunits=m +no_defs +type=crs
EPSG,6642,VIVD09 height,+vunits=m +no_defs +type=crs
EPSG,6643,ASVD02 height,+vunits=m +no_defs +type=crs
EPSG,6644,GUVD04 height,+vunits=m +no_defs +type=crs
EPSG,6646,Karbala 1979 / Iraq National Grid,+proj=tmerc +lat_0=29.0262683333333 +lon_0=46.5 +k=0.9994 +x_0=800000 +y_0=0 +a=6378249.145 +rf=293.465 +units=m +no_defs +type=crs
EPSG,6647,CGVD2013(CGG2013) height,+vunits=m +no_defs +type=crs
EPSG,6649,NAD83(CSRS) + CGVD2013(CGG2013) height,+proj=longlat +ellps=GRS80 +vunits=m +no_defs +type=crs
EPSG,6650,NAD83(CSRS) / UTM zone 7N + CGVD2013 height,+proj=utm +zone=7 +ellps=GRS80 +units=m +vunits=m +no_defs +type=crs
EPSG,6651,NAD83(CSRS) / UTM zone 8N + CGVD2013 height,+proj=utm +zone=8 +ellps=GRS80 +units=m +vunits=m +no_defs +type=crs
EPSG,6652,NAD83(CSRS) / UTM zone 9N + CGVD2013 height,+proj=utm +zone=9 +ellps=GRS80 +units=m +vunits=m +no_defs +type=crs
EPSG,6653,NAD83(CSRS) / UTM zone 10N + CGVD2013 height,+proj=utm +zone=10 +ellps=GRS80 +units=m +vunits=m +no_defs +type=crs
EPSG,6654,NAD83(CSRS) / UTM zone 11N + CGVD2013 height,+proj=utm +zone=11 +ellps=GRS80 +units=m +vunits=m +no_defs +type=crs
EPSG,6655,NAD83(CSRS) / UTM zone 12N + CGVD2013 height,+proj=utm +zone=12 +ellps=GRS80 +units=m +vunits=m +no_defs +type=crs
EPSG,6656,NAD83(CSRS) / UTM zone 13N + CGVD2013 height,+proj=utm +zone=13 +ellps=GRS80 +units=m +vunits=m +no_defs +type=crs
EPSG,6657,NAD83(CSRS) / UTM zone 14N + CGVD2013 height,+proj=utm +zone=14 +ellps=GRS80 +units=m +vunits=m +no_defs +type=crs
EPSG,6658,NAD83(CSRS) / UTM zone 15N + CGVD2013 height,+proj=utm +zone=15 +ellps=GRS80 +units=m +vunits=m +no_defs +type=crs
EPSG,6659,NAD83(CSRS) / UTM zone 16N + CGVD2013 height,+proj=utm +zone=16 +ellps=GRS80 +units=m +vunits=m +no_defs +type=crs
EPSG,6660,NAD83(CSRS) / UTM zone 17N + CGVD2013 height,+proj=utm +zone=17 +ellps=GRS80 +units=m +vunits=m +no_defs +type=crs
EPSG,6661,NAD83(CSRS) / UTM zone 18N + CGVD2013 height,+proj=utm +zone=18 +ellps=GRS80 +units=m +vunits=m +no_defs +type=crs
EPSG,6662,NAD83(CSRS) / UTM zone 19N + CGVD2013 height,+proj=utm +zone=19 +ellps=GRS80 +units=m +vunits=m +no_defs +type=crs
EPSG,6663,NAD83(CSRS) / UTM zone 20N + CGVD2013 height,+proj=utm +zone=20 +ellps=GRS80 +units=m +vunits=m +no_defs +type=crs
EPSG,6664,NAD83(CSRS) / UTM zone 21N + CGVD2013 height,+proj=utm +zone=21 +ellps=GRS80 +units=m +vunits=m +no_defs +type=crs
EPSG,6665,NAD83(CSRS) / UTM zone 22N + CGVD2013 height,+proj=utm +zone=22 +ellps=GRS80 +units=m +vunits=m +no_defs +type=crs
EPSG,6666,JGD2011,+proj=geocent +ellps=GRS80 +units=m +no_defs +type=crs
EPSG,6667,JGD2011,+proj=longlat +ellps=GRS80 +no_defs +type=crs
EPSG,6668,JGD2011,+proj=longlat +ellps=GRS80 +no_defs +type=crs
EPSG,6669,JGD2011 / Japan Plane Rectangular CS I,+proj=tmerc +lat_0=33 +lon_0=129.5 +k=0.9999 +x_0=0 +y_0=0 +ellps=GRS80 +units=m +no_defs +type=crs
EPSG,6670,JGD2011 / Japan Plane Rectangular CS II,+proj=tmerc +lat_0=33 +lon_0=131 +k=0.9999 +x_0=0 +y_0=0 +ellps=GRS80 +units=m +no_defs +type=crs
EPSG,6671,JGD2011 / Japan Plane Rectangular CS III,+proj=tmerc +lat_0=36 +lon_0=132.166666666667 +k=0.9999 +x_0=0 +y_0=0 +ellps=GRS80 +units=m +no_defs +type=crs
EPSG,6672,JGD2011 / Japan Plane Rectangular CS IV,+proj=tmerc +lat_0=33 +lon_0=133.5 +k=0.9999 +x_0=0 +y_0=0 +ellps=GRS80 +units=m +no_defs +type=crs
EPSG,6673,JGD2011 / Japan Plane Rectangular CS V,+proj=tmerc +lat_0=36 +lon_0=134.333333333333 +k=0.9999 +x_0=0 +y_0=0 +ellps=GRS80 +units=m +no_defs +type=crs
EPSG,6674,JGD2011 / Japan Plane Rectangular CS VI,+proj=tmerc +lat_0=36 +lon_0=136 +k=0.9999 +x_0=0 +y_0=0 +ellps=GRS80 +units=m +no_defs +type=crs
EPSG,6675,JGD2011 / Japan Plane Rectangular CS VII,+proj=tmerc +lat_0=36 +lon_0=137.166666666667 +k=0.9999 +x_0=0 +y_0=0 +ellps=GRS80 +units=m +no_defs +type=crs
EPSG,6676,JGD2011 / Japan Plane Rectangular CS VIII,+proj=tmerc +lat_0=36 +lon_0=138.5 +k=0.9999 +x_0=0 +y_0=0 +ellps=GRS80 +units=m +no_defs +type=crs
EPSG,6677,JGD2011 / Japan Plane Rectangular CS IX,+proj=tmerc +lat_0=36 +lon_0=139.833333333333 +k=0.9999 +x_0=0 +y_0=0 +ellps=GRS80 +units=m +no_defs +type=crs
EPSG,6678,JGD2011 / Japan Plane Rectangular CS X,+proj=tmerc +lat_0=40 +lon_0=140.833333333333 +k=0.9999 +x_0=0 +y_0=0 +ellps=GRS80 +units=m +no_defs +type=crs
EPSG,6679,JGD2011 / Japan Plane Rectangular CS XI,+proj=tmerc +lat_0=44 +lon_0=140.25 +k=0.9999 +x_0=0 +y_0=0 +ellps=GRS80 +units=m +no_defs +type=crs
EPSG,6680,JGD2011 / Japan Plane Rectangular CS XII,+proj=tmerc +lat_0=44 +lon_0=142.25 +k=0.9999 +x_0=0 +y_0=0 +ellps=GRS80 +units=m +no_defs +type=crs
EPSG,6681,JGD2011 / Japan Plane Rectangular CS XIII,+proj=tmerc +lat_0=44 +lon_0=144.25 +k=0.9999 +x_0=0 +y_0=0 +ellps=GRS80 +units=m +no_defs +type=crs
EPSG,6682,JGD2011 / Japan Plane Rectangular CS XIV,+proj=tmerc +lat_0=26 +lon_0=142 +k=0.9999 +x_0=0 +y_0=0 +ellps=GRS80 +units=m +no_defs +type=crs
EPSG,6683,JGD2011 / Japan Plane Rectangular CS XV,+proj=tmerc +lat_0=26 +lon_0=127.5 +k=0.9999 +x_0=0 +y_0=0 +ellps=GRS80 +units=m +no_defs +type=crs
EPSG,6684,JGD2011 / Japan Plane Rectangular CS XVI,+proj=tmerc +lat_0=26 +lon_0=124 +k=0.9999 +x_0=0 +y_0=0 +ellps=GRS80 +units=m +no_defs +type=crs
EPSG,6685,JGD2011 / Japan Plane Rectangular CS XVII,+proj=tmerc +lat_0=26 +lon_0=131 +k=0.9999 +x_0=0 +y_0=0 +ellps=GRS80 +units=m +no_defs +type=crs
EPSG,6686,JGD2011 / Japan Plane Rectangular CS XVIII,+proj=tmerc +lat_0=20 +lon_0=136 +k=0.9999 +x_0=0 +y_0=0 +ellps=GRS80 +units=m +no_defs +type=crs
EPSG,6687,JGD2011 / Japan Plane Rectangular CS XIX,+proj=tmerc +lat_0=26 +lon_0=154 +k=0.9999 +x_0=0 +y_0=0 +ellps=GRS80 +units=m +no_defs +type=crs
EPSG,6688,JGD2011 / UTM zone 51N,+proj=utm +zone=51 +ellps=GRS80 +units=m +no_defs +type=crs
EPSG,6689,JGD2011 / UTM zone 52N,+proj=utm +zone=52 +ellps=GRS80 +units=m +no_defs +type=crs
EPSG,6690,JGD2011 / UTM zone 53N,+proj=utm +zone=53 +ellps=GRS80 +units=m +no_defs +type=crs
EPSG,6691,JGD2011 / UTM zone 54N,+proj=utm +zone=54 +ellps=GRS80 +units=m +no_defs +type=crs
EPSG,6692,JGD2011 / UTM zone 55N,+proj=utm +zone=55 +ellps=GRS80 +units=m +no_defs +type=crs
EPSG,6693,JSLD72 height,+vunits=m +no_defs +type=crs
EPSG,6694,JGD2000 (vertical) height,+vunits=m +no_defs +type=crs
EPSG,6695,JGD2011 (vertical) height,+vunits=m +no_defs +type=crs
EPSG,6696,JGD2000 + JGD2000 (vertical) height,+proj=longlat +ellps=GRS80 +vunits=m +no_defs +type=crs
EPSG,6697,JGD2011 + JGD2011 (vertical) height,+proj=longlat +ellps=GRS80 +vunits=m +no_defs +type=crs
EPSG,6700,Tokyo + JSLD72 height,+proj=longlat +ellps=bessel +vunits=m +no_defs +type=crs
EPSG,6703,WGS 84 / TM 60 SW,+proj=tmerc +lat_0=0 +lon_0=-60 +k=0.9996 +x_0=500000 +y_0=10000000 +datum=WGS84 +units=m +no_defs +type=crs
EPSG,6704,RDN2008,+proj=geocent +ellps=GRS80 +units=m +no_defs +type=crs
EPSG,6705,RDN2008,+proj=longlat +ellps=GRS80 +no_defs +type=crs
EPSG,6706,RDN2008,+proj=longlat +ellps=GRS80 +no_defs +type=crs
EPSG,6707,RDN2008 / UTM zone 32N (N-E),+proj=utm +zone=32 +ellps=GRS80 +units=m +no_defs +type=crs
EPSG,6708,RDN2008 / UTM zone 33N (N-E),+proj=utm +zone=33 +ellps=GRS80 +units=m +no_defs +type=crs
EPSG,6709,RDN2008 / UTM zone 34N (N-E),+proj=utm +zone=34 +ellps=GRS80 +units=m +no_defs +type=crs
EPSG,6720,WGS 84 / CIG92,+proj=tmerc +lat_0=0 +lon_0=105.625 +k=1.000024 +x_0=50000 +y_0=1300000 +datum=WGS84 +units=m +no_defs +type=crs
EPSG,6721,GDA94 / CIG94,+proj=tmerc +lat_0=0 +lon_0=105.625 +k=1.00002514 +x_0=50000 +y_0=1300000 +ellps=GRS80 +units=m +no_defs +type=crs
EPSG,6722,WGS 84 / CKIG92,+proj=tmerc +lat_0=0 +lon_0=96.875 +k=1 +x_0=50000 +y_0=1400000 +datum=WGS84 +units=m +no_defs +type=crs
EPSG,6723,GDA94 / CKIG94,+proj=tmerc +lat_0=0 +lon_0=96.875 +k=0.99999387 +x_0=50000 +y_0=1500000 +ellps=GRS80 +units=m +no_defs +type=crs
EPSG,6736,GDA94 / MGA zone 46,+proj=utm +zone=46 +south +ellps=GRS80 +units=m +no_defs +type=crs
EPSG,6737,GDA94 / MGA zone 47,+proj=utm +zone=47 +south +ellps=GRS80 +units=m +no_defs +type=crs
EPSG,6738,GDA94 / MGA zone 59,+proj=utm +zone=59 +south +ellps=GRS80 +units=m +no_defs +type=crs
EPSG,6781,NAD83(CORS96),+proj=geocent +ellps=GRS80 +units=m +no_defs +type=crs
EPSG,6782,NAD83(CORS96),+proj=longlat +ellps=GRS80 +no_defs +type=crs
EPSG,6783,NAD83(CORS96),+proj=longlat +ellps=GRS80 +no_defs +type=crs
EPSG,6784,NAD83(CORS96) / Oregon Baker zone (m),+proj=tmerc +lat_0=44.5 +lon_0=-117.833333333333 +k=1.00016 +x_0=40000 +y_0=0 +ellps=GRS80 +units=m +no_defs +type=crs
EPSG,6785,NAD83(CORS96) / Oregon Baker zone (ft),+proj=tmerc +lat_0=44.5 +lon_0=-117.833333333333 +k=1.00016 +x_0=39999.99999984 +y_0=0 +ellps=GRS80 +units=ft +no_defs +type=crs
EPSG,6786,NAD83(2011) / Oregon Baker zone (m),+proj=tmerc +lat_0=44.5 +lon_0=-117.833333333333 +k=1.00016 +x_0=40000 +y_0=0 +ellps=GRS80 +units=m +no_defs +type=crs
EPSG,6787,NAD83(2011) / Oregon Baker zone (ft),+proj=tmerc +lat_0=44.5 +lon_0=-117.833333333333 +k=1.00016 +x_0=39999.99999984 +y_0=0 +ellps=GRS80 +units=ft +no_defs +type=crs
EPSG,6788,NAD83(CORS96) / Oregon Bend-Klamath Falls zone (m),+proj=tmerc +lat_0=41.75 +lon_0=-121.75 +k=1.0002 +x_0=80000 +y_0=0 +ellps=GRS80 +units=m +no_defs +type=crs
EPSG,6789,NAD83(CORS96) / Oregon Bend-Klamath Falls zone (ft),+proj=tmerc +lat_0=41.75 +lon_0=-121.75 +k=1.0002 +x_0=79999.99999968 +y_0=0 +ellps=GRS80 +units=ft +no_defs +type=crs
EPSG,6790,NAD83(2011) / Oregon Bend-Klamath Falls zone (m),+proj=tmerc +lat_0=41.75 +lon_0=-121.75 +k=1.0002 +x_0=80000 +y_0=0 +ellps=GRS80 +units=m +no_defs +type=crs
EPSG,6791,NAD83(2011) / Oregon Bend-Klamath Falls zone (ft),+proj=tmerc +lat_0=41.75 +lon_0=-121.75 +k=1.0002 +x_0=79999.99999968 +y_0=0 +ellps=GRS80 +units=ft +no_defs +type=crs
EPSG,6792,NAD83(CORS96) / Oregon Bend-Redmond-Prineville zone (m),+proj=lcc +lat_1=44.6666666666667 +lat_0=44.6666666666667 +lon_0=-121.25 +k_0=1.00012 +x_0=80000 +y_0=130000 +ellps=GRS80 +units=m +no_defs +type=crs
EPSG,6793,NAD83(CORS96) / Oregon Bend-Redmond-Prineville zone (ft),+proj=lcc +lat_1=44.6666666666667 +lat_0=44.6666666666667 +lon_0=-121.25 +k_0=1.00012 +x_0=79999.99999968 +y_0=130000.00001472 +ellps=GRS80 +units=ft +no_defs +type=crs
EPSG,6794,NAD83(2011) / Oregon Bend-Redmond-Prineville zone (m),+proj=lcc +lat_1=44.6666666666667 +lat_0=44.6666666666667 +lon_0=-121.25 +k_0=1.00012 +x_0=80000 +y_0=130000 +ellps=GRS80 +units=m +no_defs +type=crs
EPSG,6795,NAD83(2011) / Oregon Bend-Redmond-Prineville zone (ft),+proj=lcc +lat_1=44.6666666666667 +lat_0=44.6666666666667 +lon_0=-121.25 +k_0=1.00012 +x_0=79999.99999968 +y_0=130000.00001472 +ellps=GRS80 +units=ft +no_defs +type=crs
EPSG,6796,NAD83(CORS96) / Oregon Bend-Burns zone (m),+proj=lcc +lat_1=43.6666666666667 +lat_0=43.6666666666667 +lon_0=-119.75 +k_0=1.0002 +x_0=120000 +y_0=60000 +ellps=GRS80 +units=m +no_defs +type=crs
EPSG,6797,NAD83(CORS96) / Oregon Bend-Burns zone (ft),+proj=lcc +lat_1=43.6666666666667 +lat_0=43.6666666666667 +lon_0=-119.75 +k_0=1.0002 +x_0=119999.99999952 +y_0=59999.99999976 +ellps=GRS80 +units=ft +no_defs +type=crs
EPSG,6798,NAD83(2011) / Oregon Bend-Burns zone (m),+proj=lcc +lat_1=43.6666666666667 +lat_0=43.6666666666667 +lon_0=-119.75 +k_0=1.0002 +x_0=120000 +y_0=60000 +ellps=GRS80 +units=m +no_defs +type=crs
EPSG,6799,NAD83(2011) / Oregon Bend-Burns zone (ft),+proj=lcc +lat_1=43.6666666666667 +lat_0=43.6666666666667 +lon_0=-119.75 +k_0=1.0002 +x_0=119999.99999952 +y_0=59999.99999976 +ellps=GRS80 +units=ft +no_defs +type=crs
EPSG,6800,NAD83(CORS96) / Oregon Canyonville-Grants Pass zone (m),+proj=tmerc +lat_0=42.5 +lon_0=-123.333333333333 +k=1.00007 +x_0=40000 +y_0=0 +ellps=GRS80 +units=m +no_defs +type=crs
EPSG,6801,NAD83(CORS96) / Oregon Canyonville-Grants Pass zone (ft),+proj=tmerc +lat_0=42.5 +lon_0=-123.333333333333 +k=1.00007 +x_0=39999.99999984 +y_0=0 +ellps=GRS80 +units=ft +no_defs +type=crs
EPSG,6802,NAD83(2011) / Oregon Canyonville-Grants Pass zone (m),+proj=tmerc +lat_0=42.5 +lon_0=-123.333333333333 +k=1.00007 +x_0=40000 +y_0=0 +ellps=GRS80 +units=m +no_defs +type=crs
EPSG,6803,NAD83(2011) / Oregon Canyonville-Grants Pass zone (ft),+proj=tmerc +lat_0=42.5 +lon_0=-123.333333333333 +k=1.00007 +x_0=39999.99999984 +y_0=0 +ellps=GRS80 +units=ft +no_defs +type=crs
EPSG,6804,NAD83(CORS96) / Oregon Columbia River East zone (m),+proj=lcc +lat_1=45.6666666666667 +lat_0=45.6666666666667 +lon_0=-120.5 +k_0=1.000008 +x_0=150000 +y_0=30000 +ellps=GRS80 +units=m +no_defs +type=crs
EPSG,6805,NAD83(CORS96) / Oregon Columbia River East zone (ft),+proj=lcc +lat_1=45.6666666666667 +lat_0=45.6666666666667 +lon_0=-120.5 +k_0=1.000008 +x_0=150000.00001464 +y_0=30000.00001512 +ellps=GRS80 +units=ft +no_defs +type=crs
EPSG,6806,NAD83(2011) / Oregon Columbia River East zone (m),+proj=lcc +lat_1=45.6666666666667 +lat_0=45.6666666666667 +lon_0=-120.5 +k_0=1.000008 +x_0=150000 +y_0=30000 +ellps=GRS80 +units=m +no_defs +type=crs
EPSG,6807,NAD83(2011) / Oregon Columbia River East zone (ft),+proj=lcc +lat_1=45.6666666666667 +lat_0=45.6666666666667 +lon_0=-120.5 +k_0=1.000008 +x_0=150000.00001464 +y_0=30000.00001512 +ellps=GRS80 +units=ft +no_defs +type=crs
EPSG,6808,NAD83(CORS96) / Oregon Columbia River West zone (m),+proj=omerc +no_uoff +lat_0=45.9166666666667 +lonc=-123 +alpha=295 +gamma=295 +k=1 +x_0=7000000 +y_0=-3000000 +ellps=GRS80 +units=m +no_defs +type=crs
EPSG,6809,NAD83(CORS96) / Oregon Columbia River West zone (ft),+proj=omerc +no_uoff +lat_0=45.9166666666667 +lonc=-123 +alpha=295 +gamma=295 +k=1 +x_0=7000000.00000248 +y_0=-2999999.999988 +ellps=GRS80 +units=ft +no_defs +type=crs
EPSG,6810,NAD83(2011) / Oregon Columbia River West zone (m),+proj=omerc +no_uoff +lat_0=45.9166666666667 +lonc=-123 +alpha=295 +gamma=295 +k=1 +x_0=7000000 +y_0=-3000000 +ellps=GRS80 +units=m +no_defs +type=crs
EPSG,6811,NAD83(2011) / Oregon Columbia River West zone (ft),+proj=omerc +no_uoff +lat_0=45.9166666666667 +lonc=-123 +alpha=295 +gamma=295 +k=1 +x_0=7000000.00000248 +y_0=-2999999.999988 +ellps=GRS80 +units=ft +no_defs +type=crs
EPSG,6812,NAD83(CORS96) / Oregon Cottage Grove-Canyonville zone (m),+proj=tmerc +lat_0=42.8333333333333 +lon_0=-123.333333333333 +k=1.000023 +x_0=50000 +y_0=0 +ellps=GRS80 +units=m +no_defs +type=crs
EPSG,6813,NAD83(CORS96) / Oregon Cottage Grove-Canyonville zone (ft),+proj=tmerc +lat_0=42.8333333333333 +lon_0=-123.333333333333 +k=1.000023 +x_0=50000.00001504 +y_0=0 +ellps=GRS80 +units=ft +no_defs +type=crs
EPSG,6814,NAD83(2011) / Oregon Cottage Grove-Canyonville zone (m),+proj=tmerc +lat_0=42.8333333333333 +lon_0=-123.333333333333 +k=1.000023 +x_0=50000 +y_0=0 +ellps=GRS80 +units=m +no_defs +type=crs
EPSG,6815,NAD83(2011) / Oregon Cottage Grove-Canyonville zone (ft),+proj=tmerc +lat_0=42.8333333333333 +lon_0=-123.333333333333 +k=1.000023 +x_0=50000.00001504 +y_0=0 +ellps=GRS80 +units=ft +no_defs +type=crs
EPSG,6816,NAD83(CORS96) / Oregon Dufur-Madras zone (m),+proj=tmerc +lat_0=44.5 +lon_0=-121 +k=1.00011 +x_0=80000 +y_0=0 +ellps=GRS80 +units=m +no_defs +type=crs
EPSG,6817,NAD83(CORS96) / Oregon Dufur-Madras zone (ft),+proj=tmerc +lat_0=44.5 +lon_0=-121 +k=1.00011 +x_0=79999.99999968 +y_0=0 +ellps=GRS80 +units=ft +no_defs +type=crs
EPSG,6818,NAD83(2011) / Oregon Dufur-Madras zone (m),+proj=tmerc +lat_0=44.5 +lon_0=-121 +k=1.00011 +x_0=80000 +y_0=0 +ellps=GRS80 +units=m +no_defs +type=crs
EPSG,6819,NAD83(2011) / Oregon Dufur-Madras zone (ft),+proj=tmerc +lat_0=44.5 +lon_0=-121 +k=1.00011 +x_0=79999.99999968 +y_0=0 +ellps=GRS80 +units=ft +no_defs +type=crs
EPSG,6820,NAD83(CORS96) / Oregon Eugene zone (m),+proj=tmerc +lat_0=43.75 +lon_0=-123.166666666667 +k=1.000015 +x_0=50000 +y_0=0 +ellps=GRS80 +units=m +no_defs +type=crs
EPSG,6821,NAD83(CORS96) / Oregon Eugene zone (ft),+proj=tmerc +lat_0=43.75 +lon_0=-123.166666666667 +k=1.000015 +x_0=50000.00001504 +y_0=0 +ellps=GRS80 +units=ft +no_defs +type=crs
EPSG,6822,NAD83(2011) / Oregon Eugene zone (m),+proj=tmerc +lat_0=43.75 +lon_0=-123.166666666667 +k=1.000015 +x_0=50000 +y_0=0 +ellps=GRS80 +units=m +no_defs +type=crs
EPSG,6823,NAD83(2011) / Oregon Eugene zone (ft),+proj=tmerc +lat_0=43.75 +lon_0=-123.166666666667 +k=1.000015 +x_0=50000.00001504 +y_0=0 +ellps=GRS80 +units=ft +no_defs +type=crs
EPSG,6824,NAD83(CORS96) / Oregon Grants Pass-Ashland zone (m),+proj=tmerc +lat_0=41.75 +lon_0=-123.333333333333 +k=1.000043 +x_0=50000 +y_0=0 +ellps=GRS80 +units=m +no_defs +type=crs
EPSG,6825,NAD83(CORS96) / Oregon Grants Pass-Ashland zone (ft),+proj=tmerc +lat_0=41.75 +lon_0=-123.333333333333 +k=1.000043 +x_0=50000.00001504 +y_0=0 +ellps=GRS80 +units=ft +no_defs +type=crs
EPSG,6826,NAD83(2011) / Oregon Grants Pass-Ashland zone (m),+proj=tmerc +lat_0=41.75 +lon_0=-123.333333333333 +k=1.000043 +x_0=50000 +y_0=0 +ellps=GRS80 +units=m +no_defs +type=crs
EPSG,6827,NAD83(2011) / Oregon Grants Pass-Ashland zone (ft),+proj=tmerc +lat_0=41.75 +lon_0=-123.333333333333 +k=1.000043 +x_0=50000.00001504 +y_0=0 +ellps=GRS80 +units=ft +no_defs +type=crs
EPSG,6828,NAD83(CORS96) / Oregon Gresham-Warm Springs zone (m),+proj=tmerc +lat_0=45 +lon_0=-122.333333333333 +k=1.00005 +x_0=10000 +y_0=0 +ellps=GRS80 +units=m +no_defs +type=crs
EPSG,6829,NAD83(CORS96) / Oregon Gresham-Warm Springs zone (ft),+proj=tmerc +lat_0=45 +lon_0=-122.333333333333 +k=1.00005 +x_0=10000.0000152 +y_0=0 +ellps=GRS80 +units=ft +no_defs +type=crs
EPSG,6830,NAD83(2011) / Oregon Gresham-Warm Springs zone (m),+proj=tmerc +lat_0=45 +lon_0=-122.333333333333 +k=1.00005 +x_0=10000 +y_0=0 +ellps=GRS80 +units=m +no_defs +type=crs
EPSG,6831,NAD83(2011) / Oregon Gresham-Warm Springs zone (ft),+proj=tmerc +lat_0=45 +lon_0=-122.333333333333 +k=1.00005 +x_0=10000.0000152 +y_0=0 +ellps=GRS80 +units=ft +no_defs +type=crs
EPSG,6832,NAD83(CORS96) / Oregon La Grande zone (m),+proj=tmerc +lat_0=45 +lon_0=-118 +k=1.00013 +x_0=40000 +y_0=0 +ellps=GRS80 +units=m +no_defs +type=crs
EPSG,6833,NAD83(CORS96) / Oregon La Grande zone (ft),+proj=tmerc +lat_0=45 +lon_0=-118 +k=1.00013 +x_0=39999.99999984 +y_0=0 +ellps=GRS80 +units=ft +no_defs +type=crs
EPSG,6834,NAD83(2011) / Oregon La Grande zone (m),+proj=tmerc +lat_0=45 +lon_0=-118 +k=1.00013 +x_0=40000 +y_0=0 +ellps=GRS80 +units=m +no_defs +type=crs
EPSG,6835,NAD83(2011) / Oregon La Grande zone (ft),+proj=tmerc +lat_0=45 +lon_0=-118 +k=1.00013 +x_0=39999.99999984 +y_0=0 +ellps=GRS80 +units=ft +no_defs +type=crs
EPSG,6836,NAD83(CORS96) / Oregon Ontario zone (m),+proj=tmerc +lat_0=43.25 +lon_0=-117 +k=1.0001 +x_0=80000 +y_0=0 +ellps=GRS80 +units=m +no_defs +type=crs
EPSG,6837,NAD83(CORS96) / Oregon Ontario zone (ft),+proj=tmerc +lat_0=43.25 +lon_0=-117 +k=1.0001 +x_0=79999.99999968 +y_0=0 +ellps=GRS80 +units=ft +no_defs +type=crs
EPSG,6838,NAD83(2011) / Oregon Ontario zone (m),+proj=tmerc +lat_0=43.25 +lon_0=-117 +k=1.0001 +x_0=80000 +y_0=0 +ellps=GRS80 +units=m +no_defs +type=crs
EPSG,6839,NAD83(2011) / Oregon Ontario zone (ft),+proj=tmerc +lat_0=43.25 +lon_0=-117 +k=1.0001 +x_0=79999.99999968 +y_0=0 +ellps=GRS80 +units=ft +no_defs +type=crs
EPSG,6840,NAD83(CORS96) / Oregon Coast zone (m),+proj=omerc +no_uoff +lat_0=44.75 +lonc=-124.05 +alpha=5 +gamma=5 +k=1 +x_0=-300000 +y_0=-4600000 +ellps=GRS80 +units=m +no_defs +type=crs
EPSG,6841,NAD83(CORS96) / Oregon Coast zone (ft),+proj=omerc +no_uoff +lat_0=44.75 +lonc=-124.05 +alpha=5 +gamma=5 +k=1 +x_0=-299999.9999988 +y_0=-4600000.00001208 +ellps=GRS80 +units=ft +no_defs +type=crs
EPSG,6842,NAD83(2011) / Oregon Coast zone (m),+proj=omerc +no_uoff +lat_0=44.75 +lonc=-124.05 +alpha=5 +gamma=5 +k=1 +x_0=-300000 +y_0=-4600000 +ellps=GRS80 +units=m +no_defs +type=crs
EPSG,6843,NAD83(2011) / Oregon Coast zone (ft),+proj=omerc +no_uoff +lat_0=44.75 +lonc=-124.05 +alpha=5 +gamma=5 +k=1 +x_0=-299999.9999988 +y_0=-4600000.00001208 +ellps=GRS80 +units=ft +no_defs +type=crs
EPSG,6844,NAD83(CORS96) / Oregon Pendleton zone (m),+proj=tmerc +lat_0=45.25 +lon_0=-119.166666666667 +k=1.000045 +x_0=60000 +y_0=0 +ellps=GRS80 +units=m +no_defs +type=crs
EPSG,6845,NAD83(CORS96) / Oregon Pendleton zone (ft),+proj=tmerc +lat_0=45.25 +lon_0=-119.166666666667 +k=1.000045 +x_0=59999.99999976 +y_0=0 +ellps=GRS80 +units=ft +no_defs +type=crs
EPSG,6846,NAD83(2011) / Oregon Pendleton zone (m),+proj=tmerc +lat_0=45.25 +lon_0=-119.166666666667 +k=1.000045 +x_0=60000 +y_0=0 +ellps=GRS80 +units=m +no_defs +type=crs
EPSG,6847,NAD83(2011) / Oregon Pendleton zone (ft),+proj=tmerc +lat_0=45.25 +lon_0=-119.166666666667 +k=1.000045 +x_0=59999.99999976 +y_0=0 +ellps=GRS80 +units=ft +no_defs +type=crs
EPSG,6848,NAD83(CORS96) / Oregon Pendleton-La Grande zone (m),+proj=tmerc +lat_0=45.0833333333333 +lon_0=-118.333333333333 +k=1.000175 +x_0=30000 +y_0=0 +ellps=GRS80 +units=m +no_defs +type=crs
EPSG,6849,NAD83(CORS96) / Oregon Pendleton-La Grande zone (ft),+proj=tmerc +lat_0=45.0833333333333 +lon_0=-118.333333333333 +k=1.000175 +x_0=30000.00001512 +y_0=0 +ellps=GRS80 +units=ft +no_defs +type=crs
EPSG,6850,NAD83(2011) / Oregon Pendleton-La Grande zone (m),+proj=tmerc +lat_0=45.0833333333333 +lon_0=-118.333333333333 +k=1.000175 +x_0=30000 +y_0=0 +ellps=GRS80 +units=m +no_defs +type=crs
EPSG,6851,NAD83(2011) / Oregon Pendleton-La Grande zone (ft),+proj=tmerc +lat_0=45.0833333333333 +lon_0=-118.333333333333 +k=1.000175 +x_0=30000.00001512 +y_0=0 +ellps=GRS80 +units=ft +no_defs +type=crs
EPSG,6852,NAD83(CORS96) / Oregon Portland zone (m),+proj=lcc +lat_1=45.5 +lat_0=45.5 +lon_0=-122.75 +k_0=1.000002 +x_0=100000 +y_0=50000 +ellps=GRS80 +units=m +no_defs +type=crs
EPSG,6853,NAD83(CORS96) / Oregon Portland zone (ft),+proj=lcc +lat_1=45.5 +lat_0=45.5 +lon_0=-122.75 +k_0=1.000002 +x_0=99999.9999996 +y_0=50000.00001504 +ellps=GRS80 +units=ft +no_defs +type=crs
EPSG,6854,NAD83(2011) / Oregon Portland zone (m),+proj=lcc +lat_1=45.5 +lat_0=45.5 +lon_0=-122.75 +k_0=1.000002 +x_0=100000 +y_0=50000 +ellps=GRS80 +units=m +no_defs +type=crs
EPSG,6855,NAD83(2011) / Oregon Portland zone (ft),+proj=lcc +lat_1=45.5 +lat_0=45.5 +lon_0=-122.75 +k_0=1.000002 +x_0=99999.9999996 +y_0=50000.00001504 +ellps=GRS80 +units=ft +no_defs +type=crs
EPSG,6856,NAD83(CORS96) / Oregon Salem zone (m),+proj=tmerc +lat_0=44.3333333333333 +lon_0=-123.083333333333 +k=1.00001 +x_0=50000 +y_0=0 +ellps=GRS80 +units=m +no_defs +type=crs
EPSG,6857,NAD83(CORS96) / Oregon Salem zone (ft),+proj=tmerc +lat_0=44.3333333333333 +lon_0=-123.083333333333 +k=1.00001 +x_0=50000.00001504 +y_0=0 +ellps=GRS80 +units=ft +no_defs +type=crs
EPSG,6858,NAD83(2011) / Oregon Salem zone (m),+proj=tmerc +lat_0=44.3333333333333 +lon_0=-123.083333333333 +k=1.00001 +x_0=50000 +y_0=0 +ellps=GRS80 +units=m +no_defs +type=crs
EPSG,6859,NAD83(2011) / Oregon Salem zone (ft),+proj=tmerc +lat_0=44.3333333333333 +lon_0=-123.083333333333 +k=1.00001 +x_0=50000.00001504 +y_0=0 +ellps=GRS80 +units=ft +no_defs +type=crs
EPSG,6860,NAD83(CORS96) / Oregon Santiam Pass zone (m),+proj=tmerc +lat_0=44.0833333333333 +lon_0=-122.5 +k=1.000155 +x_0=0 +y_0=0 +ellps=GRS80 +units=m +no_defs +type=crs
EPSG,6861,NAD83(CORS96) / Oregon Santiam Pass zone (ft),+proj=tmerc +lat_0=44.0833333333333 +lon_0=-122.5 +k=1.000155 +x_0=0 +y_0=0 +ellps=GRS80 +units=ft +no_defs +type=crs
EPSG,6862,NAD83(2011) / Oregon Santiam Pass zone (m),+proj=tmerc +lat_0=44.0833333333333 +lon_0=-122.5 +k=1.000155 +x_0=0 +y_0=0 +ellps=GRS80 +units=m +no_defs +type=crs
EPSG,6863,NAD83(2011) / Oregon Santiam Pass zone (ft),+proj=tmerc +lat_0=44.0833333333333 +lon_0=-122.5 +k=1.000155 +x_0=0 +y_0=0 +ellps=GRS80 +units=ft +no_defs +type=crs
EPSG,6867,NAD83(CORS96) / Oregon LCC (m),+proj=lcc +lat_0=41.75 +lon_0=-120.5 +lat_1=43 +lat_2=45.5 +x_0=400000 +y_0=0 +ellps=GRS80 +units=m +no_defs +type=crs
EPSG,6868,NAD83(CORS96) / Oregon GIC Lambert (ft),+proj=lcc +lat_0=41.75 +lon_0=-120.5 +lat_1=43 +lat_2=45.5 +x_0=399999.9999984 +y_0=0 +ellps=GRS80 +units=ft +no_defs +type=crs
EPSG,6870,ETRS89 / Albania TM 2010,+proj=tmerc +lat_0=0 +lon_0=20 +k=1 +x_0=500000 +y_0=0 +ellps=GRS80 +units=m +no_defs +type=crs
EPSG,6875,RDN2008 / Italy zone (N-E),+proj=tmerc +lat_0=0 +lon_0=12 +k=0.9985 +x_0=7000000 +y_0=0 +ellps=GRS80 +units=m +no_defs +type=crs
EPSG,6876,RDN2008 / Zone 12 (N-E),+proj=tmerc +lat_0=0 +lon_0=12 +k=1 +x_0=3000000 +y_0=0 +ellps=GRS80 +units=m +no_defs +type=crs
EPSG,6879,NAD83(2011) / Wisconsin Central,+proj=lcc +lat_0=43.8333333333333 +lon_0=-90 +lat_1=45.5 +lat_2=44.25 +x_0=600000 +y_0=0 +ellps=GRS80 +units=m +no_defs +type=crs
EPSG,6880,NAD83(2011) / Nebraska (ftUS),+proj=lcc +lat_0=39.8333333333333 +lon_0=-100 +lat_1=43 +lat_2=40 +x_0=500000.00001016 +y_0=0 +ellps=GRS80 +units=us-ft +no_defs +type=crs
EPSG,6881,Aden 1925,+proj=longlat +a=6378249.145 +rf=293.465 +no_defs +type=crs
EPSG,6882,Bekaa Valley 1920,+proj=longlat +a=6378249.145 +rf=293.465 +no_defs +type=crs
EPSG,6883,Bioko,+proj=longlat +ellps=intl +no_defs +type=crs
EPSG,6884,NAD83(CORS96) / Oregon North,+proj=lcc +lat_0=43.6666666666667 +lon_0=-120.5 +lat_1=46 +lat_2=44.3333333333333 +x_0=2500000 +y_0=0 +ellps=GRS80 +units=m +no_defs +type=crs
EPSG,6885,NAD83(CORS96) / Oregon North (ft),+proj=lcc +lat_0=43.6666666666667 +lon_0=-120.5 +lat_1=46 +lat_2=44.3333333333333 +x_0=2500000.0001424 +y_0=0 +ellps=GRS80 +units=ft +no_defs +type=crs
EPSG,6886,NAD83(CORS96) / Oregon South,+proj=lcc +lat_0=41.6666666666667 +lon_0=-120.5 +lat_1=44 +lat_2=42.3333333333333 +x_0=1500000 +y_0=0 +ellps=GRS80 +units=m +no_defs +type=crs
EPSG,6887,NAD83(CORS96) / Oregon South (ft),+proj=lcc +lat_0=41.6666666666667 +lon_0=-120.5 +lat_1=44 +lat_2=42.3333333333333 +x_0=1500000.0001464 +y_0=0 +ellps=GRS80 +units=ft +no_defs +type=crs
EPSG,6892,South East Island 1943,+proj=longlat +a=6378249.145 +rf=293.465 +no_defs +type=crs
EPSG,6893,WGS 84 / World Mercator + EGM2008 height,+proj=merc +lon_0=0 +k=1 +x_0=0 +y_0=0 +datum=WGS84 +units=m +vunits=m +no_defs +type=crs
EPSG,6894,Gambia,+proj=longlat +a=6378249.145 +rf=293.465 +no_defs +type=crs
EPSG,6915,South East Island 1943 / UTM zone 40N,+proj=utm +zone=40 +a=6378249.145 +rf=293.465 +units=m +no_defs +type=crs
EPSG,6916,SHD height,+vunits=m +no_defs +type=crs
EPSG,6917,SVY21 + SHD height,+proj=longlat +ellps=WGS84 +vunits=m +no_defs +type=crs
EPSG,6922,NAD83 / Kansas LCC,+proj=lcc +lat_0=36 +lon_0=-98.25 +lat_1=39.5 +lat_2=37.5 +x_0=400000 +y_0=0 +datum=NAD83 +units=m +no_defs +type=crs
EPSG,6923,NAD83 / Kansas LCC (ftUS),+proj=lcc +lat_0=36 +lon_0=-98.25 +lat_1=39.5 +lat_2=37.5 +x_0=399999.99998984 +y_0=0 +datum=NAD83 +units=us-ft +no_defs +type=crs
EPSG,6924,NAD83(2011) / Kansas LCC,+proj=lcc +lat_0=36 +lon_0=-98.25 +lat_1=39.5 +lat_2=37.5 +x_0=400000 +y_0=0 +ellps=GRS80 +units=m +no_defs +type=crs
EPSG,6925,NAD83(2011) / Kansas LCC (ftUS),+proj=lcc +lat_0=36 +lon_0=-98.25 +lat_1=39.5 +lat_2=37.5 +x_0=399999.99998984 +y_0=0 +ellps=GRS80 +units=us-ft +no_defs +type=crs
EPSG,6927,SVY21 / Singapore TM + SHD height,+proj=tmerc +lat_0=1.36666666666667 +lon_0=103.833333333333 +k=1 +x_0=28001.642 +y_0=38744.572 +ellps=WGS84 +units=m +vunits=m +no_defs +type=crs
EPSG,6931,WGS 84 / NSIDC EASE-Grid 2.0 North,+proj=laea +lat_0=90 +lon_0=0 +x_0=0 +y_0=0 +datum=WGS84 +units=m +no_defs +type=crs
EPSG,6932,WGS 84 / NSIDC EASE-Grid 2.0 South,+proj=laea +lat_0=-90 +lon_0=0 +x_0=0 +y_0=0 +datum=WGS84 +units=m +no_defs +type=crs
EPSG,6933,WGS 84 / NSIDC EASE-Grid 2.0 Global,+proj=cea +lat_ts=30 +lon_0=0 +x_0=0 +y_0=0 +datum=WGS84 +units=m +no_defs +type=crs
EPSG,6934,IGS08,+proj=geocent +ellps=GRS80 +units=m +no_defs +type=crs
EPSG,6962,ETRS89 / Albania LCC 2010,+proj=lcc +lat_0=41 +lon_0=20 +lat_1=39 +lat_2=43 +x_0=0 +y_0=0 +ellps=GRS80 +units=m +no_defs +type=crs
EPSG,6966,NAD27 / Michigan North,+proj=lcc +lat_0=44.7833333333333 +lon_0=-87 +lat_1=45.4833333333333 +lat_2=47.0833333333333 +x_0=609601.219202438 +y_0=0 +k_0=1.0000382 +datum=NAD27 +units=us-ft +no_defs +type=crs
EPSG,6981,IG05 Intermediate CRS,+proj=geocent +ellps=GRS80 +units=m +no_defs +type=crs
EPSG,6982,IG05 Intermediate CRS,+proj=longlat +ellps=GRS80 +no_defs +type=crs
EPSG,6983,IG05 Intermediate CRS,+proj=longlat +ellps=GRS80 +no_defs +type=crs
EPSG,6984,Israeli Grid 05,+proj=tmerc +lat_0=31.7343936111111 +lon_0=35.2045169444444 +k=1.0000067 +x_0=219529.584 +y_0=626907.39 +ellps=GRS80 +units=m +no_defs +type=crs
EPSG,6988,IG05/12 Intermediate CRS,+proj=geocent +ellps=GRS80 +units=m +no_defs +type=crs
EPSG,6989,IG05/12 Intermediate CRS,+proj=longlat +ellps=GRS80 +no_defs +type=crs
EPSG,6990,IG05/12 Intermediate CRS,+proj=longlat +ellps=GRS80 +no_defs +type=crs
EPSG,6991,Israeli Grid 05/12,+proj=tmerc +lat_0=31.7343936111111 +lon_0=35.2045169444444 +k=1.0000067 +x_0=219529.584 +y_0=626907.39 +ellps=GRS80 +units=m +no_defs +type=crs
EPSG,7005,Nahrwan 1934 / UTM zone 37N,+proj=utm +zone=37 +a=6378249.145 +rf=293.465 +units=m +no_defs +type=crs
EPSG,7006,Nahrwan 1934 / UTM zone 38N,+proj=utm +zone=38 +a=6378249.145 +rf=293.465 +units=m +no_defs +type=crs
EPSG,7007,Nahrwan 1934 / UTM zone 39N,+proj=utm +zone=39 +a=6378249.145 +rf=293.465 +units=m +no_defs +type=crs
EPSG,7034,RGSPM06 (lon-lat),+proj=longlat +ellps=GRS80 +no_defs +type=crs
EPSG,7035,RGSPM06 (lon-lat),+proj=longlat +ellps=GRS80 +no_defs +type=crs
EPSG,7036,RGR92 (lon-lat),+proj=longlat +ellps=GRS80 +no_defs +type=crs
EPSG,7037,RGR92 (lon-lat),+proj=longlat +ellps=GRS80 +no_defs +type=crs
EPSG,7038,RGM04 (lon-lat),+proj=longlat +ellps=GRS80 +no_defs +type=crs
EPSG,7039,RGM04 (lon-lat),+proj=longlat +ellps=GRS80 +no_defs +type=crs
EPSG,7040,RGFG95 (lon-lat),+proj=longlat +ellps=GRS80 +no_defs +type=crs
EPSG,7041,RGFG95 (lon-lat),+proj=longlat +ellps=GRS80 +no_defs +type=crs
EPSG,7042,RGF93 v1 (lon-lat),+proj=longlat +ellps=GRS80 +no_defs +type=crs
EPSG,7057,NAD83(2011) / IaRCS zone 1,+proj=lcc +lat_1=43.2 +lat_0=43.2 +lon_0=-95.25 +k_0=1.000052 +x_0=3505207.01041402 +y_0=2926085.8521717 +ellps=GRS80 +units=us-ft +no_defs +type=crs
EPSG,7058,NAD83(2011) / IaRCS zone 2,+proj=lcc +lat_1=43.1666666666667 +lat_0=43.1666666666667 +lon_0=-92.75 +k_0=1.000043 +x_0=3810007.62001524 +y_0=2987045.97409195 +ellps=GRS80 +units=us-ft +no_defs +type=crs
EPSG,7059,NAD83(2011) / IaRCS zone 3,+proj=tmerc +lat_0=40.25 +lon_0=-91.2 +k=1.000035 +x_0=4114808.22961646 +y_0=2529845.05969012 +ellps=GRS80 +units=us-ft +no_defs +type=crs
EPSG,7060,NAD83(2011) / IaRCS zone 4,+proj=lcc +lat_1=42.5333333333333 +lat_0=42.5333333333333 +lon_0=-94.8333333333333 +k_0=1.000045 +x_0=4419608.83921768 +y_0=2621285.24257049 +ellps=GRS80 +units=us-ft +no_defs +type=crs
EPSG,7061,NAD83(2011) / IaRCS zone 5,+proj=lcc +lat_1=42.65 +lat_0=42.65 +lon_0=-92.25 +k_0=1.000032 +x_0=4724409.4488189 +y_0=2712725.42545085 +ellps=GRS80 +units=us-ft +no_defs +type=crs
EPSG,7062,NAD83(2011) / IaRCS zone 6,+proj=tmerc +lat_0=40.25 +lon_0=-95.7333333333333 +k=1.000039 +x_0=5029210.05842012 +y_0=2011684.02336805 +ellps=GRS80 +units=us-ft +no_defs +type=crs
EPSG,7063,NAD83(2011) / IaRCS zone 7,+proj=tmerc +lat_0=40.25 +lon_0=-94.6333333333333 +k=1.000045 +x_0=5334010.66802134 +y_0=2072644.14528829 +ellps=GRS80 +units=us-ft +no_defs +type=crs
EPSG,7064,NAD83(2011) / IaRCS zone 8,+proj=tmerc +lat_0=40.25 +lon_0=-93.7166666666667 +k=1.000033 +x_0=5638811.27762256 +y_0=2133604.26720853 +ellps=GRS80 +units=us-ft +no_defs +type=crs
EPSG,7065,NAD83(2011) / IaRCS zone 9,+proj=tmerc +lat_0=40.25 +lon_0=-92.8166666666667 +k=1.000027 +x_0=5943611.88722378 +y_0=2194564.38912878 +ellps=GRS80 +units=us-ft +no_defs +type=crs
EPSG,7066,NAD83(2011) / IaRCS zone 10,+proj=lcc +lat_1=41.8333333333333 +lat_0=41.8333333333333 +lon_0=-91.6666666666667 +k_0=1.00002 +x_0=6248412.49682499 +y_0=2438404.87680975 +ellps=GRS80 +units=us-ft +no_defs +type=crs
EPSG,7067,NAD83(2011) / IaRCS zone 11,+proj=tmerc +lat_0=40.25 +lon_0=-90.5333333333333 +k=1.000027 +x_0=6553213.10642621 +y_0=2316484.63296927 +ellps=GRS80 +units=us-ft +no_defs +type=crs
EPSG,7068,NAD83(2011) / IaRCS zone 12,+proj=lcc +lat_1=40.9166666666667 +lat_0=40.9166666666667 +lon_0=-93.75 +k_0=1.000037 +x_0=6858013.71602743 +y_0=1889763.77952756 +ellps=GRS80 +units=us-ft +no_defs +type=crs
EPSG,7069,NAD83(2011) / IaRCS zone 13,+proj=tmerc +lat_0=40.25 +lon_0=-91.9166666666667 +k=1.00002 +x_0=7162814.32562865 +y_0=1950723.9014478 +ellps=GRS80 +units=us-ft +no_defs +type=crs
EPSG,7070,NAD83(2011) / IaRCS zone 14,+proj=tmerc +lat_0=40.25 +lon_0=-91.25 +k=1.000018 +x_0=7467614.93522987 +y_0=1889763.77952756 +ellps=GRS80 +units=us-ft +no_defs +type=crs
EPSG,7071,RGTAAF07,+proj=geocent +ellps=GRS80 +units=m +no_defs +type=crs
EPSG,7072,RGTAAF07,+proj=longlat +ellps=GRS80 +no_defs +type=crs
EPSG,7073,RGTAAF07,+proj=longlat +ellps=GRS80 +no_defs +type=crs
EPSG,7074,RGTAAF07 / UTM zone 37S,+proj=utm +zone=37 +south +ellps=GRS80 +units=m +no_defs +type=crs
EPSG,7075,RGTAAF07 / UTM zone 38S,+proj=utm +zone=38 +south +ellps=GRS80 +units=m +no_defs +type=crs
EPSG,7076,RGTAAF07 / UTM zone 39S,+proj=utm +zone=39 +south +ellps=GRS80 +units=m +no_defs +type=crs
EPSG,7077,RGTAAF07 / UTM zone 40S,+proj=utm +zone=40 +south +ellps=GRS80 +units=m +no_defs +type=crs
EPSG,7078,RGTAAF07 / UTM zone 41S,+proj=utm +zone=41 +south +ellps=GRS80 +units=m +no_defs +type=crs
EPSG,7079,RGTAAF07 / UTM zone 42S,+proj=utm +zone=42 +south +ellps=GRS80 +units=m +no_defs +type=crs
EPSG,7080,RGTAAF07 / UTM zone 43S,+proj=utm +zone=43 +south +ellps=GRS80 +units=m +no_defs +type=crs
EPSG,7081,RGTAAF07 / UTM zone 44S,+proj=utm +zone=44 +south +ellps=GRS80 +units=m +no_defs +type=crs
EPSG,7084,RGF93 v1 (lon-lat),+proj=longlat +ellps=GRS80 +no_defs +type=crs
EPSG,7085,RGAF09 (lon-lat),+proj=longlat +ellps=GRS80 +no_defs +type=crs
EPSG,7086,RGAF09 (lon-lat),+proj=longlat +ellps=GRS80 +no_defs +type=crs
EPSG,7087,RGTAAF07 (lon-lat),+proj=longlat +ellps=GRS80 +no_defs +type=crs
EPSG,7109,NAD83(2011) / RMTCRS St Mary (m),+proj=tmerc +lat_0=48.5 +lon_0=-112.5 +k=1.00016 +x_0=150000 +y_0=0 +ellps=GRS80 +units=m +no_defs +type=crs
EPSG,7110,NAD83(2011) / RMTCRS Blackfeet (m),+proj=tmerc +lat_0=48 +lon_0=-112.5 +k=1.00019 +x_0=100000 +y_0=0 +ellps=GRS80 +units=m +no_defs +type=crs
EPSG,7111,NAD83(2011) / RMTCRS Milk River (m),+proj=lcc +lat_1=48.5 +lat_0=48.5 +lon_0=-111 +k_0=1.000145 +x_0=150000 +y_0=200000 +ellps=GRS80 +units=m +no_defs +type=crs
EPSG,7112,NAD83(2011) / RMTCRS Fort Belknap (m),+proj=lcc +lat_1=48.5 +lat_0=48.5 +lon_0=-108.5 +k_0=1.00012 +x_0=200000 +y_0=150000 +ellps=GRS80 +units=m +no_defs +type=crs
EPSG,7113,NAD83(2011) / RMTCRS Fort Peck Assiniboine (m),+proj=lcc +lat_1=48.3333333333333 +lat_0=48.3333333333333 +lon_0=-105.5 +k_0=1.00012 +x_0=200000 +y_0=100000 +ellps=GRS80 +units=m +no_defs +type=crs
EPSG,7114,NAD83(2011) / RMTCRS Fort Peck Sioux (m),+proj=lcc +lat_1=48.3333333333333 +lat_0=48.3333333333333 +lon_0=-105.5 +k_0=1.00009 +x_0=100000 +y_0=50000 +ellps=GRS80 +units=m +no_defs +type=crs
EPSG,7115,NAD83(2011) / RMTCRS Crow (m),+proj=tmerc +lat_0=44.75 +lon_0=-107.75 +k=1.000148 +x_0=200000 +y_0=0 +ellps=GRS80 +units=m +no_defs +type=crs
EPSG,7116,NAD83(2011) / RMTCRS Bobcat (m),+proj=lcc +lat_1=46.25 +lat_0=46.25 +lon_0=-111.25 +k_0=1.000185 +x_0=100000 +y_0=100000 +ellps=GRS80 +units=m +no_defs +type=crs
EPSG,7117,NAD83(2011) / RMTCRS Billings (m),+proj=lcc +lat_1=45.7833333333333 +lat_0=45.7833333333333 +lon_0=-108.416666666667 +k_0=1.0001515 +x_0=200000 +y_0=50000 +ellps=GRS80 +units=m +no_defs +type=crs
EPSG,7118,NAD83(2011) / RMTCRS Wind River (m),+proj=tmerc +lat_0=42.6666666666667 +lon_0=-108.333333333333 +k=1.00024 +x_0=100000 +y_0=0 +ellps=GRS80 +units=m +no_defs +type=crs
EPSG,7119,NAD83(2011) / RMTCRS St Mary (ft),+proj=tmerc +lat_0=48.5 +lon_0=-112.5 +k=1.00016 +x_0=150000.00001464 +y_0=0 +ellps=GRS80 +units=ft +no_defs +type=crs
EPSG,7120,NAD83(2011) / RMTCRS Blackfeet (ft),+proj=tmerc +lat_0=48 +lon_0=-112.5 +k=1.00019 +x_0=99999.9999996 +y_0=0 +ellps=GRS80 +units=ft +no_defs +type=crs
EPSG,7121,NAD83(2011) / RMTCRS Milk River (ft),+proj=lcc +lat_1=48.5 +lat_0=48.5 +lon_0=-111 +k_0=1.000145 +x_0=150000.00001464 +y_0=199999.9999992 +ellps=GRS80 +units=ft +no_defs +type=crs
EPSG,7122,NAD83(2011) / RMTCRS Fort Belknap (ft),+proj=lcc +lat_1=48.5 +lat_0=48.5 +lon_0=-108.5 +k_0=1.00012 +x_0=199999.9999992 +y_0=150000.00001464 +ellps=GRS80 +units=ft +no_defs +type=crs
EPSG,7123,NAD83(2011) / RMTCRS Fort Peck Assiniboine (ft),+proj=lcc +lat_1=48.3333333333333 +lat_0=48.3333333333333 +lon_0=-105.5 +k_0=1.00012 +x_0=199999.9999992 +y_0=99999.9999996 +ellps=GRS80 +units=ft +no_defs +type=crs
EPSG,7124,NAD83(2011) / RMTCRS Fort Peck Sioux (ft),+proj=lcc +lat_1=48.3333333333333 +lat_0=48.3333333333333 +lon_0=-105.5 +k_0=1.00009 +x_0=99999.9999996 +y_0=49999.99971024 +ellps=GRS80 +units=ft +no_defs +type=crs
EPSG,7125,NAD83(2011) / RMTCRS Crow (ft),+proj=tmerc +lat_0=44.75 +lon_0=-107.75 +k=1.000148 +x_0=199999.9999992 +y_0=0 +ellps=GRS80 +units=ft +no_defs +type=crs
EPSG,7126,NAD83(2011) / RMTCRS Bobcat (ft),+proj=lcc +lat_1=46.25 +lat_0=46.25 +lon_0=-111.25 +k_0=1.000185 +x_0=99999.9999996 +y_0=99999.9999996 +ellps=GRS80 +units=ft +no_defs +type=crs
EPSG,7127,NAD83(2011) / RMTCRS Billings (ft),+proj=lcc +lat_1=45.7833333333333 +lat_0=45.7833333333333 +lon_0=-108.416666666667 +k_0=1.0001515 +x_0=199999.9999992 +y_0=50000.00001504 +ellps=GRS80 +units=ft +no_defs +type=crs
EPSG,7128,NAD83(2011) / RMTCRS Wind River (ftUS),+proj=tmerc +lat_0=42.6666666666667 +lon_0=-108.333333333333 +k=1.00024 +x_0=99999.99998984 +y_0=0 +ellps=GRS80 +units=us-ft +no_defs +type=crs
EPSG,7131,NAD83(2011) / San Francisco CS13,+proj=tmerc +lat_0=37.75 +lon_0=-122.45 +k=1.000007 +x_0=48000 +y_0=24000 +ellps=GRS80 +units=m +no_defs +type=crs
EPSG,7132,NAD83(2011) / San Francisco CS13 (ftUS),+proj=tmerc +lat_0=37.75 +lon_0=-122.45 +k=1.000007 +x_0=48000 +y_0=24000 +ellps=GRS80 +units=us-ft +no_defs +type=crs
EPSG,7133,RGTAAF07 (lon-lat),+proj=longlat +ellps=GRS80 +no_defs +type=crs
EPSG,7134,IGD05,+proj=geocent +ellps=WGS84 +units=m +no_defs +type=crs
EPSG,7135,IGD05,+proj=longlat +ellps=WGS84 +no_defs +type=crs
EPSG,7136,IGD05,+proj=longlat +ellps=WGS84 +no_defs +type=crs
EPSG,7137,IGD05/12,+proj=geocent +ellps=WGS84 +units=m +no_defs +type=crs
EPSG,7138,IGD05/12,+proj=longlat +ellps=WGS84 +no_defs +type=crs
EPSG,7139,IGD05/12,+proj=longlat +ellps=WGS84 +no_defs +type=crs
EPSG,7142,Palestine 1923 / Palestine Grid modified,+proj=tmerc +lat_0=31.7340969444444 +lon_0=35.2120805555556 +k=1 +x_0=170251.555 +y_0=126867.909 +a=6378300.789 +b=6356566.435 +units=m +no_defs +type=crs
EPSG,7257,NAD83(2011) / InGCS Adams (m),+proj=tmerc +lat_0=40.55 +lon_0=-84.95 +k=1.000034 +x_0=240000 +y_0=36000 +ellps=GRS80 +units=m +no_defs +type=crs
EPSG,7258,NAD83(2011) / InGCS Adams (ftUS),+proj=tmerc +lat_0=40.55 +lon_0=-84.95 +k=1.000034 +x_0=240000 +y_0=36000 +ellps=GRS80 +units=us-ft +no_defs +type=crs
EPSG,7259,NAD83(2011) / InGCS Allen (m),+proj=tmerc +lat_0=40.9 +lon_0=-85.05 +k=1.000031 +x_0=240000 +y_0=36000 +ellps=GRS80 +units=m +no_defs +type=crs
EPSG,7260,NAD83(2011) / InGCS Allen (ftUS),+proj=tmerc +lat_0=40.9 +lon_0=-85.05 +k=1.000031 +x_0=240000 +y_0=36000 +ellps=GRS80 +units=us-ft +no_defs +type=crs
EPSG,7261,NAD83(2011) / InGCS Bartholomew (m),+proj=tmerc +lat_0=39 +lon_0=-85.85 +k=1.000026 +x_0=240000 +y_0=36000 +ellps=GRS80 +units=m +no_defs +type=crs
EPSG,7262,NAD83(2011) / InGCS Bartholomew (ftUS),+proj=tmerc +lat_0=39 +lon_0=-85.85 +k=1.000026 +x_0=240000 +y_0=36000 +ellps=GRS80 +units=us-ft +no_defs +type=crs
EPSG,7263,NAD83(2011) / InGCS Benton (m),+proj=tmerc +lat_0=40.45 +lon_0=-87.3 +k=1.000029 +x_0=240000 +y_0=36000 +ellps=GRS80 +units=m +no_defs +type=crs
EPSG,7264,NAD83(2011) / InGCS Benton (ftUS),+proj=tmerc +lat_0=40.45 +lon_0=-87.3 +k=1.000029 +x_0=240000 +y_0=36000 +ellps=GRS80 +units=us-ft +no_defs +type=crs
EPSG,7265,NAD83(2011) / InGCS Blackford-Delaware (m),+proj=tmerc +lat_0=40.05 +lon_0=-85.4 +k=1.000038 +x_0=240000 +y_0=36000 +ellps=GRS80 +units=m +no_defs +type=crs
EPSG,7266,NAD83(2011) / InGCS Blackford-Delaware (ftUS),+proj=tmerc +lat_0=40.05 +lon_0=-85.4 +k=1.000038 +x_0=240000 +y_0=36000 +ellps=GRS80 +units=us-ft +no_defs +type=crs
EPSG,7267,NAD83(2011) / InGCS Boone-Hendricks (m),+proj=tmerc +lat_0=39.6 +lon_0=-86.5 +k=1.000036 +x_0=240000 +y_0=36000 +ellps=GRS80 +units=m +no_defs +type=crs
EPSG,7268,NAD83(2011) / InGCS Boone-Hendricks (ftUS),+proj=tmerc +lat_0=39.6 +lon_0=-86.5 +k=1.000036 +x_0=240000 +y_0=36000 +ellps=GRS80 +units=us-ft +no_defs +type=crs
EPSG,7269,NAD83(2011) / InGCS Brown (m),+proj=tmerc +lat_0=39 +lon_0=-86.3 +k=1.00003 +x_0=240000 +y_0=36000 +ellps=GRS80 +units=m +no_defs +type=crs
EPSG,7270,NAD83(2011) / InGCS Brown (ftUS),+proj=tmerc +lat_0=39 +lon_0=-86.3 +k=1.00003 +x_0=240000 +y_0=36000 +ellps=GRS80 +units=us-ft +no_defs +type=crs
EPSG,7271,NAD83(2011) / InGCS Carroll (m),+proj=tmerc +lat_0=40.4 +lon_0=-86.65 +k=1.000026 +x_0=240000 +y_0=36000 +ellps=GRS80 +units=m +no_defs +type=crs
EPSG,7272,NAD83(2011) / InGCS Carroll (ftUS),+proj=tmerc +lat_0=40.4 +lon_0=-86.65 +k=1.000026 +x_0=240000 +y_0=36000 +ellps=GRS80 +units=us-ft +no_defs +type=crs
EPSG,7273,NAD83(2011) / InGCS Cass (m),+proj=tmerc +lat_0=40.55 +lon_0=-86.4 +k=1.000028 +x_0=240000 +y_0=36000 +ellps=GRS80 +units=m +no_defs +type=crs
EPSG,7274,NAD83(2011) / InGCS Cass (ftUS),+proj=tmerc +lat_0=40.55 +lon_0=-86.4 +k=1.000028 +x_0=240000 +y_0=36000 +ellps=GRS80 +units=us-ft +no_defs +type=crs
EPSG,7275,NAD83(2011) / InGCS Clark-Floyd-Scott (m),+proj=tmerc +lat_0=38.15 +lon_0=-85.6 +k=1.000021 +x_0=240000 +y_0=36000 +ellps=GRS80 +units=m +no_defs +type=crs
EPSG,7276,NAD83(2011) / InGCS Clark-Floyd-Scott (ftUS),+proj=tmerc +lat_0=38.15 +lon_0=-85.6 +k=1.000021 +x_0=240000 +y_0=36000 +ellps=GRS80 +units=us-ft +no_defs +type=crs
EPSG,7277,NAD83(2011) / InGCS Clay (m),+proj=tmerc +lat_0=39.15 +lon_0=-87.15 +k=1.000024 +x_0=240000 +y_0=36000 +ellps=GRS80 +units=m +no_defs +type=crs
EPSG,7278,NAD83(2011) / InGCS Clay (ftUS),+proj=tmerc +lat_0=39.15 +lon_0=-87.15 +k=1.000024 +x_0=240000 +y_0=36000 +ellps=GRS80 +units=us-ft +no_defs +type=crs
EPSG,7279,NAD83(2011) / InGCS Clinton (m),+proj=tmerc +lat_0=40.15 +lon_0=-86.6 +k=1.000032 +x_0=240000 +y_0=36000 +ellps=GRS80 +units=m +no_defs +type=crs
EPSG,7280,NAD83(2011) / InGCS Clinton (ftUS),+proj=tmerc +lat_0=40.15 +lon_0=-86.6 +k=1.000032 +x_0=240000 +y_0=36000 +ellps=GRS80 +units=us-ft +no_defs +type=crs
EPSG,7281,NAD83(2011) / InGCS Crawford-Lawrence-Orange (m),+proj=tmerc +lat_0=38.1 +lon_0=-86.5 +k=1.000025 +x_0=240000 +y_0=36000 +ellps=GRS80 +units=m +no_defs +type=crs
EPSG,7282,NAD83(2011) / InGCS Crawford-Lawrence-Orange (ftUS),+proj=tmerc +lat_0=38.1 +lon_0=-86.5 +k=1.000025 +x_0=240000 +y_0=36000 +ellps=GRS80 +units=us-ft +no_defs +type=crs
EPSG,7283,NAD83(2011) / InGCS Daviess-Greene (m),+proj=tmerc +lat_0=38.45 +lon_0=-87.1 +k=1.000018 +x_0=240000 +y_0=36000 +ellps=GRS80 +units=m +no_defs +type=crs
EPSG,7284,NAD83(2011) / InGCS Daviess-Greene (ftUS),+proj=tmerc +lat_0=38.45 +lon_0=-87.1 +k=1.000018 +x_0=240000 +y_0=36000 +ellps=GRS80 +units=us-ft +no_defs +type=crs
EPSG,7285,NAD83(2011) / InGCS Dearborn-Ohio-Switzerland (m),+proj=tmerc +lat_0=38.65 +lon_0=-84.9 +k=1.000029 +x_0=240000 +y_0=36000 +ellps=GRS80 +units=m +no_defs +type=crs
EPSG,7286,NAD83(2011) / InGCS Dearborn-Ohio-Switzerland (ftUS),+proj=tmerc +lat_0=38.65 +lon_0=-84.9 +k=1.000029 +x_0=240000 +y_0=36000 +ellps=GRS80 +units=us-ft +no_defs +type=crs
EPSG,7287,NAD83(2011) / InGCS Decatur-Rush (m),+proj=tmerc +lat_0=39.1 +lon_0=-85.65 +k=1.000036 +x_0=240000 +y_0=36000 +ellps=GRS80 +units=m +no_defs +type=crs
EPSG,7288,NAD83(2011) / InGCS Decatur-Rush (ftUS),+proj=tmerc +lat_0=39.1 +lon_0=-85.65 +k=1.000036 +x_0=240000 +y_0=36000 +ellps=GRS80 +units=us-ft +no_defs +type=crs
EPSG,7289,NAD83(2011) / InGCS DeKalb (m),+proj=tmerc +lat_0=41.25 +lon_0=-84.95 +k=1.000036 +x_0=240000 +y_0=36000 +ellps=GRS80 +units=m +no_defs +type=crs
EPSG,7290,NAD83(2011) / InGCS DeKalb (ftUS),+proj=tmerc +lat_0=41.25 +lon_0=-84.95 +k=1.000036 +x_0=240000 +y_0=36000 +ellps=GRS80 +units=us-ft +no_defs +type=crs
EPSG,7291,NAD83(2011) / InGCS Dubois-Martin (m),+proj=tmerc +lat_0=38.2 +lon_0=-86.95 +k=1.00002 +x_0=240000 +y_0=36000 +ellps=GRS80 +units=m +no_defs +type=crs
EPSG,7292,NAD83(2011) / InGCS Dubois-Martin (ftUS),+proj=tmerc +lat_0=38.2 +lon_0=-86.95 +k=1.00002 +x_0=240000 +y_0=36000 +ellps=GRS80 +units=us-ft +no_defs +type=crs
EPSG,7293,NAD83(2011) / InGCS Elkhart-Kosciusko-Wabash (m),+proj=tmerc +lat_0=40.65 +lon_0=-85.85 +k=1.000033 +x_0=240000 +y_0=36000 +ellps=GRS80 +units=m +no_defs +type=crs
EPSG,7294,NAD83(2011) / InGCS Elkhart-Kosciusko-Wabash (ftUS),+proj=tmerc +lat_0=40.65 +lon_0=-85.85 +k=1.000033 +x_0=240000 +y_0=36000 +ellps=GRS80 +units=us-ft +no_defs +type=crs
EPSG,7295,NAD83(2011) / InGCS Fayette-Franklin-Union (m),+proj=tmerc +lat_0=39.25 +lon_0=-85.05 +k=1.000038 +x_0=240000 +y_0=36000 +ellps=GRS80 +units=m +no_defs +type=crs
EPSG,7296,NAD83(2011) / InGCS Fayette-Franklin-Union (ftUS),+proj=tmerc +lat_0=39.25 +lon_0=-85.05 +k=1.000038 +x_0=240000 +y_0=36000 +ellps=GRS80 +units=us-ft +no_defs +type=crs
EPSG,7297,NAD83(2011) / InGCS Fountain-Warren (m),+proj=tmerc +lat_0=39.95 +lon_0=-87.3 +k=1.000025 +x_0=240000 +y_0=36000 +ellps=GRS80 +units=m +no_defs +type=crs
EPSG,7298,NAD83(2011) / InGCS Fountain-Warren (ftUS),+proj=tmerc +lat_0=39.95 +lon_0=-87.3 +k=1.000025 +x_0=240000 +y_0=36000 +ellps=GRS80 +units=us-ft +no_defs +type=crs
EPSG,7299,NAD83(2011) / InGCS Fulton-Marshall-St. Joseph (m),+proj=tmerc +lat_0=40.9 +lon_0=-86.3 +k=1.000031 +x_0=240000 +y_0=36000 +ellps=GRS80 +units=m +no_defs +type=crs
EPSG,7300,NAD83(2011) / InGCS Fulton-Marshall-St. Joseph (ftUS),+proj=tmerc +lat_0=40.9 +lon_0=-86.3 +k=1.000031 +x_0=240000 +y_0=36000 +ellps=GRS80 +units=us-ft +no_defs +type=crs
EPSG,7301,NAD83(2011) / InGCS Gibson (m),+proj=tmerc +lat_0=38.15 +lon_0=-87.65 +k=1.000013 +x_0=240000 +y_0=36000 +ellps=GRS80 +units=m +no_defs +type=crs
EPSG,7302,NAD83(2011) / InGCS Gibson (ftUS),+proj=tmerc +lat_0=38.15 +lon_0=-87.65 +k=1.000013 +x_0=240000 +y_0=36000 +ellps=GRS80 +units=us-ft +no_defs +type=crs
EPSG,7303,NAD83(2011) / InGCS Grant (m),+proj=tmerc +lat_0=40.35 +lon_0=-85.7 +k=1.000034 +x_0=240000 +y_0=36000 +ellps=GRS80 +units=m +no_defs +type=crs
EPSG,7304,NAD83(2011) / InGCS Grant (ftUS),+proj=tmerc +lat_0=40.35 +lon_0=-85.7 +k=1.000034 +x_0=240000 +y_0=36000 +ellps=GRS80 +units=us-ft +no_defs +type=crs
EPSG,7305,NAD83(2011) / InGCS Hamilton-Tipton (m),+proj=tmerc +lat_0=39.9 +lon_0=-86 +k=1.000034 +x_0=240000 +y_0=36000 +ellps=GRS80 +units=m +no_defs +type=crs
EPSG,7306,NAD83(2011) / InGCS Hamilton-Tipton (ftUS),+proj=tmerc +lat_0=39.9 +lon_0=-86 +k=1.000034 +x_0=240000 +y_0=36000 +ellps=GRS80 +units=us-ft +no_defs +type=crs
EPSG,7307,NAD83(2011) / InGCS Hancock-Madison (m),+proj=tmerc +lat_0=39.65 +lon_0=-85.8 +k=1.000036 +x_0=240000 +y_0=36000 +ellps=GRS80 +units=m +no_defs +type=crs
EPSG,7308,NAD83(2011) / InGCS Hancock-Madison (ftUS),+proj=tmerc +lat_0=39.65 +lon_0=-85.8 +k=1.000036 +x_0=240000 +y_0=36000 +ellps=GRS80 +units=us-ft +no_defs +type=crs
EPSG,7309,NAD83(2011) / InGCS Harrison-Washington (m),+proj=tmerc +lat_0=37.95 +lon_0=-86.15 +k=1.000027 +x_0=240000 +y_0=36000 +ellps=GRS80 +units=m +no_defs +type=crs
EPSG,7310,NAD83(2011) / InGCS Harrison-Washington (ftUS),+proj=tmerc +lat_0=37.95 +lon_0=-86.15 +k=1.000027 +x_0=240000 +y_0=36000 +ellps=GRS80 +units=us-ft +no_defs +type=crs
EPSG,7311,NAD83(2011) / InGCS Henry (m),+proj=tmerc +lat_0=39.75 +lon_0=-85.45 +k=1.000043 +x_0=240000 +y_0=36000 +ellps=GRS80 +units=m +no_defs +type=crs
EPSG,7312,NAD83(2011) / InGCS Henry (ftUS),+proj=tmerc +lat_0=39.75 +lon_0=-85.45 +k=1.000043 +x_0=240000 +y_0=36000 +ellps=GRS80 +units=us-ft +no_defs +type=crs
EPSG,7313,NAD83(2011) / InGCS Howard-Miami (m),+proj=tmerc +lat_0=40.35 +lon_0=-86.15 +k=1.000031 +x_0=240000 +y_0=36000 +ellps=GRS80 +units=m +no_defs +type=crs
EPSG,7314,NAD83(2011) / InGCS Howard-Miami (ftUS),+proj=tmerc +lat_0=40.35 +lon_0=-86.15 +k=1.000031 +x_0=240000 +y_0=36000 +ellps=GRS80 +units=us-ft +no_defs +type=crs
EPSG,7315,NAD83(2011) / InGCS Huntington-Whitley (m),+proj=tmerc +lat_0=40.65 +lon_0=-85.5 +k=1.000034 +x_0=240000 +y_0=36000 +ellps=GRS80 +units=m +no_defs +type=crs
EPSG,7316,NAD83(2011) / InGCS Huntington-Whitley (ftUS),+proj=tmerc +lat_0=40.65 +lon_0=-85.5 +k=1.000034 +x_0=240000 +y_0=36000 +ellps=GRS80 +units=us-ft +no_defs +type=crs
EPSG,7317,NAD83(2011) / InGCS Jackson (m),+proj=tmerc +lat_0=38.7 +lon_0=-85.95 +k=1.000022 +x_0=240000 +y_0=36000 +ellps=GRS80 +units=m +no_defs +type=crs
EPSG,7318,NAD83(2011) / InGCS Jackson (ftUS),+proj=tmerc +lat_0=38.7 +lon_0=-85.95 +k=1.000022 +x_0=240000 +y_0=36000 +ellps=GRS80 +units=us-ft +no_defs +type=crs
EPSG,7319,NAD83(2011) / InGCS Jasper-Porter (m),+proj=tmerc +lat_0=40.7 +lon_0=-87.1 +k=1.000027 +x_0=240000 +y_0=36000 +ellps=GRS80 +units=m +no_defs +type=crs
EPSG,7320,NAD83(2011) / InGCS Jasper-Porter (ftUS),+proj=tmerc +lat_0=40.7 +lon_0=-87.1 +k=1.000027 +x_0=240000 +y_0=36000 +ellps=GRS80 +units=us-ft +no_defs +type=crs
EPSG,7321,NAD83(2011) / InGCS Jay (m),+proj=tmerc +lat_0=40.3 +lon_0=-85 +k=1.000038 +x_0=240000 +y_0=36000 +ellps=GRS80 +units=m +no_defs +type=crs
EPSG,7322,NAD83(2011) / InGCS Jay (ftUS),+proj=tmerc +lat_0=40.3 +lon_0=-85 +k=1.000038 +x_0=240000 +y_0=36000 +ellps=GRS80 +units=us-ft +no_defs +type=crs
EPSG,7323,NAD83(2011) / InGCS Jefferson (m),+proj=tmerc +lat_0=38.55 +lon_0=-85.35 +k=1.000028 +x_0=240000 +y_0=36000 +ellps=GRS80 +units=m +no_defs +type=crs
EPSG,7324,NAD83(2011) / InGCS Jefferson (ftUS),+proj=tmerc +lat_0=38.55 +lon_0=-85.35 +k=1.000028 +x_0=240000 +y_0=36000 +ellps=GRS80 +units=us-ft +no_defs +type=crs
EPSG,7325,NAD83(2011) / InGCS Jennings (m),+proj=tmerc +lat_0=38.8 +lon_0=-85.8 +k=1.000025 +x_0=240000 +y_0=36000 +ellps=GRS80 +units=m +no_defs +type=crs
EPSG,7326,NAD83(2011) / InGCS Jennings (ftUS),+proj=tmerc +lat_0=38.8 +lon_0=-85.8 +k=1.000025 +x_0=240000 +y_0=36000 +ellps=GRS80 +units=us-ft +no_defs +type=crs
EPSG,7327,NAD83(2011) / InGCS Johnson-Marion (m),+proj=tmerc +lat_0=39.3 +lon_0=-86.15 +k=1.000031 +x_0=240000 +y_0=36000 +ellps=GRS80 +units=m +no_defs +type=crs
EPSG,7328,NAD83(2011) / InGCS Johnson-Marion (ftUS),+proj=tmerc +lat_0=39.3 +lon_0=-86.15 +k=1.000031 +x_0=240000 +y_0=36000 +ellps=GRS80 +units=us-ft +no_defs +type=crs
EPSG,7329,NAD83(2011) / InGCS Knox (m),+proj=tmerc +lat_0=38.4 +lon_0=-87.45 +k=1.000015 +x_0=240000 +y_0=36000 +ellps=GRS80 +units=m +no_defs +type=crs
EPSG,7330,NAD83(2011) / InGCS Knox (ftUS),+proj=tmerc +lat_0=38.4 +lon_0=-87.45 +k=1.000015 +x_0=240000 +y_0=36000 +ellps=GRS80 +units=us-ft +no_defs +type=crs
EPSG,7331,NAD83(2011) / InGCS LaGrange-Noble (m),+proj=tmerc +lat_0=41.25 +lon_0=-85.45 +k=1.000037 +x_0=240000 +y_0=36000 +ellps=GRS80 +units=m +no_defs +type=crs
EPSG,7332,NAD83(2011) / InGCS LaGrange-Noble (ftUS),+proj=tmerc +lat_0=41.25 +lon_0=-85.45 +k=1.000037 +x_0=240000 +y_0=36000 +ellps=GRS80 +units=us-ft +no_defs +type=crs
EPSG,7333,NAD83(2011) / InGCS Lake-Newton (m),+proj=tmerc +lat_0=40.7 +lon_0=-87.4 +k=1.000026 +x_0=240000 +y_0=36000 +ellps=GRS80 +units=m +no_defs +type=crs
EPSG,7334,NAD83(2011) / InGCS Lake-Newton (ftUS),+proj=tmerc +lat_0=40.7 +lon_0=-87.4 +k=1.000026 +x_0=240000 +y_0=36000 +ellps=GRS80 +units=us-ft +no_defs +type=crs
EPSG,7335,NAD83(2011) / InGCS LaPorte-Pulaski-Starke (m),+proj=tmerc +lat_0=40.9 +lon_0=-86.75 +k=1.000027 +x_0=240000 +y_0=36000 +ellps=GRS80 +units=m +no_defs +type=crs
EPSG,7336,NAD83(2011) / InGCS LaPorte-Pulaski-Starke (ftUS),+proj=tmerc +lat_0=40.9 +lon_0=-86.75 +k=1.000027 +x_0=240000 +y_0=36000 +ellps=GRS80 +units=us-ft +no_defs +type=crs
EPSG,7337,NAD83(2011) / InGCS Monroe-Morgan (m),+proj=tmerc +lat_0=38.95 +lon_0=-86.5 +k=1.000028 +x_0=240000 +y_0=36000 +ellps=GRS80 +units=m +no_defs +type=crs
EPSG,7338,NAD83(2011) / InGCS Monroe-Morgan (ftUS),+proj=tmerc +lat_0=38.95 +lon_0=-86.5 +k=1.000028 +x_0=240000 +y_0=36000 +ellps=GRS80 +units=us-ft +no_defs +type=crs
EPSG,7339,NAD83(2011) / InGCS Montgomery-Putnam (m),+proj=tmerc +lat_0=39.45 +lon_0=-86.95 +k=1.000031 +x_0=240000 +y_0=36000 +ellps=GRS80 +units=m +no_defs +type=crs
EPSG,7340,NAD83(2011) / InGCS Montgomery-Putnam (ftUS),+proj=tmerc +lat_0=39.45 +lon_0=-86.95 +k=1.000031 +x_0=240000 +y_0=36000 +ellps=GRS80 +units=us-ft +no_defs +type=crs
EPSG,7341,NAD83(2011) / InGCS Owen (m),+proj=tmerc +lat_0=39.15 +lon_0=-86.9 +k=1.000026 +x_0=240000 +y_0=36000 +ellps=GRS80 +units=m +no_defs +type=crs
EPSG,7342,NAD83(2011) / InGCS Owen (ftUS),+proj=tmerc +lat_0=39.15 +lon_0=-86.9 +k=1.000026 +x_0=240000 +y_0=36000 +ellps=GRS80 +units=us-ft +no_defs +type=crs
EPSG,7343,NAD83(2011) / InGCS Parke-Vermillion (m),+proj=tmerc +lat_0=39.6 +lon_0=-87.35 +k=1.000022 +x_0=240000 +y_0=36000 +ellps=GRS80 +units=m +no_defs +type=crs
EPSG,7344,NAD83(2011) / InGCS Parke-Vermillion (ftUS),+proj=tmerc +lat_0=39.6 +lon_0=-87.35 +k=1.000022 +x_0=240000 +y_0=36000 +ellps=GRS80 +units=us-ft +no_defs +type=crs
EPSG,7345,NAD83(2011) / InGCS Perry (m),+proj=tmerc +lat_0=37.8 +lon_0=-86.7 +k=1.00002 +x_0=240000 +y_0=36000 +ellps=GRS80 +units=m +no_defs +type=crs
EPSG,7346,NAD83(2011) / InGCS Perry (ftUS),+proj=tmerc +lat_0=37.8 +lon_0=-86.7 +k=1.00002 +x_0=240000 +y_0=36000 +ellps=GRS80 +units=us-ft +no_defs +type=crs
EPSG,7347,NAD83(2011) / InGCS Pike-Warrick (m),+proj=tmerc +lat_0=37.85 +lon_0=-87.3 +k=1.000015 +x_0=240000 +y_0=36000 +ellps=GRS80 +units=m +no_defs +type=crs
EPSG,7348,NAD83(2011) / InGCS Pike-Warrick (ftUS),+proj=tmerc +lat_0=37.85 +lon_0=-87.3 +k=1.000015 +x_0=240000 +y_0=36000 +ellps=GRS80 +units=us-ft +no_defs +type=crs
EPSG,7349,NAD83(2011) / InGCS Posey (m),+proj=tmerc +lat_0=37.75 +lon_0=-87.95 +k=1.000013 +x_0=240000 +y_0=36000 +ellps=GRS80 +units=m +no_defs +type=crs
EPSG,7350,NAD83(2011) / InGCS Posey (ftUS),+proj=tmerc +lat_0=37.75 +lon_0=-87.95 +k=1.000013 +x_0=240000 +y_0=36000 +ellps=GRS80 +units=us-ft +no_defs +type=crs
EPSG,7351,NAD83(2011) / InGCS Randolph-Wayne (m),+proj=tmerc +lat_0=39.7 +lon_0=-85.05 +k=1.000044 +x_0=240000 +y_0=36000 +ellps=GRS80 +units=m +no_defs +type=crs
EPSG,7352,NAD83(2011) / InGCS Randolph-Wayne (ftUS),+proj=tmerc +lat_0=39.7 +lon_0=-85.05 +k=1.000044 +x_0=240000 +y_0=36000 +ellps=GRS80 +units=us-ft +no_defs +type=crs
EPSG,7353,NAD83(2011) / InGCS Ripley (m),+proj=tmerc +lat_0=38.9 +lon_0=-85.3 +k=1.000038 +x_0=240000 +y_0=36000 +ellps=GRS80 +units=m +no_defs +type=crs
EPSG,7354,NAD83(2011) / InGCS Ripley (ftUS),+proj=tmerc +lat_0=38.9 +lon_0=-85.3 +k=1.000038 +x_0=240000 +y_0=36000 +ellps=GRS80 +units=us-ft +no_defs +type=crs
EPSG,7355,NAD83(2011) / InGCS Shelby (m),+proj=tmerc +lat_0=39.3 +lon_0=-85.9 +k=1.00003 +x_0=240000 +y_0=36000 +ellps=GRS80 +units=m +no_defs +type=crs
EPSG,7356,NAD83(2011) / InGCS Shelby (ftUS),+proj=tmerc +lat_0=39.3 +lon_0=-85.9 +k=1.00003 +x_0=240000 +y_0=36000 +ellps=GRS80 +units=us-ft +no_defs +type=crs
EPSG,7357,NAD83(2011) / InGCS Spencer (m),+proj=tmerc +lat_0=37.75 +lon_0=-87.05 +k=1.000014 +x_0=240000 +y_0=36000 +ellps=GRS80 +units=m +no_defs +type=crs
EPSG,7358,NAD83(2011) / InGCS Spencer (ftUS),+proj=tmerc +lat_0=37.75 +lon_0=-87.05 +k=1.000014 +x_0=240000 +y_0=36000 +ellps=GRS80 +units=us-ft +no_defs +type=crs
EPSG,7359,NAD83(2011) / InGCS Steuben (m),+proj=tmerc +lat_0=41.5 +lon_0=-85 +k=1.000041 +x_0=240000 +y_0=36000 +ellps=GRS80 +units=m +no_defs +type=crs
EPSG,7360,NAD83(2011) / InGCS Steuben (ftUS),+proj=tmerc +lat_0=41.5 +lon_0=-85 +k=1.000041 +x_0=240000 +y_0=36000 +ellps=GRS80 +units=us-ft +no_defs +type=crs
EPSG,7361,NAD83(2011) / InGCS Sullivan (m),+proj=tmerc +lat_0=38.9 +lon_0=-87.5 +k=1.000017 +x_0=240000 +y_0=36000 +ellps=GRS80 +units=m +no_defs +type=crs
EPSG,7362,NAD83(2011) / InGCS Sullivan (ftUS),+proj=tmerc +lat_0=38.9 +lon_0=-87.5 +k=1.000017 +x_0=240000 +y_0=36000 +ellps=GRS80 +units=us-ft +no_defs +type=crs
EPSG,7363,NAD83(2011) / InGCS Tippecanoe-White (m),+proj=tmerc +lat_0=40.2 +lon_0=-86.9 +k=1.000026 +x_0=240000 +y_0=36000 +ellps=GRS80 +units=m +no_defs +type=crs
EPSG,7364,NAD83(2011) / InGCS Tippecanoe-White (ftUS),+proj=tmerc +lat_0=40.2 +lon_0=-86.9 +k=1.000026 +x_0=240000 +y_0=36000 +ellps=GRS80 +units=us-ft +no_defs +type=crs
EPSG,7365,NAD83(2011) / InGCS Vanderburgh (m),+proj=tmerc +lat_0=37.8 +lon_0=-87.55 +k=1.000015 +x_0=240000 +y_0=36000 +ellps=GRS80 +units=m +no_defs +type=crs
EPSG,7366,NAD83(2011) / InGCS Vanderburgh (ftUS),+proj=tmerc +lat_0=37.8 +lon_0=-87.55 +k=1.000015 +x_0=240000 +y_0=36000 +ellps=GRS80 +units=us-ft +no_defs +type=crs
EPSG,7367,NAD83(2011) / InGCS Vigo (m),+proj=tmerc +lat_0=39.25 +lon_0=-87.45 +k=1.00002 +x_0=240000 +y_0=36000 +ellps=GRS80 +units=m +no_defs +type=crs
EPSG,7368,NAD83(2011) / InGCS Vigo (ftUS),+proj=tmerc +lat_0=39.25 +lon_0=-87.45 +k=1.00002 +x_0=240000 +y_0=36000 +ellps=GRS80 +units=us-ft +no_defs +type=crs
EPSG,7369,NAD83(2011) / InGCS Wells (m),+proj=tmerc +lat_0=40.55 +lon_0=-85.25 +k=1.000034 +x_0=240000 +y_0=36000 +ellps=GRS80 +units=m +no_defs +type=crs
EPSG,7370,NAD83(2011) / InGCS Wells (ftUS),+proj=tmerc +lat_0=40.55 +lon_0=-85.25 +k=1.000034 +x_0=240000 +y_0=36000 +ellps=GRS80 +units=us-ft +no_defs +type=crs
EPSG,7371,ONGD14,+proj=geocent +ellps=GRS80 +units=m +no_defs +type=crs
EPSG,7372,ONGD14,+proj=longlat +ellps=GRS80 +no_defs +type=crs
EPSG,7373,ONGD14,+proj=longlat +ellps=GRS80 +no_defs +type=crs
EPSG,7374,ONGD14 / UTM zone 39N,+proj=utm +zone=39 +ellps=GRS80 +units=m +no_defs +type=crs
EPSG,7375,ONGD14 / UTM zone 40N,+proj=utm +zone=40 +ellps=GRS80 +units=m +no_defs +type=crs
EPSG,7376,ONGD14 / UTM zone 41N,+proj=utm +zone=41 +ellps=GRS80 +units=m +no_defs +type=crs
EPSG,7400,NTF (Paris) + NGF-IGN69 height,+proj=longlat +ellps=clrk80ign +pm=paris +vunits=m +no_defs +type=crs
EPSG,7404,RT90 + RH70 height,+proj=longlat +ellps=bessel +vunits=m +no_defs +type=crs
EPSG,7405,OSGB36 / British National Grid + ODN height,+proj=tmerc +lat_0=49 +lon_0=-2 +k=0.9996012717 +x_0=400000 +y_0=-100000 +ellps=airy +units=m +vunits=m +no_defs +type=crs
EPSG,7406,NAD27 + NGVD29 height (ftUS),+proj=longlat +datum=NAD27 +vunits=us-ft +no_defs +type=crs
EPSG,7407,NAD27 / Texas North + NGVD29 height (ftUS),+proj=lcc +lat_0=34 +lon_0=-101.5 +lat_1=34.65 +lat_2=36.1833333333333 +x_0=609601.219202438 +y_0=0 +datum=NAD27 +units=us-ft +vunits=us-ft +no_defs +type=crs
EPSG,7409,ETRS89 + EVRF2000 height,+proj=longlat +ellps=GRS80 +vunits=m +no_defs +type=crs
EPSG,7410,PSHD93,+proj=longlat +a=6378249.145 +rf=293.465 +vunits=m +no_defs +type=crs
EPSG,7411,NTF (Paris) / Lambert zone II + NGF Lallemand height,+proj=lcc +lat_1=46.8 +lat_0=46.8 +lon_0=0 +k_0=0.99987742 +x_0=600000 +y_0=2200000 +ellps=clrk80ign +pm=paris +units=m +vunits=m +no_defs +type=crs
EPSG,7414,Tokyo + JSLD69 height,+proj=longlat +ellps=bessel +vunits=m +no_defs +type=crs
EPSG,7415,Amersfoort / RD New + NAP height,+proj=sterea +lat_0=52.1561605555556 +lon_0=5.38763888888889 +k=0.9999079 +x_0=155000 +y_0=463000 +ellps=bessel +units=m +vunits=m +no_defs +type=crs
EPSG,7416,ETRS89 / UTM zone 32N + DVR90 height,+proj=utm +zone=32 +ellps=GRS80 +units=m +vunits=m +no_defs +type=crs
EPSG,7417,ETRS89 / UTM zone 33N + DVR90 height,+proj=utm +zone=33 +ellps=GRS80 +units=m +vunits=m +no_defs +type=crs
EPSG,7418,ETRS89 / Kp2000 Jutland + DVR90 height,+proj=tmerc +lat_0=0 +lon_0=9.5 +k=0.99995 +x_0=200000 +y_0=0 +ellps=GRS80 +units=m +vunits=m +no_defs +type=crs
EPSG,7419,ETRS89 / Kp2000 Zealand + DVR90 height,+proj=tmerc +lat_0=0 +lon_0=12 +k=0.99995 +x_0=500000 +y_0=0 +ellps=GRS80 +units=m +vunits=m +no_defs +type=crs
EPSG,7420,ETRS89 / Kp2000 Bornholm + DVR90 height,+proj=tmerc +lat_0=0 +lon_0=15 +k=1 +x_0=900000 +y_0=0 +ellps=GRS80 +units=m +vunits=m +no_defs +type=crs
EPSG,7421,NTF (Paris) / Lambert zone II + NGF-IGN69 height,+proj=lcc +lat_1=46.8 +lat_0=46.8 +lon_0=0 +k_0=0.99987742 +x_0=600000 +y_0=2200000 +ellps=clrk80ign +pm=paris +units=m +vunits=m +no_defs +type=crs
EPSG,7422,NTF (Paris) / Lambert zone III + NGF-IGN69 height,+proj=lcc +lat_1=44.1 +lat_0=44.1 +lon_0=0 +k_0=0.999877499 +x_0=600000 +y_0=3200000 +ellps=clrk80ign +pm=paris +units=m +vunits=m +no_defs +type=crs
EPSG,7423,ETRS89 + EVRF2007 height,+proj=longlat +ellps=GRS80 +vunits=m +no_defs +type=crs
EPSG,7446,Famagusta 1960 height,+vunits=m +no_defs +type=crs
EPSG,7447,PNG08 height,+vunits=m +no_defs +type=crs
EPSG,7528,NAD83(2011) / WISCRS Adams and Juneau (m),+proj=tmerc +lat_0=43.3666666666667 +lon_0=-90 +k=1.0000365285 +x_0=147218.6942 +y_0=0.0037 +ellps=GRS80 +units=m +no_defs +type=crs
EPSG,7529,NAD83(2011) / WISCRS Ashland (m),+proj=tmerc +lat_0=45.7061111111111 +lon_0=-90.6222222222222 +k=1.0000495683 +x_0=172821.9461 +y_0=0.0017 +ellps=GRS80 +units=m +no_defs +type=crs
EPSG,7530,NAD83(2011) / WISCRS Barron (m),+proj=tmerc +lat_0=45.1333333333333 +lon_0=-91.85 +k=1.0000486665 +x_0=93150 +y_0=0.0029 +ellps=GRS80 +units=m +no_defs +type=crs
EPSG,7531,NAD83(2011) / WISCRS Bayfield (m),+proj=lcc +lat_1=46.6696483772222 +lat_0=46.6696483772222 +lon_0=-91.1527777777778 +k_0=1.0000331195 +x_0=228600.4575 +y_0=148551.4837 +ellps=GRS80 +units=m +no_defs +type=crs
EPSG,7532,NAD83(2011) / WISCRS Brown (m),+proj=tmerc +lat_0=43 +lon_0=-88 +k=1.00002 +x_0=31600 +y_0=4600 +ellps=GRS80 +units=m +no_defs +type=crs
EPSG,7533,NAD83(2011) / WISCRS Buffalo (m),+proj=tmerc +lat_0=43.4813888888889 +lon_0=-91.7972222222222 +k=1.0000382778 +x_0=175260.3502 +y_0=0.0048 +ellps=GRS80 +units=m +no_defs +type=crs
EPSG,7534,NAD83(2011) / WISCRS Burnett (m),+proj=lcc +lat_1=45.8987148658333 +lat_0=45.8987148658333 +lon_0=-92.4577777777778 +k_0=1.0000383841 +x_0=64008.1276 +y_0=59445.9043 +ellps=GRS80 +units=m +no_defs +type=crs
EPSG,7535,"NAD83(2011) / WISCRS Calumet, Fond du Lac, Outagamie and Winnebago (m)",+proj=tmerc +lat_0=42.7194444444444 +lon_0=-88.5 +k=1.0000286569 +x_0=244754.8893 +y_0=0.0049 +ellps=GRS80 +units=m +no_defs +type=crs
EPSG,7536,NAD83(2011) / WISCRS Chippewa (m),+proj=lcc +lat_1=44.9778568986111 +lat_0=44.9778568986111 +lon_0=-91.2944444444444 +k_0=1.0000391127 +x_0=60045.72 +y_0=44091.4346 +ellps=GRS80 +units=m +no_defs +type=crs
EPSG,7537,NAD83(2011) / WISCRS Clark (m),+proj=tmerc +lat_0=43.6 +lon_0=-90.7083333333333 +k=1.0000463003 +x_0=199949.1989 +y_0=0.0086 +ellps=GRS80 +units=m +no_defs +type=crs
EPSG,7538,NAD83(2011) / WISCRS Columbia (m),+proj=lcc +lat_1=43.4625466458333 +lat_0=43.4625466458333 +lon_0=-89.3944444444444 +k_0=1.00003498 +x_0=169164.3381 +y_0=111569.6134 +ellps=GRS80 +units=m +no_defs +type=crs
EPSG,7539,NAD83(2011) / WISCRS Crawford (m),+proj=lcc +lat_1=43.200055605 +lat_0=43.200055605 +lon_0=-90.9388888888889 +k_0=1.0000349151 +x_0=113690.6274 +y_0=53703.1201 +ellps=GRS80 +units=m +no_defs +type=crs
EPSG,7540,NAD83(2011) / WISCRS Dane (m),+proj=lcc +lat_1=43.0695160375 +lat_0=43.0695160375 +lon_0=-89.4222222222222 +k_0=1.0000384786 +x_0=247193.2944 +y_0=146591.9896 +ellps=GRS80 +units=m +no_defs +type=crs
EPSG,7541,NAD83(2011) / WISCRS Dodge and Jefferson (m),+proj=tmerc +lat_0=41.4722222222222 +lon_0=-88.775 +k=1.0000346418 +x_0=263347.7263 +y_0=0.0076 +ellps=GRS80 +units=m +no_defs +type=crs
EPSG,7542,NAD83(2011) / WISCRS Door (m),+proj=tmerc +lat_0=44.4 +lon_0=-87.2722222222222 +k=1.0000187521 +x_0=158801.1176 +y_0=0.0023 +ellps=GRS80 +units=m +no_defs +type=crs
EPSG,7543,NAD83(2011) / WISCRS Douglas (m),+proj=tmerc +lat_0=45.8833333333333 +lon_0=-91.9166666666667 +k=1.0000385418 +x_0=59131.3183 +y_0=0.0041 +ellps=GRS80 +units=m +no_defs +type=crs
EPSG,7544,NAD83(2011) / WISCRS Dunn (m),+proj=tmerc +lat_0=44.4083333333333 +lon_0=-91.8944444444444 +k=1.0000410324 +x_0=51816.104 +y_0=0.003 +ellps=GRS80 +units=m +no_defs +type=crs
EPSG,7545,NAD83(2011) / WISCRS Eau Claire (m),+proj=lcc +lat_1=44.8722811263889 +lat_0=44.8722811263889 +lon_0=-91.2888888888889 +k_0=1.000035079 +x_0=120091.4402 +y_0=91687.9239 +ellps=GRS80 +units=m +no_defs +type=crs
EPSG,7546,NAD83(2011) / WISCRS Florence (m),+proj=tmerc +lat_0=45.4388888888889 +lon_0=-88.1416666666667 +k=1.0000552095 +x_0=133502.6683 +y_0=0.0063 +ellps=GRS80 +units=m +no_defs +type=crs
EPSG,7547,NAD83(2011) / WISCRS Forest (m),+proj=tmerc +lat_0=44.0055555555556 +lon_0=-88.6333333333333 +k=1.0000673004 +x_0=275844.5533 +y_0=0.0157 +ellps=GRS80 +units=m +no_defs +type=crs
EPSG,7548,NAD83(2011) / WISCRS Grant (m),+proj=tmerc +lat_0=41.4111111111111 +lon_0=-90.8 +k=1.0000349452 +x_0=242316.4841 +y_0=0.01 +ellps=GRS80 +units=m +no_defs +type=crs
EPSG,7549,NAD83(2011) / WISCRS Green and Lafayette (m),+proj=lcc +lat_1=42.6375622769444 +lat_0=42.6375622769444 +lon_0=-89.8388888888889 +k_0=1.0000390487 +x_0=170078.7403 +y_0=45830.2947 +ellps=GRS80 +units=m +no_defs +type=crs
EPSG,7550,NAD83(2011) / WISCRS Green Lake and Marquette (m),+proj=lcc +lat_1=43.8070001177778 +lat_0=43.8070001177778 +lon_0=-89.2416666666667 +k_0=1.0000344057 +x_0=150876.3018 +y_0=79170.7795 +ellps=GRS80 +units=m +no_defs +type=crs
EPSG,7551,NAD83(2011) / WISCRS Iowa (m),+proj=tmerc +lat_0=42.5388888888889 +lon_0=-90.1611111111111 +k=1.0000394961 +x_0=113081.0261 +y_0=0.0045 +ellps=GRS80 +units=m +no_defs +type=crs
EPSG,7552,NAD83(2011) / WISCRS Iron (m),+proj=tmerc +lat_0=45.4333333333333 +lon_0=-90.2555555555556 +k=1.0000677153 +x_0=220980.4419 +y_0=0.0085 +ellps=GRS80 +units=m +no_defs +type=crs
EPSG,7553,NAD83(2011) / WISCRS Jackson (m),+proj=tmerc +lat_0=44.2533351277778 +lon_0=-90.8442965194444 +k=1.0000353 +x_0=27000 +y_0=25000 +ellps=GRS80 +units=m +no_defs +type=crs
EPSG,7554,"NAD83(2011) / WISCRS Kenosha, Milwaukee, Ozaukee and Racine (m)",+proj=tmerc +lat_0=42.2166666666667 +lon_0=-87.8944444444444 +k=1.0000260649 +x_0=185928.3728 +y_0=0.0009 +ellps=GRS80 +units=m +no_defs +type=crs
EPSG,7555,"NAD83(2011) / WISCRS Kewaunee, Manitowoc and Sheboygan (m)",+proj=tmerc +lat_0=43.2666666666667 +lon_0=-87.55 +k=1.0000233704 +x_0=79857.7614 +y_0=0.0012 +ellps=GRS80 +units=m +no_defs +type=crs
EPSG,7556,NAD83(2011) / WISCRS La Crosse (m),+proj=tmerc +lat_0=43.4511111111111 +lon_0=-91.3166666666667 +k=1.0000319985 +x_0=130454.6598 +y_0=0.0033 +ellps=GRS80 +units=m +no_defs +type=crs
EPSG,7557,NAD83(2011) / WISCRS Langlade (m),+proj=lcc +lat_1=45.1542371052778 +lat_0=45.1542371052778 +lon_0=-89.0333333333333 +k_0=1.0000627024 +x_0=198425.197 +y_0=105279.7829 +ellps=GRS80 +units=m +no_defs +type=crs
EPSG,7558,NAD83(2011) / WISCRS Lincoln (m),+proj=tmerc +lat_0=44.8444444444444 +lon_0=-89.7333333333333 +k=1.0000599003 +x_0=116129.0323 +y_0=0.0058 +ellps=GRS80 +units=m +no_defs +type=crs
EPSG,7559,NAD83(2011) / WISCRS Marathon (m),+proj=lcc +lat_1=44.9009044236111 +lat_0=44.9009044236111 +lon_0=-89.77 +k_0=1.000053289 +x_0=74676.1493 +y_0=55049.2669 +ellps=GRS80 +units=m +no_defs +type=crs
EPSG,7560,NAD83(2011) / WISCRS Marinette (m),+proj=tmerc +lat_0=44.6916666666667 +lon_0=-87.7111111111111 +k=1.0000234982 +x_0=238658.8794 +y_0=0.0032 +ellps=GRS80 +units=m +no_defs +type=crs
EPSG,7561,NAD83(2011) / WISCRS Menominee (m),+proj=tmerc +lat_0=44.7166666666667 +lon_0=-88.4166666666667 +k=1.0000362499 +x_0=105461.0121 +y_0=0.0029 +ellps=GRS80 +units=m +no_defs +type=crs
EPSG,7562,NAD83(2011) / WISCRS Monroe (m),+proj=lcc +lat_1=44.0000739286111 +lat_0=44.0000739286111 +lon_0=-90.6416666666667 +k_0=1.0000434122 +x_0=204521.209 +y_0=121923.9861 +ellps=GRS80 +units=m +no_defs +type=crs
EPSG,7563,NAD83(2011) / WISCRS Oconto (m),+proj=tmerc +lat_0=44.3972222222222 +lon_0=-87.9083333333333 +k=1.0000236869 +x_0=182880.3676 +y_0=0.0033 +ellps=GRS80 +units=m +no_defs +type=crs
EPSG,7564,NAD83(2011) / WISCRS Oneida (m),+proj=lcc +lat_1=45.7042237702778 +lat_0=45.7042237702778 +lon_0=-89.5444444444444 +k_0=1.0000686968 +x_0=70104.1401 +y_0=57588.0346 +ellps=GRS80 +units=m +no_defs +type=crs
EPSG,7565,NAD83(2011) / WISCRS Pepin and Pierce (m),+proj=lcc +lat_1=44.6361488719444 +lat_0=44.6361488719444 +lon_0=-92.2277777777778 +k_0=1.0000362977 +x_0=167640.3354 +y_0=86033.0876 +ellps=GRS80 +units=m +no_defs +type=crs
EPSG,7566,NAD83(2011) / WISCRS Polk (m),+proj=tmerc +lat_0=44.6611111111111 +lon_0=-92.6333333333333 +k=1.0000433849 +x_0=141732.2823 +y_0=0.0059 +ellps=GRS80 +units=m +no_defs +type=crs
EPSG,7567,NAD83(2011) / WISCRS Portage (m),+proj=lcc +lat_1=44.4168239752778 +lat_0=44.4168239752778 +lon_0=-89.5 +k_0=1.000039936 +x_0=56388.1128 +y_0=50022.1874 +ellps=GRS80 +units=m +no_defs +type=crs
EPSG,7568,NAD83(2011) / WISCRS Price (m),+proj=tmerc +lat_0=44.5555555555556 +lon_0=-90.4888888888889 +k=1.0000649554 +x_0=227990.8546 +y_0=0.0109 +ellps=GRS80 +units=m +no_defs +type=crs
EPSG,7569,NAD83(2011) / WISCRS Richland (m),+proj=lcc +lat_1=43.3223129275 +lat_0=43.3223129275 +lon_0=-90.4305555555556 +k_0=1.0000375653 +x_0=202387.6048 +y_0=134255.4253 +ellps=GRS80 +units=m +no_defs +type=crs
EPSG,7570,NAD83(2011) / WISCRS Rock (m),+proj=tmerc +lat_0=41.9444444444444 +lon_0=-89.0722222222222 +k=1.0000337311 +x_0=146304.2926 +y_0=0.0068 +ellps=GRS80 +units=m +no_defs +type=crs
EPSG,7571,NAD83(2011) / WISCRS Rusk (m),+proj=tmerc +lat_0=43.9194444444444 +lon_0=-91.0666666666667 +k=1.0000495976 +x_0=250546.1013 +y_0=0.0234 +ellps=GRS80 +units=m +no_defs +type=crs
EPSG,7572,NAD83(2011) / WISCRS Sauk (m),+proj=tmerc +lat_0=42.8194444444444 +lon_0=-89.9 +k=1.0000373868 +x_0=185623.5716 +y_0=0.0051 +ellps=GRS80 +units=m +no_defs +type=crs
EPSG,7573,NAD83(2011) / WISCRS Sawyer (m),+proj=lcc +lat_1=45.9000991313889 +lat_0=45.9000991313889 +lon_0=-91.1166666666667 +k_0=1.0000573461 +x_0=216713.2336 +y_0=120734.1631 +ellps=GRS80 +units=m +no_defs +type=crs
EPSG,7574,NAD83(2011) / WISCRS Shawano (m),+proj=tmerc +lat_0=44.0361111111111 +lon_0=-88.6055555555556 +k=1.000032144 +x_0=262433.3253 +y_0=0.0096 +ellps=GRS80 +units=m +no_defs +type=crs
EPSG,7575,NAD83(2011) / WISCRS St. Croix (m),+proj=tmerc +lat_0=44.0361111111111 +lon_0=-92.6333333333333 +k=1.0000381803 +x_0=165506.7302 +y_0=0.0103 +ellps=GRS80 +units=m +no_defs +type=crs
EPSG,7576,NAD83(2011) / WISCRS Taylor (m),+proj=lcc +lat_1=45.1778220858333 +lat_0=45.1778220858333 +lon_0=-90.4833333333333 +k_0=1.0000597566 +x_0=187147.5744 +y_0=107746.7522 +ellps=GRS80 +units=m +no_defs +type=crs
EPSG,7577,NAD83(2011) / WISCRS Trempealeau (m),+proj=tmerc +lat_0=43.1611111111111 +lon_0=-91.3666666666667 +k=1.0000361538 +x_0=256946.9138 +y_0=0.0041 +ellps=GRS80 +units=m +no_defs +type=crs
EPSG,7578,NAD83(2011) / WISCRS Vernon (m),+proj=lcc +lat_1=43.5750329397222 +lat_0=43.5750329397222 +lon_0=-90.7833333333333 +k_0=1.0000408158 +x_0=222504.4451 +y_0=47532.0602 +ellps=GRS80 +units=m +no_defs +type=crs
EPSG,7579,NAD83(2011) / WISCRS Vilas (m),+proj=lcc +lat_1=46.0778440905556 +lat_0=46.0778440905556 +lon_0=-89.4888888888889 +k_0=1.0000730142 +x_0=134417.0689 +y_0=50337.1092 +ellps=GRS80 +units=m +no_defs +type=crs
EPSG,7580,NAD83(2011) / WISCRS Walworth (m),+proj=lcc +lat_1=42.6694620969444 +lat_0=42.6694620969444 +lon_0=-88.5416666666667 +k_0=1.0000367192 +x_0=232562.8651 +y_0=111088.2224 +ellps=GRS80 +units=m +no_defs +type=crs
EPSG,7581,NAD83(2011) / WISCRS Washburn (m),+proj=lcc +lat_1=45.9612198333333 +lat_0=45.9612198333333 +lon_0=-91.7833333333333 +k_0=1.0000475376 +x_0=234086.8682 +y_0=188358.6058 +ellps=GRS80 +units=m +no_defs +type=crs
EPSG,7582,NAD83(2011) / WISCRS Washington (m),+proj=tmerc +lat_0=42.9180555555556 +lon_0=-88.0638888888889 +k=1.00003738 +x_0=120091.4415 +y_0=0.003 +ellps=GRS80 +units=m +no_defs +type=crs
EPSG,7583,NAD83(2011) / WISCRS Waukesha (m),+proj=tmerc +lat_0=42.5694444444444 +lon_0=-88.225 +k=1.0000346179 +x_0=208788.418 +y_0=0.0034 +ellps=GRS80 +units=m +no_defs +type=crs
EPSG,7584,NAD83(2011) / WISCRS Waupaca (m),+proj=tmerc +lat_0=43.4202777777778 +lon_0=-88.8166666666667 +k=1.0000333645 +x_0=185013.9709 +y_0=0.007 +ellps=GRS80 +units=m +no_defs +type=crs
EPSG,7585,NAD83(2011) / WISCRS Waushara (m),+proj=lcc +lat_1=44.1139440458333 +lat_0=44.1139440458333 +lon_0=-89.2416666666667 +k_0=1.0000392096 +x_0=120091.4402 +y_0=45069.7587 +ellps=GRS80 +units=m +no_defs +type=crs
EPSG,7586,NAD83(2011) / WISCRS Wood (m),+proj=lcc +lat_1=44.3625954694444 +lat_0=44.3625954694444 +lon_0=-90 +k_0=1.0000421209 +x_0=208483.6173 +y_0=134589.754 +ellps=GRS80 +units=m +no_defs +type=crs
EPSG,7587,NAD83(2011) / WISCRS Adams and Juneau (ftUS),+proj=tmerc +lat_0=43.3666666666667 +lon_0=-90 +k=1.0000365285 +x_0=147218.694132588 +y_0=0.00365760731521463 +ellps=GRS80 +units=us-ft +no_defs +type=crs
EPSG,7588,NAD83(2011) / WISCRS Ashland (ftUS),+proj=tmerc +lat_0=45.7061111111111 +lon_0=-90.6222222222222 +k=1.0000495683 +x_0=172821.945948692 +y_0=0.00182880365760732 +ellps=GRS80 +units=us-ft +no_defs +type=crs
EPSG,7589,NAD83(2011) / WISCRS Barron (ftUS),+proj=tmerc +lat_0=45.1333333333333 +lon_0=-91.85 +k=1.0000486665 +x_0=93150 +y_0=0.00304800609601219 +ellps=GRS80 +units=us-ft +no_defs +type=crs
EPSG,7590,NAD83(2011) / WISCRS Bayfield (ftUS),+proj=lcc +lat_1=46.6696483772222 +lat_0=46.6696483772222 +lon_0=-91.1527777777778 +k_0=1.0000331195 +x_0=228600.457505715 +y_0=148551.483566167 +ellps=GRS80 +units=us-ft +no_defs +type=crs
EPSG,7591,NAD83(2011) / WISCRS Brown (ftUS),+proj=tmerc +lat_0=43 +lon_0=-88 +k=1.00002 +x_0=31599.9998983998 +y_0=4599.9998983998 +ellps=GRS80 +units=us-ft +no_defs +type=crs
EPSG,7592,NAD83(2011) / WISCRS Buffalo (ftUS),+proj=tmerc +lat_0=43.4813888888889 +lon_0=-91.7972222222222 +k=1.0000382778 +x_0=175260.3502159 +y_0=0.00487680975361951 +ellps=GRS80 +units=us-ft +no_defs +type=crs
EPSG,7593,NAD83(2011) / WISCRS Burnett (ftUS),+proj=lcc +lat_1=45.8987148658333 +lat_0=45.8987148658333 +lon_0=-92.4577777777778 +k_0=1.0000383841 +x_0=64008.1277114554 +y_0=59445.9041910084 +ellps=GRS80 +units=us-ft +no_defs +type=crs
EPSG,7594,"NAD83(2011) / WISCRS Calumet, Fond du Lac, Outagamie and Winnebago (ftUS)",+proj=tmerc +lat_0=42.7194444444444 +lon_0=-88.5 +k=1.0000286569 +x_0=244754.889204978 +y_0=0.00487680975361951 +ellps=GRS80 +units=us-ft +no_defs +type=crs
EPSG,7595,NAD83(2011) / WISCRS Chippewa (ftUS),+proj=lcc +lat_1=44.9778568986111 +lat_0=44.9778568986111 +lon_0=-91.2944444444444 +k_0=1.0000391127 +x_0=60045.7200914402 +y_0=44091.434493269 +ellps=GRS80 +units=us-ft +no_defs +type=crs
EPSG,7596,NAD83(2011) / WISCRS Clark (ftUS),+proj=tmerc +lat_0=43.6 +lon_0=-90.7083333333333 +k=1.0000463003 +x_0=199949.198983998 +y_0=0.00853441706883414 +ellps=GRS80 +units=us-ft +no_defs +type=crs
EPSG,7597,NAD83(2011) / WISCRS Columbia (ftUS),+proj=lcc +lat_1=43.4625466458333 +lat_0=43.4625466458333 +lon_0=-89.3944444444444 +k_0=1.00003498 +x_0=169164.338023876 +y_0=111569.613512827 +ellps=GRS80 +units=us-ft +no_defs +type=crs
EPSG,7598,NAD83(2011) / WISCRS Crawford (ftUS),+proj=lcc +lat_1=43.200055605 +lat_0=43.200055605 +lon_0=-90.9388888888889 +k_0=1.0000349151 +x_0=113690.627381255 +y_0=53703.1202438405 +ellps=GRS80 +units=us-ft +no_defs +type=crs
EPSG,7599,NAD83(2011) / WISCRS Dane (ftUS),+proj=lcc +lat_1=43.0695160375 +lat_0=43.0695160375 +lon_0=-89.4222222222222 +k_0=1.0000384786 +x_0=247193.294386589 +y_0=146591.989636779 +ellps=GRS80 +units=us-ft +no_defs +type=crs
EPSG,7600,NAD83(2011) / WISCRS Dodge and Jefferson (ftUS),+proj=tmerc +lat_0=41.4722222222222 +lon_0=-88.775 +k=1.0000346418 +x_0=263347.726390653 +y_0=0.00762001524003048 +ellps=GRS80 +units=us-ft +no_defs +type=crs
EPSG,7601,NAD83(2011) / WISCRS Door (ftUS),+proj=tmerc +lat_0=44.4 +lon_0=-87.2722222222222 +k=1.0000187521 +x_0=158801.117602235 +y_0=0.00243840487680975 +ellps=GRS80 +units=us-ft +no_defs +type=crs
EPSG,7602,NAD83(2011) / WISCRS Douglas (ftUS),+proj=tmerc +lat_0=45.8833333333333 +lon_0=-91.9166666666667 +k=1.0000385418 +x_0=59131.3182626365 +y_0=0.00396240792481585 +ellps=GRS80 +units=us-ft +no_defs +type=crs
EPSG,7603,NAD83(2011) / WISCRS Dunn (ftUS),+proj=tmerc +lat_0=44.4083333333333 +lon_0=-91.8944444444444 +k=1.0000410324 +x_0=51816.1039370079 +y_0=0.00304800609601219 +ellps=GRS80 +units=us-ft +no_defs +type=crs
EPSG,7604,NAD83(2011) / WISCRS Eau Claire (ftUS),+proj=lcc +lat_1=44.8722811263889 +lat_0=44.8722811263889 +lon_0=-91.2888888888889 +k_0=1.000035079 +x_0=120091.44018288 +y_0=91687.9239014478 +ellps=GRS80 +units=us-ft +no_defs +type=crs
EPSG,7605,NAD83(2011) / WISCRS Florence (ftUS),+proj=tmerc +lat_0=45.4388888888889 +lon_0=-88.1416666666667 +k=1.0000552095 +x_0=133502.668224536 +y_0=0.0064008128016256 +ellps=GRS80 +units=us-ft +no_defs +type=crs
EPSG,7606,NAD83(2011) / WISCRS Forest (ftUS),+proj=tmerc +lat_0=44.0055555555556 +lon_0=-88.6333333333333 +k=1.0000673004 +x_0=275844.553213106 +y_0=0.0158496316992634 +ellps=GRS80 +units=us-ft +no_defs +type=crs
EPSG,7607,NAD83(2011) / WISCRS Grant (ftUS),+proj=tmerc +lat_0=41.4111111111111 +lon_0=-90.8 +k=1.0000349452 +x_0=242316.484023368 +y_0=0.0100584201168402 +ellps=GRS80 +units=us-ft +no_defs +type=crs
EPSG,7608,NAD83(2011) / WISCRS Green and Lafayette (ftUS),+proj=lcc +lat_1=42.6375622769444 +lat_0=42.6375622769444 +lon_0=-89.8388888888889 +k_0=1.0000390487 +x_0=170078.74015748 +y_0=45830.2948437897 +ellps=GRS80 +units=us-ft +no_defs +type=crs
EPSG,7609,NAD83(2011) / WISCRS Green Lake and Marquette (ftUS),+proj=lcc +lat_1=43.8070001177778 +lat_0=43.8070001177778 +lon_0=-89.2416666666667 +k_0=1.0000344057 +x_0=150876.301752604 +y_0=79170.7793751588 +ellps=GRS80 +units=us-ft +no_defs +type=crs
EPSG,7610,NAD83(2011) / WISCRS Iowa (ftUS),+proj=tmerc +lat_0=42.5388888888889 +lon_0=-90.1611111111111 +k=1.0000394961 +x_0=113081.026162052 +y_0=0.00457200914401829 +ellps=GRS80 +units=us-ft +no_defs +type=crs
EPSG,7611,NAD83(2011) / WISCRS Iron (ftUS),+proj=tmerc +lat_0=45.4333333333333 +lon_0=-90.2555555555556 +k=1.0000677153 +x_0=220980.441960884 +y_0=0.00853441706883414 +ellps=GRS80 +units=us-ft +no_defs +type=crs
EPSG,7612,NAD83(2011) / WISCRS Jackson (ftUS),+proj=tmerc +lat_0=44.2533351277778 +lon_0=-90.8442965194444 +k=1.0000353 +x_0=27000 +y_0=24999.9998983998 +ellps=GRS80 +units=us-ft +no_defs +type=crs
EPSG,7613,"NAD83(2011) / WISCRS Kenosha, Milwaukee, Ozaukee and Racine (ftUS)",+proj=tmerc +lat_0=42.2166666666667 +lon_0=-87.8944444444444 +k=1.0000260649 +x_0=185928.372771146 +y_0=0.000914401828803658 +ellps=GRS80 +units=us-ft +no_defs +type=crs
EPSG,7614,"NAD83(2011) / WISCRS Kewaunee, Manitowoc and Sheboygan (ftUS)",+proj=tmerc +lat_0=43.2666666666667 +lon_0=-87.55 +k=1.0000233704 +x_0=79857.7615443231 +y_0=0.00121920243840488 +ellps=GRS80 +units=us-ft +no_defs +type=crs
EPSG,7615,NAD83(2011) / WISCRS La Crosse (ftUS),+proj=tmerc +lat_0=43.4511111111111 +lon_0=-91.3166666666667 +k=1.0000319985 +x_0=130454.659690119 +y_0=0.00335280670561341 +ellps=GRS80 +units=us-ft +no_defs +type=crs
EPSG,7616,NAD83(2011) / WISCRS Langlade (ftUS),+proj=lcc +lat_1=45.1542371052778 +lat_0=45.1542371052778 +lon_0=-89.0333333333333 +k_0=1.0000627024 +x_0=198425.196850394 +y_0=105279.782880366 +ellps=GRS80 +units=us-ft +no_defs +type=crs
EPSG,7617,NAD83(2011) / WISCRS Lincoln (ftUS),+proj=tmerc +lat_0=44.8444444444444 +lon_0=-89.7333333333333 +k=1.0000599003 +x_0=116129.032258065 +y_0=0.00579121158242317 +ellps=GRS80 +units=us-ft +no_defs +type=crs
EPSG,7618,NAD83(2011) / WISCRS Marathon (ftUS),+proj=lcc +lat_1=44.9009044236111 +lat_0=44.9009044236111 +lon_0=-89.77 +k_0=1.000053289 +x_0=74676.1493522987 +y_0=55049.2669545339 +ellps=GRS80 +units=us-ft +no_defs +type=crs
EPSG,7619,NAD83(2011) / WISCRS Marinette (ftUS),+proj=tmerc +lat_0=44.6916666666667 +lon_0=-87.7111111111111 +k=1.0000234982 +x_0=238658.879451359 +y_0=0.00304800609601219 +ellps=GRS80 +units=us-ft +no_defs +type=crs
EPSG,7620,NAD83(2011) / WISCRS Menominee (ftUS),+proj=tmerc +lat_0=44.7166666666667 +lon_0=-88.4166666666667 +k=1.0000362499 +x_0=105461.012141224 +y_0=0.00304800609601219 +ellps=GRS80 +units=us-ft +no_defs +type=crs
EPSG,7621,NAD83(2011) / WISCRS Monroe (ftUS),+proj=lcc +lat_1=44.0000739286111 +lat_0=44.0000739286111 +lon_0=-90.6416666666667 +k_0=1.0000434122 +x_0=204521.209042418 +y_0=121923.986182372 +ellps=GRS80 +units=us-ft +no_defs +type=crs
EPSG,7622,NAD83(2011) / WISCRS Oconto (ftUS),+proj=tmerc +lat_0=44.3972222222222 +lon_0=-87.9083333333333 +k=1.0000236869 +x_0=182880.367589535 +y_0=0.00335280670561341 +ellps=GRS80 +units=us-ft +no_defs +type=crs
EPSG,7623,NAD83(2011) / WISCRS Oneida (ftUS),+proj=lcc +lat_1=45.7042237702778 +lat_0=45.7042237702778 +lon_0=-89.5444444444444 +k_0=1.0000686968 +x_0=70104.1402082804 +y_0=57588.0347472695 +ellps=GRS80 +units=us-ft +no_defs +type=crs
EPSG,7624,NAD83(2011) / WISCRS Pepin and Pierce (ftUS),+proj=lcc +lat_1=44.6361488719444 +lat_0=44.6361488719444 +lon_0=-92.2277777777778 +k_0=1.0000362977 +x_0=167640.335280671 +y_0=86033.0877317755 +ellps=GRS80 +units=us-ft +no_defs +type=crs
EPSG,7625,NAD83(2011) / WISCRS Polk (ftUS),+proj=tmerc +lat_0=44.6611111111111 +lon_0=-92.6333333333333 +k=1.0000433849 +x_0=141732.282245365 +y_0=0.00579121158242317 +ellps=GRS80 +units=us-ft +no_defs +type=crs
EPSG,7626,NAD83(2011) / WISCRS Portage (ftUS),+proj=lcc +lat_1=44.4168239752778 +lat_0=44.4168239752778 +lon_0=-89.5 +k_0=1.000039936 +x_0=56388.1127762256 +y_0=50022.1874523749 +ellps=GRS80 +units=us-ft +no_defs +type=crs
EPSG,7627,NAD83(2011) / WISCRS Price (ftUS),+proj=tmerc +lat_0=44.5555555555556 +lon_0=-90.4888888888889 +k=1.0000649554 +x_0=227990.854457709 +y_0=0.0109728219456439 +ellps=GRS80 +units=us-ft +no_defs +type=crs
EPSG,7628,NAD83(2011) / WISCRS Richland (ftUS),+proj=lcc +lat_1=43.3223129275 +lat_0=43.3223129275 +lon_0=-90.4305555555556 +k_0=1.0000375653 +x_0=202387.60477521 +y_0=134255.425450851 +ellps=GRS80 +units=us-ft +no_defs +type=crs
EPSG,7629,NAD83(2011) / WISCRS Rock (ftUS),+proj=tmerc +lat_0=41.9444444444444 +lon_0=-89.0722222222222 +k=1.0000337311 +x_0=146304.292608585 +y_0=0.00670561341122682 +ellps=GRS80 +units=us-ft +no_defs +type=crs
EPSG,7630,NAD83(2011) / WISCRS Rusk (ftUS),+proj=tmerc +lat_0=43.9194444444444 +lon_0=-91.0666666666667 +k=1.0000495976 +x_0=250546.101397003 +y_0=0.0234696469392939 +ellps=GRS80 +units=us-ft +no_defs +type=crs
EPSG,7631,NAD83(2011) / WISCRS Sauk (ftUS),+proj=tmerc +lat_0=42.8194444444444 +lon_0=-89.9 +k=1.0000373868 +x_0=185623.571551943 +y_0=0.00518161036322073 +ellps=GRS80 +units=us-ft +no_defs +type=crs
EPSG,7632,NAD83(2011) / WISCRS Sawyer (ftUS),+proj=lcc +lat_1=45.9000991313889 +lat_0=45.9000991313889 +lon_0=-91.1166666666667 +k_0=1.0000573461 +x_0=216713.233731268 +y_0=120734.163169926 +ellps=GRS80 +units=us-ft +no_defs +type=crs
EPSG,7633,NAD83(2011) / WISCRS Shawano (ftUS),+proj=tmerc +lat_0=44.0361111111111 +lon_0=-88.6055555555556 +k=1.000032144 +x_0=262433.32517145 +y_0=0.0094488188976378 +ellps=GRS80 +units=us-ft +no_defs +type=crs
EPSG,7634,NAD83(2011) / WISCRS St. Croix (ftUS),+proj=tmerc +lat_0=44.0361111111111 +lon_0=-92.6333333333333 +k=1.0000381803 +x_0=165506.73009906 +y_0=0.0103632207264415 +ellps=GRS80 +units=us-ft +no_defs +type=crs
EPSG,7635,NAD83(2011) / WISCRS Taylor (ftUS),+proj=lcc +lat_1=45.1778220858333 +lat_0=45.1778220858333 +lon_0=-90.4833333333333 +k_0=1.0000597566 +x_0=187147.574295149 +y_0=107746.752146304 +ellps=GRS80 +units=us-ft +no_defs +type=crs
EPSG,7636,NAD83(2011) / WISCRS Trempealeau (ftUS),+proj=tmerc +lat_0=43.1611111111111 +lon_0=-91.3666666666667 +k=1.0000361538 +x_0=256946.913893828 +y_0=0.00396240792481585 +ellps=GRS80 +units=us-ft +no_defs +type=crs
EPSG,7637,NAD83(2011) / WISCRS Vernon (ftUS),+proj=lcc +lat_1=43.5750329397222 +lat_0=43.5750329397222 +lon_0=-90.7833333333333 +k_0=1.0000408158 +x_0=222504.44500889 +y_0=47532.0603505207 +ellps=GRS80 +units=us-ft +no_defs +type=crs
EPSG,7638,NAD83(2011) / WISCRS Vilas (ftUS),+proj=lcc +lat_1=46.0778440905556 +lat_0=46.0778440905556 +lon_0=-89.4888888888889 +k_0=1.0000730142 +x_0=134417.068834138 +y_0=50337.1092710185 +ellps=GRS80 +units=us-ft +no_defs +type=crs
EPSG,7639,NAD83(2011) / WISCRS Walworth (ftUS),+proj=lcc +lat_1=42.6694620969444 +lat_0=42.6694620969444 +lon_0=-88.5416666666667 +k_0=1.0000367192 +x_0=232562.86512573 +y_0=111088.222402845 +ellps=GRS80 +units=us-ft +no_defs +type=crs
EPSG,7640,NAD83(2011) / WISCRS Washburn (ftUS),+proj=lcc +lat_1=45.9612198333333 +lat_0=45.9612198333333 +lon_0=-91.7833333333333 +k_0=1.0000475376 +x_0=234086.868173736 +y_0=188358.605943612 +ellps=GRS80 +units=us-ft +no_defs +type=crs
EPSG,7641,NAD83(2011) / WISCRS Washington (ftUS),+proj=tmerc +lat_0=42.9180555555556 +lon_0=-88.0638888888889 +k=1.00003738 +x_0=120091.441402083 +y_0=0.00304800609601219 +ellps=GRS80 +units=us-ft +no_defs +type=crs
EPSG,7642,NAD83(2011) / WISCRS Waukesha (ftUS),+proj=tmerc +lat_0=42.5694444444444 +lon_0=-88.225 +k=1.0000346179 +x_0=208788.417881636 +y_0=0.00335280670561341 +ellps=GRS80 +units=us-ft +no_defs +type=crs
EPSG,7643,NAD83(2011) / WISCRS Waupaca (ftUS),+proj=tmerc +lat_0=43.4202777777778 +lon_0=-88.8166666666667 +k=1.0000333645 +x_0=185013.970942342 +y_0=0.00701041402082804 +ellps=GRS80 +units=us-ft +no_defs +type=crs
EPSG,7644,NAD83(2011) / WISCRS Waushara (ftUS),+proj=lcc +lat_1=44.1139440458333 +lat_0=44.1139440458333 +lon_0=-89.2416666666667 +k_0=1.0000392096 +x_0=120091.44018288 +y_0=45069.7588011176 +ellps=GRS80 +units=us-ft +no_defs +type=crs
EPSG,7645,NAD83(2011) / WISCRS Wood (ftUS),+proj=lcc +lat_1=44.3625954694444 +lat_0=44.3625954694444 +lon_0=-90 +k_0=1.0000421209 +x_0=208483.617272035 +y_0=134589.753924308 +ellps=GRS80 +units=us-ft +no_defs +type=crs
EPSG,7651,Kumul 34 height,+vunits=m +no_defs +type=crs
EPSG,7652,Kiunga height,+vunits=m +no_defs +type=crs
EPSG,7656,WGS 84 (G730),+proj=geocent +ellps=WGS84 +units=m +no_defs +type=crs
EPSG,7657,WGS 84 (G730),+proj=longlat +ellps=WGS84 +no_defs +type=crs
EPSG,7658,WGS 84 (G873),+proj=geocent +ellps=WGS84 +units=m +no_defs +type=crs
EPSG,7659,WGS 84 (G873),+proj=longlat +ellps=WGS84 +no_defs +type=crs
EPSG,7660,WGS 84 (G1150),+proj=geocent +ellps=WGS84 +units=m +no_defs +type=crs
EPSG,7661,WGS 84 (G1150),+proj=longlat +ellps=WGS84 +no_defs +type=crs
EPSG,7662,WGS 84 (G1674),+proj=geocent +ellps=WGS84 +units=m +no_defs +type=crs
EPSG,7663,WGS 84 (G1674),+proj=longlat +ellps=WGS84 +no_defs +type=crs
EPSG,7664,WGS 84 (G1762),+proj=geocent +ellps=WGS84 +units=m +no_defs +type=crs
EPSG,7665,WGS 84 (G1762),+proj=longlat +ellps=WGS84 +no_defs +type=crs
EPSG,7677,PZ-90.02,+proj=geocent +a=6378136 +rf=298.257839303 +units=m +no_defs +type=crs
EPSG,7678,PZ-90.02,+proj=longlat +a=6378136 +rf=298.257839303 +no_defs +type=crs
EPSG,7679,PZ-90.11,+proj=geocent +a=6378136 +rf=298.257839303 +units=m +no_defs +type=crs
EPSG,7680,PZ-90.11,+proj=longlat +a=6378136 +rf=298.257839303 +no_defs +type=crs
EPSG,7681,GSK-2011,+proj=geocent +ellps=GSK2011 +units=m +no_defs +type=crs
EPSG,7682,GSK-2011,+proj=longlat +ellps=GSK2011 +no_defs +type=crs
EPSG,7683,GSK-2011,+proj=longlat +ellps=GSK2011 +no_defs +type=crs
EPSG,7684,Kyrg-06,+proj=geocent +ellps=GRS80 +units=m +no_defs +type=crs
EPSG,7685,Kyrg-06,+proj=longlat +ellps=GRS80 +no_defs +type=crs
EPSG,7686,Kyrg-06,+proj=longlat +ellps=GRS80 +no_defs +type=crs
EPSG,7692,Kyrg-06 / zone 1,+proj=tmerc +lat_0=0 +lon_0=68.5166666666667 +k=1 +x_0=1300000 +y_0=14743.5 +ellps=GRS80 +units=m +no_defs +type=crs
EPSG,7693,Kyrg-06 / zone 2,+proj=tmerc +lat_0=0 +lon_0=71.5166666666667 +k=1 +x_0=2300000 +y_0=14743.5 +ellps=GRS80 +units=m +no_defs +type=crs
EPSG,7694,Kyrg-06 / zone 3,+proj=tmerc +lat_0=0 +lon_0=74.5166666666667 +k=1 +x_0=3300000 +y_0=14743.5 +ellps=GRS80 +units=m +no_defs +type=crs
EPSG,7695,Kyrg-06 / zone 4,+proj=tmerc +lat_0=0 +lon_0=77.5166666666667 +k=1 +x_0=4300000 +y_0=14743.5 +ellps=GRS80 +units=m +no_defs +type=crs
EPSG,7696,Kyrg-06 / zone 5,+proj=tmerc +lat_0=0 +lon_0=80.5166666666667 +k=1 +x_0=5300000 +y_0=14743.5 +ellps=GRS80 +units=m +no_defs +type=crs
EPSG,7699,DHHN12 height,+vunits=m +no_defs +type=crs
EPSG,7700,Latvia 2000 height,+vunits=m +no_defs +type=crs
EPSG,7707,ODN (Offshore) height,+vunits=m +no_defs +type=crs
EPSG,7755,WGS 84 / India NSF LCC,+proj=lcc +lat_0=24 +lon_0=80 +lat_1=12.472955 +lat_2=35.1728044444444 +x_0=4000000 +y_0=4000000 +datum=WGS84 +units=m +no_defs +type=crs
EPSG,7756,WGS 84 / Andhra Pradesh,+proj=lcc +lat_0=16.25543298 +lon_0=80.875 +lat_1=13.75 +lat_2=18.75 +x_0=1000000 +y_0=1000000 +datum=WGS84 +units=m +no_defs +type=crs
EPSG,7757,WGS 84 / Arunachal Pradesh,+proj=lcc +lat_0=28.00157897 +lon_0=94.5 +lat_1=27 +lat_2=29 +x_0=1000000 +y_0=1000000 +datum=WGS84 +units=m +no_defs +type=crs
EPSG,7758,WGS 84 / Assam,+proj=lcc +lat_0=26.00257703 +lon_0=92.75 +lat_1=24.6666666666667 +lat_2=27.3333333333333 +x_0=1000000 +y_0=1000000 +datum=WGS84 +units=m +no_defs +type=crs
EPSG,7759,WGS 84 / Bihar,+proj=lcc +lat_0=25.87725247 +lon_0=85.875 +lat_1=24.625 +lat_2=27.125 +x_0=1000000 +y_0=1000000 +datum=WGS84 +units=m +no_defs +type=crs
EPSG,7760,WGS 84 / Delhi,+proj=lcc +lat_0=28.62510126 +lon_0=77 +lat_1=28.375 +lat_2=28.875 +x_0=1000000 +y_0=1000000 +datum=WGS84 +units=m +no_defs +type=crs
EPSG,7761,WGS 84 / Gujarat,+proj=lcc +lat_0=22.37807121 +lon_0=71.375 +lat_1=20.7916666666667 +lat_2=23.9583333333333 +x_0=1000000 +y_0=1000000 +datum=WGS84 +units=m +no_defs +type=crs
EPSG,7762,WGS 84 / Haryana,+proj=lcc +lat_0=29.25226266 +lon_0=76 +lat_1=28.0833333333333 +lat_2=30.4166666666667 +x_0=1000000 +y_0=1000000 +datum=WGS84 +units=m +no_defs +type=crs
EPSG,7763,WGS 84 / Himachal Pradesh,+proj=lcc +lat_0=31.75183497 +lon_0=77.375 +lat_1=30.75 +lat_2=32.75 +x_0=1000000 +y_0=1000000 +datum=WGS84 +units=m +no_defs +type=crs
EPSG,7764,WGS 84 / Jammu and Kashmir,+proj=lcc +lat_0=34.75570874 +lon_0=76.5 +lat_1=33.0833333333333 +lat_2=36.4166666666667 +x_0=1000000 +y_0=1000000 +datum=WGS84 +units=m +no_defs +type=crs
EPSG,7765,WGS 84 / Jharkhand,+proj=lcc +lat_0=23.62652682 +lon_0=85.625 +lat_1=22.5416666666667 +lat_2=24.7083333333333 +x_0=1000000 +y_0=1000000 +datum=WGS84 +units=m +no_defs +type=crs
EPSG,7766,WGS 84 / Madhya Pradesh,+proj=lcc +lat_0=24.00529821 +lon_0=78.375 +lat_1=22 +lat_2=26 +x_0=1000000 +y_0=1000000 +datum=WGS84 +units=m +no_defs +type=crs
EPSG,7767,WGS 84 / Maharashtra,+proj=lcc +lat_0=18.88015774 +lon_0=76.75 +lat_1=16.625 +lat_2=21.125 +x_0=1000000 +y_0=1000000 +datum=WGS84 +units=m +no_defs +type=crs
EPSG,7768,WGS 84 / Manipur,+proj=lcc +lat_0=24.75060911 +lon_0=94 +lat_1=24.0833333333333 +lat_2=25.4166666666667 +x_0=1000000 +y_0=1000000 +datum=WGS84 +units=m +no_defs +type=crs
EPSG,7769,WGS 84 / Meghalaya,+proj=lcc +lat_0=25.62524747 +lon_0=91.375 +lat_1=25.2083333333333 +lat_2=26.0416666666667 +x_0=1000000 +y_0=1000000 +datum=WGS84 +units=m +no_defs +type=crs
EPSG,7770,WGS 84 / Nagaland,+proj=lcc +lat_0=26.12581974 +lon_0=94.375 +lat_1=25.375 +lat_2=26.875 +x_0=1000000 +y_0=1000000 +datum=WGS84 +units=m +no_defs +type=crs
EPSG,7771,WGS 84 / India Northeast,+proj=lcc +lat_0=25.63452135 +lon_0=93.5 +lat_1=23.0416666666667 +lat_2=28.2083333333333 +x_0=1000000 +y_0=1000000 +datum=WGS84 +units=m +no_defs +type=crs
EPSG,7772,WGS 84 / Orissa,+proj=lcc +lat_0=20.25305174 +lon_0=84.375 +lat_1=18.5833333333333 +lat_2=21.9166666666667 +x_0=1000000 +y_0=1000000 +datum=WGS84 +units=m +no_defs +type=crs
EPSG,7773,WGS 84 / Punjab,+proj=lcc +lat_0=31.00178226 +lon_0=75.375 +lat_1=30 +lat_2=32 +x_0=1000000 +y_0=1000000 +datum=WGS84 +units=m +no_defs +type=crs
EPSG,7774,WGS 84 / Rajasthan,+proj=lcc +lat_0=26.88505546 +lon_0=73.875 +lat_1=24.2916666666667 +lat_2=29.4583333333333 +x_0=1000000 +y_0=1000000 +datum=WGS84 +units=m +no_defs +type=crs
EPSG,7775,WGS 84 / Uttar Pradesh,+proj=lcc +lat_0=27.13270823 +lon_0=80.875 +lat_1=24.875 +lat_2=29.375 +x_0=1000000 +y_0=1000000 +datum=WGS84 +units=m +no_defs +type=crs
EPSG,7776,WGS 84 / Uttaranchal,+proj=lcc +lat_0=30.0017132 +lon_0=79.375 +lat_1=29 +lat_2=31 +x_0=1000000 +y_0=1000000 +datum=WGS84 +units=m +no_defs +type=crs
EPSG,7777,WGS 84 / Andaman and Nicobar,+proj=tmerc +lat_0=10.25 +lon_0=93.25 +k=0.9999428 +x_0=1000000 +y_0=1000000 +datum=WGS84 +units=m +no_defs +type=crs
EPSG,7778,WGS 84 / Chhattisgarh,+proj=tmerc +lat_0=21 +lon_0=82.25 +k=0.9998332 +x_0=1000000 +y_0=1000000 +datum=WGS84 +units=m +no_defs +type=crs
EPSG,7779,WGS 84 / Goa,+proj=tmerc +lat_0=15.375 +lon_0=74 +k=0.9999913 +x_0=1000000 +y_0=1000000 +datum=WGS84 +units=m +no_defs +type=crs
EPSG,7780,WGS 84 / Karnataka,+proj=tmerc +lat_0=15.125 +lon_0=76.375 +k=0.9998012 +x_0=1000000 +y_0=1000000 +datum=WGS84 +units=m +no_defs +type=crs
EPSG,7781,WGS 84 / Kerala,+proj=tmerc +lat_0=10.5 +lon_0=76 +k=0.9999177 +x_0=1000000 +y_0=1000000 +datum=WGS84 +units=m +no_defs +type=crs
EPSG,7782,WGS 84 / Lakshadweep,+proj=tmerc +lat_0=10 +lon_0=73.125 +k=0.9999536 +x_0=1000000 +y_0=1000000 +datum=WGS84 +units=m +no_defs +type=crs
EPSG,7783,WGS 84 / Mizoram,+proj=tmerc +lat_0=23.125 +lon_0=92.75 +k=0.9999821 +x_0=1000000 +y_0=1000000 +datum=WGS84 +units=m +no_defs +type=crs
EPSG,7784,WGS 84 / Sikkim,+proj=tmerc +lat_0=27.625 +lon_0=88.5 +k=0.9999926 +x_0=1000000 +y_0=1000000 +datum=WGS84 +units=m +no_defs +type=crs
EPSG,7785,WGS 84 / Tamil Nadu,+proj=tmerc +lat_0=10.875 +lon_0=78.375 +k=0.9997942 +x_0=1000000 +y_0=1000000 +datum=WGS84 +units=m +no_defs +type=crs
EPSG,7786,WGS 84 / Tripura,+proj=tmerc +lat_0=23.75 +lon_0=91.75 +k=0.9999822 +x_0=1000000 +y_0=1000000 +datum=WGS84 +units=m +no_defs +type=crs
EPSG,7787,WGS 84 / West Bengal,+proj=tmerc +lat_0=24.375 +lon_0=87.875 +k=0.9998584 +x_0=1000000 +y_0=1000000 +datum=WGS84 +units=m +no_defs +type=crs
EPSG,7789,ITRF2014,+proj=geocent +ellps=GRS80 +units=m +no_defs +type=crs
EPSG,7791,RDN2008 / UTM zone 32N,+proj=utm +zone=32 +ellps=GRS80 +units=m +no_defs +type=crs
EPSG,7792,RDN2008 / UTM zone 33N,+proj=utm +zone=33 +ellps=GRS80 +units=m +no_defs +type=crs
EPSG,7793,RDN2008 / UTM zone 34N,+proj=utm +zone=34 +ellps=GRS80 +units=m +no_defs +type=crs
EPSG,7794,RDN2008 / Italy zone (E-N),+proj=tmerc +lat_0=0 +lon_0=12 +k=0.9985 +x_0=7000000 +y_0=0 +ellps=GRS80 +units=m +no_defs +type=crs
EPSG,7795,RDN2008 / Zone 12 (E-N),+proj=tmerc +lat_0=0 +lon_0=12 +k=1 +x_0=3000000 +y_0=0 +ellps=GRS80 +units=m +no_defs +type=crs
EPSG,7796,BGS2005,+proj=geocent +ellps=GRS80 +units=m +no_defs +type=crs
EPSG,7797,BGS2005,+proj=longlat +ellps=GRS80 +no_defs +type=crs
EPSG,7798,BGS2005,+proj=longlat +ellps=GRS80 +no_defs +type=crs
EPSG,7799,BGS2005 / UTM zone 34N (N-E),+proj=utm +zone=34 +ellps=GRS80 +units=m +no_defs +type=crs
EPSG,7800,BGS2005 / UTM zone 35N (N-E),+proj=utm +zone=35 +ellps=GRS80 +units=m +no_defs +type=crs
EPSG,7801,BGS2005 / CCS2005,+proj=lcc +lat_0=42.6678756833333 +lon_0=25.5 +lat_1=42 +lat_2=43.3333333333333 +x_0=500000 +y_0=4725824.3591 +ellps=GRS80 +units=m +no_defs +type=crs
EPSG,7803,BGS2005 / UTM zone 34N,+proj=utm +zone=34 +ellps=GRS80 +units=m +no_defs +type=crs
EPSG,7805,BGS2005 / UTM zone 36N,+proj=utm +zone=36 +ellps=GRS80 +units=m +no_defs +type=crs
EPSG,7815,WGS 84 (Transit),+proj=geocent +ellps=WGS84 +units=m +no_defs +type=crs
EPSG,7816,WGS 84 (Transit),+proj=longlat +ellps=WGS84 +no_defs +type=crs
EPSG,7825,Pulkovo 1942 / CS63 zone X1,+proj=tmerc +lat_0=0.0833333333333333 +lon_0=23.5 +k=1 +x_0=1300000 +y_0=0 +ellps=krass +units=m +no_defs +type=crs
EPSG,7826,Pulkovo 1942 / CS63 zone X2,+proj=tmerc +lat_0=0.0833333333333333 +lon_0=26.5 +k=1 +x_0=2300000 +y_0=0 +ellps=krass +units=m +no_defs +type=crs
EPSG,7827,Pulkovo 1942 / CS63 zone X3,+proj=tmerc +lat_0=0.0833333333333333 +lon_0=29.5 +k=1 +x_0=3300000 +y_0=0 +ellps=krass +units=m +no_defs +type=crs
EPSG,7828,Pulkovo 1942 / CS63 zone X4,+proj=tmerc +lat_0=0.0833333333333333 +lon_0=32.5 +k=1 +x_0=4300000 +y_0=0 +ellps=krass +units=m +no_defs +type=crs
EPSG,7829,Pulkovo 1942 / CS63 zone X5,+proj=tmerc +lat_0=0.0833333333333333 +lon_0=35.5 +k=1 +x_0=5300000 +y_0=0 +ellps=krass +units=m +no_defs +type=crs
EPSG,7830,Pulkovo 1942 / CS63 zone X6,+proj=tmerc +lat_0=0.0833333333333333 +lon_0=38.5 +k=1 +x_0=6300000 +y_0=0 +ellps=krass +units=m +no_defs +type=crs
EPSG,7831,Pulkovo 1942 / CS63 zone X7,+proj=tmerc +lat_0=0.0833333333333333 +lon_0=41.5 +k=1 +x_0=7300000 +y_0=0 +ellps=krass +units=m +no_defs +type=crs
EPSG,7832,POM96 height,+vunits=m +no_defs +type=crs
EPSG,7837,DHHN2016 height,+vunits=m +no_defs +type=crs
EPSG,7839,NZVD2016 height,+vunits=m +no_defs +type=crs
EPSG,7841,POM08 height,+vunits=m +no_defs +type=crs
EPSG,7842,GDA2020,+proj=geocent +ellps=GRS80 +units=m +no_defs +type=crs
EPSG,7843,GDA2020,+proj=longlat +ellps=GRS80 +no_defs +type=crs
EPSG,7844,GDA2020,+proj=longlat +ellps=GRS80 +no_defs +type=crs
EPSG,7845,GDA2020 / GA LCC,+proj=lcc +lat_0=0 +lon_0=134 +lat_1=-18 +lat_2=-36 +x_0=0 +y_0=0 +ellps=GRS80 +units=m +no_defs +type=crs
EPSG,7846,GDA2020 / MGA zone 46,+proj=utm +zone=46 +south +ellps=GRS80 +units=m +no_defs +type=crs
EPSG,7847,GDA2020 / MGA zone 47,+proj=utm +zone=47 +south +ellps=GRS80 +units=m +no_defs +type=crs
EPSG,7848,GDA2020 / MGA zone 48,+proj=utm +zone=48 +south +ellps=GRS80 +units=m +no_defs +type=crs
EPSG,7849,GDA2020 / MGA zone 49,+proj=utm +zone=49 +south +ellps=GRS80 +units=m +no_defs +type=crs
EPSG,7850,GDA2020 / MGA zone 50,+proj=utm +zone=50 +south +ellps=GRS80 +units=m +no_defs +type=crs
EPSG,7851,GDA2020 / MGA zone 51,+proj=utm +zone=51 +south +ellps=GRS80 +units=m +no_defs +type=crs
EPSG,7852,GDA2020 / MGA zone 52,+proj=utm +zone=52 +south +ellps=GRS80 +units=m +no_defs +type=crs
EPSG,7853,GDA2020 / MGA zone 53,+proj=utm +zone=53 +south +ellps=GRS80 +units=m +no_defs +type=crs
EPSG,7854,GDA2020 / MGA zone 54,+proj=utm +zone=54 +south +ellps=GRS80 +units=m +no_defs +type=crs
EPSG,7855,GDA2020 / MGA zone 55,+proj=utm +zone=55 +south +ellps=GRS80 +units=m +no_defs +type=crs
EPSG,7856,GDA2020 / MGA zone 56,+proj=utm +zone=56 +south +ellps=GRS80 +units=m +no_defs +type=crs
EPSG,7857,GDA2020 / MGA zone 57,+proj=utm +zone=57 +south +ellps=GRS80 +units=m +no_defs +type=crs
EPSG,7858,GDA2020 / MGA zone 58,+proj=utm +zone=58 +south +ellps=GRS80 +units=m +no_defs +type=crs
EPSG,7859,GDA2020 / MGA zone 59,+proj=utm +zone=59 +south +ellps=GRS80 +units=m +no_defs +type=crs
EPSG,7877,Astro DOS 71 / SHLG71,+proj=tmerc +lat_0=-15.9666666666667 +lon_0=-5.71666666666667 +k=1 +x_0=300000 +y_0=2000000 +ellps=intl +units=m +no_defs +type=crs
EPSG,7878,Astro DOS 71 / UTM zone 30S,+proj=utm +zone=30 +south +ellps=intl +units=m +no_defs +type=crs
EPSG,7879,St. Helena Tritan,+proj=geocent +ellps=WGS84 +units=m +no_defs +type=crs
EPSG,7880,St. Helena Tritan,+proj=longlat +ellps=WGS84 +no_defs +type=crs
EPSG,7881,St. Helena Tritan,+proj=longlat +ellps=WGS84 +no_defs +type=crs
EPSG,7882,St. Helena Tritan / SHLG(Tritan),+proj=tmerc +lat_0=-15.9666666666667 +lon_0=-5.71666666666667 +k=1 +x_0=299483.737 +y_0=2000527.879 +ellps=WGS84 +units=m +no_defs +type=crs
EPSG,7883,St. Helena Tritan / UTM zone 30S,+proj=utm +zone=30 +south +ellps=WGS84 +units=m +no_defs +type=crs
EPSG,7884,SHGD2015,+proj=geocent +ellps=GRS80 +units=m +no_defs +type=crs
EPSG,7885,SHGD2015,+proj=longlat +ellps=GRS80 +no_defs +type=crs
EPSG,7886,SHGD2015,+proj=longlat +ellps=GRS80 +no_defs +type=crs
EPSG,7887,SHMG2015,+proj=utm +zone=30 +south +ellps=GRS80 +units=m +no_defs +type=crs
EPSG,7888,Jamestown 1971 height,+vunits=m +no_defs +type=crs
EPSG,7889,St. Helena Tritan 2011 height,+vunits=m +no_defs +type=crs
EPSG,7890,SHVD2015 height,+vunits=m +no_defs +type=crs
EPSG,7899,GDA2020 / Vicgrid,+proj=lcc +lat_0=-37 +lon_0=145 +lat_1=-36 +lat_2=-38 +x_0=2500000 +y_0=2500000 +ellps=GRS80 +units=m +no_defs +type=crs
EPSG,7900,ITRF88,+proj=longlat +ellps=GRS80 +no_defs +type=crs
EPSG,7901,ITRF89,+proj=longlat +ellps=GRS80 +no_defs +type=crs
EPSG,7902,ITRF90,+proj=longlat +ellps=GRS80 +no_defs +type=crs
EPSG,7903,ITRF91,+proj=longlat +ellps=GRS80 +no_defs +type=crs
EPSG,7904,ITRF92,+proj=longlat +ellps=GRS80 +no_defs +type=crs
EPSG,7905,ITRF93,+proj=longlat +ellps=GRS80 +no_defs +type=crs
EPSG,7906,ITRF94,+proj=longlat +ellps=GRS80 +no_defs +type=crs
EPSG,7907,ITRF96,+proj=longlat +ellps=GRS80 +no_defs +type=crs
EPSG,7908,ITRF97,+proj=longlat +ellps=GRS80 +no_defs +type=crs
EPSG,7909,ITRF2000,+proj=longlat +ellps=GRS80 +no_defs +type=crs
EPSG,7910,ITRF2005,+proj=longlat +ellps=GRS80 +no_defs +type=crs
EPSG,7911,ITRF2008,+proj=longlat +ellps=GRS80 +no_defs +type=crs
EPSG,7912,ITRF2014,+proj=longlat +ellps=GRS80 +no_defs +type=crs
EPSG,7914,ETRF89,+proj=geocent +ellps=GRS80 +units=m +no_defs +type=crs
EPSG,7915,ETRF89,+proj=longlat +ellps=GRS80 +no_defs +type=crs
EPSG,7916,ETRF90,+proj=geocent +ellps=GRS80 +units=m +no_defs +type=crs
EPSG,7917,ETRF90,+proj=longlat +ellps=GRS80 +no_defs +type=crs
EPSG,7918,ETRF91,+proj=geocent +ellps=GRS80 +units=m +no_defs +type=crs
EPSG,7919,ETRF91,+proj=longlat +ellps=GRS80 +no_defs +type=crs
EPSG,7920,ETRF92,+proj=geocent +ellps=GRS80 +units=m +no_defs +type=crs
EPSG,7921,ETRF92,+proj=longlat +ellps=GRS80 +no_defs +type=crs
EPSG,7922,ETRF93,+proj=geocent +ellps=GRS80 +units=m +no_defs +type=crs
EPSG,7923,ETRF93,+proj=longlat +ellps=GRS80 +no_defs +type=crs
EPSG,7924,ETRF94,+proj=geocent +ellps=GRS80 +units=m +no_defs +type=crs
EPSG,7925,ETRF94,+proj=longlat +ellps=GRS80 +no_defs +type=crs
EPSG,7926,ETRF96,+proj=geocent +ellps=GRS80 +units=m +no_defs +type=crs
EPSG,7927,ETRF96,+proj=longlat +ellps=GRS80 +no_defs +type=crs
EPSG,7928,ETRF97,+proj=geocent +ellps=GRS80 +units=m +no_defs +type=crs
EPSG,7929,ETRF97,+proj=longlat +ellps=GRS80 +no_defs +type=crs
EPSG,7930,ETRF2000,+proj=geocent +ellps=GRS80 +units=m +no_defs +type=crs
EPSG,7931,ETRF2000,+proj=longlat +ellps=GRS80 +no_defs +type=crs
EPSG,7954,Astro DOS 71 / UTM zone 30S + Jamestown 1971 height,+proj=utm +zone=30 +south +ellps=intl +units=m +vunits=m +no_defs +type=crs
EPSG,7955,St. Helena Tritan / UTM zone 30S + Tritan 2011 height,+proj=utm +zone=30 +south +ellps=WGS84 +units=m +vunits=m +no_defs +type=crs
EPSG,7956,SHMG2015 + SHVD2015 height,+proj=utm +zone=30 +south +ellps=GRS80 +units=m +vunits=m +no_defs +type=crs
EPSG,7962,Poolbeg height (m),+vunits=m +no_defs +type=crs
EPSG,7968,NGVD29 height (m),+vunits=m +no_defs +type=crs
EPSG,7976,HKPD depth,+vunits=m +no_defs +type=crs
EPSG,7979,KOC WD height,+vunits=m +no_defs +type=crs
EPSG,7991,NAD27 / MTM zone 10,+proj=tmerc +lat_0=0 +lon_0=-79.5 +k=0.9999 +x_0=304800 +y_0=0 +datum=NAD27 +units=m +no_defs +type=crs
EPSG,7992,Malongo 1987 / UTM zone 33S,+proj=utm +zone=33 +south +ellps=intl +units=m +no_defs +type=crs
EPSG,8013,GDA2020 / ALB2020,+proj=tmerc +lat_0=0 +lon_0=117.883333333333 +k=1.0000044 +x_0=50000 +y_0=4100000 +ellps=GRS80 +units=m +no_defs +type=crs
EPSG,8014,GDA2020 / BIO2020,+proj=tmerc +lat_0=0 +lon_0=115.25 +k=1.0000022 +x_0=60000 +y_0=2700000 +ellps=GRS80 +units=m +no_defs +type=crs
EPSG,8015,GDA2020 / BRO2020,+proj=tmerc +lat_0=0 +lon_0=122.333333333333 +k=1.00000298 +x_0=50000 +y_0=2300000 +ellps=GRS80 +units=m +no_defs +type=crs
EPSG,8016,GDA2020 / BCG2020,+proj=tmerc +lat_0=0 +lon_0=115.433333333333 +k=0.99999592 +x_0=50000 +y_0=4000000 +ellps=GRS80 +units=m +no_defs +type=crs
EPSG,8017,GDA2020 / CARN2020,+proj=tmerc +lat_0=0 +lon_0=113.666666666667 +k=0.99999796 +x_0=50000 +y_0=3050000 +ellps=GRS80 +units=m +no_defs +type=crs
EPSG,8018,GDA2020 / CIG2020,+proj=tmerc +lat_0=0 +lon_0=105.625 +k=1.00002514 +x_0=50000 +y_0=1400000 +ellps=GRS80 +units=m +no_defs +type=crs
EPSG,8019,GDA2020 / CKIG2020,+proj=tmerc +lat_0=0 +lon_0=96.875 +k=0.99999387 +x_0=50000 +y_0=1600000 +ellps=GRS80 +units=m +no_defs +type=crs
EPSG,8020,GDA2020 / COL2020,+proj=tmerc +lat_0=0 +lon_0=115.933333333333 +k=1.000019 +x_0=40000 +y_0=4100000 +ellps=GRS80 +units=m +no_defs +type=crs
EPSG,8021,GDA2020 / ESP2020,+proj=tmerc +lat_0=0 +lon_0=121.883333333333 +k=1.0000055 +x_0=50000 +y_0=4050000 +ellps=GRS80 +units=m +no_defs +type=crs
EPSG,8022,GDA2020 / EXM2020,+proj=tmerc +lat_0=0 +lon_0=114.066666666667 +k=1.00000236 +x_0=50000 +y_0=2750000 +ellps=GRS80 +units=m +no_defs +type=crs
EPSG,8023,GDA2020 / GCG2020,+proj=tmerc +lat_0=0 +lon_0=114.583333333333 +k=1.00000628 +x_0=50000 +y_0=3450000 +ellps=GRS80 +units=m +no_defs +type=crs
EPSG,8024,GDA2020 / GOLD2020,+proj=tmerc +lat_0=0 +lon_0=121.5 +k=1.00004949 +x_0=60000 +y_0=3800000 +ellps=GRS80 +units=m +no_defs +type=crs
EPSG,8025,GDA2020 / JCG2020,+proj=tmerc +lat_0=0 +lon_0=114.983333333333 +k=1.00000314 +x_0=50000 +y_0=3650000 +ellps=GRS80 +units=m +no_defs +type=crs
EPSG,8026,GDA2020 / KALB2020,+proj=tmerc +lat_0=0 +lon_0=114.315277777778 +k=1.000014 +x_0=55000 +y_0=3700000 +ellps=GRS80 +units=m +no_defs +type=crs
EPSG,8027,GDA2020 / KAR2020,+proj=tmerc +lat_0=0 +lon_0=116.933333333333 +k=0.9999989 +x_0=50000 +y_0=2550000 +ellps=GRS80 +units=m +no_defs +type=crs
EPSG,8028,GDA2020 / KUN2020,+proj=tmerc +lat_0=0 +lon_0=128.75 +k=1.0000165 +x_0=50000 +y_0=2100000 +ellps=GRS80 +units=m +no_defs +type=crs
EPSG,8029,GDA2020 / LCG2020,+proj=tmerc +lat_0=0 +lon_0=115.366666666667 +k=1.00000157 +x_0=50000 +y_0=3750000 +ellps=GRS80 +units=m +no_defs +type=crs
EPSG,8030,GDA2020 / MRCG2020,+proj=tmerc +lat_0=0 +lon_0=115.166666666667 +k=1.0000055 +x_0=50000 +y_0=4050000 +ellps=GRS80 +units=m +no_defs +type=crs
EPSG,8031,GDA2020 / PCG2020,+proj=tmerc +lat_0=0 +lon_0=115.816666666667 +k=0.99999906 +x_0=50000 +y_0=3900000 +ellps=GRS80 +units=m +no_defs +type=crs
EPSG,8032,GDA2020 / PHG2020,+proj=tmerc +lat_0=0 +lon_0=118.6 +k=1.00000135 +x_0=50000 +y_0=2500000 +ellps=GRS80 +units=m +no_defs +type=crs
EPSG,8035,WGS 84 / TM Zone 20N (ftUS),+proj=tmerc +lat_0=0 +lon_0=-63 +k=0.9996 +x_0=500000.0001016 +y_0=0 +datum=WGS84 +units=us-ft +no_defs +type=crs
EPSG,8036,WGS 84 / TM Zone 21N (ftUS),+proj=tmerc +lat_0=0 +lon_0=-57 +k=0.9996 +x_0=500000.0001016 +y_0=0 +datum=WGS84 +units=us-ft +no_defs +type=crs
EPSG,8042,Gusterberg (Ferro),+proj=longlat +a=6376045 +rf=310 +pm=ferro +no_defs +type=crs
EPSG,8043,St. Stephen (Ferro),+proj=longlat +a=6376045 +rf=310 +pm=ferro +no_defs +type=crs
EPSG,8044,Gusterberg Grid (Ferro),+proj=cass +lat_0=48.0384638888889 +lon_0=31.8041805555556 +x_0=0 +y_0=0 +a=6376045 +rf=310 +pm=ferro +units=m +no_defs +type=crs
EPSG,8045,St. Stephen Grid (Ferro),+proj=cass +lat_0=48.2087611111111 +lon_0=34.0409222222222 +x_0=0 +y_0=0 +a=6376045 +rf=310 +pm=ferro +units=m +no_defs +type=crs
EPSG,8050,MSL height (ft),+vunits=ft +no_defs +type=crs
EPSG,8051,MSL depth (ft),+vunits=ft +no_defs +type=crs
EPSG,8052,MSL height (ftUS),+vunits=us-ft +no_defs +type=crs
EPSG,8053,MSL depth (ftUS),+vunits=us-ft +no_defs +type=crs
EPSG,8058,GDA2020 / NSW Lambert,+proj=lcc +lat_0=-33.25 +lon_0=147 +lat_1=-30.75 +lat_2=-35.75 +x_0=9300000 +y_0=4500000 +ellps=GRS80 +units=m +no_defs +type=crs
EPSG,8059,GDA2020 / SA Lambert,+proj=lcc +lat_0=-32 +lon_0=135 +lat_1=-28 +lat_2=-36 +x_0=1000000 +y_0=2000000 +ellps=GRS80 +units=m +no_defs +type=crs
EPSG,8065,NAD83(2011) / PCCS zone 1 (ft),+proj=omerc +lat_0=32.25 +lonc=-111.4 +alpha=45 +gamma=45 +k=1.00011 +x_0=48768 +y_0=243840 +ellps=GRS80 +units=ft +no_defs +type=crs
EPSG,8066,NAD83(2011) / PCCS zone 2 (ft),+proj=tmerc +lat_0=31.25 +lon_0=-112.166666666667 +k=1.00009 +x_0=548640 +y_0=304800 +ellps=GRS80 +units=ft +no_defs +type=crs
EPSG,8067,NAD83(2011) / PCCS zone 3 (ft),+proj=tmerc +lat_0=31.5 +lon_0=-113.166666666667 +k=1.000055 +x_0=182880 +y_0=0 +ellps=GRS80 +units=ft +no_defs +type=crs
EPSG,8068,NAD83(2011) / PCCS zone 4 (ft),+proj=lcc +lat_1=30.5 +lat_0=30.5 +lon_0=-110.75 +k_0=0.9998 +x_0=9144 +y_0=-188976 +ellps=GRS80 +units=ft +no_defs +type=crs
EPSG,8082,NAD83(CSRS)v6 / MTM NS 2010 zone 4,+proj=tmerc +lat_0=0 +lon_0=-61.5 +k=0.9999 +x_0=24500000 +y_0=0 +ellps=GRS80 +units=m +no_defs +type=crs
EPSG,8083,NAD83(CSRS)v6 / MTM NS 2010 zone 5,+proj=tmerc +lat_0=0 +lon_0=-64.5 +k=0.9999 +x_0=25500000 +y_0=0 +ellps=GRS80 +units=m +no_defs +type=crs
EPSG,8084,ISN2016,+proj=geocent +ellps=GRS80 +units=m +no_defs +type=crs
EPSG,8085,ISN2016,+proj=longlat +ellps=GRS80 +no_defs +type=crs
EPSG,8086,ISN2016,+proj=longlat +ellps=GRS80 +no_defs +type=crs
EPSG,8088,ISN2016 / Lambert 2016,+proj=lcc +lat_0=65 +lon_0=-19 +lat_1=64.25 +lat_2=65.75 +x_0=2700000 +y_0=300000 +ellps=GRS80 +units=m +no_defs +type=crs
EPSG,8089,ISH2004 height,+vunits=m +no_defs +type=crs
EPSG,8090,NAD83(HARN) / WISCRS Florence (m),+proj=tmerc +lat_0=45.4388888888889 +lon_0=-88.1416666666667 +k=1.0000552095 +x_0=133502.6683 +y_0=0.0063 +ellps=GRS80 +units=m +no_defs +type=crs
EPSG,8091,NAD83(HARN) / WISCRS Florence (ftUS),+proj=tmerc +lat_0=45.4388888888889 +lon_0=-88.1416666666667 +k=1.0000552095 +x_0=133502.668224536 +y_0=0.0064008128016256 +ellps=GRS80 +units=us-ft +no_defs +type=crs
EPSG,8092,NAD83(HARN) / WISCRS Eau Claire (m),+proj=lcc +lat_1=44.8722811263889 +lat_0=44.8722811263889 +lon_0=-91.2888888888889 +k_0=1.000035079 +x_0=120091.4402 +y_0=91687.9239 +ellps=GRS80 +units=m +no_defs +type=crs
EPSG,8093,NAD83(HARN) / WISCRS Eau Claire (ftUS),+proj=lcc +lat_1=44.8722811263889 +lat_0=44.8722811263889 +lon_0=-91.2888888888889 +k_0=1.000035079 +x_0=120091.44018288 +y_0=91687.9239014478 +ellps=GRS80 +units=us-ft +no_defs +type=crs
EPSG,8095,NAD83(HARN) / WISCRS Wood (m),+proj=lcc +lat_1=44.3625954694444 +lat_0=44.3625954694444 +lon_0=-90 +k_0=1.0000421209 +x_0=208483.6173 +y_0=134589.754 +ellps=GRS80 +units=m +no_defs +type=crs
EPSG,8096,NAD83(HARN) / WISCRS Wood (ftUS),+proj=lcc +lat_1=44.3625954694444 +lat_0=44.3625954694444 +lon_0=-90 +k_0=1.0000421209 +x_0=208483.617272035 +y_0=134589.753924308 +ellps=GRS80 +units=us-ft +no_defs +type=crs
EPSG,8097,NAD83(HARN) / WISCRS Waushara (m),+proj=lcc +lat_1=44.1139440458333 +lat_0=44.1139440458333 +lon_0=-89.2416666666667 +k_0=1.0000392096 +x_0=120091.4402 +y_0=45069.7587 +ellps=GRS80 +units=m +no_defs +type=crs
EPSG,8098,NAD83(HARN) / WISCRS Waushara (ftUS),+proj=lcc +lat_1=44.1139440458333 +lat_0=44.1139440458333 +lon_0=-89.2416666666667 +k_0=1.0000392096 +x_0=120091.44018288 +y_0=45069.7588011176 +ellps=GRS80 +units=us-ft +no_defs +type=crs
EPSG,8099,NAD83(HARN) / WISCRS Waupaca (m),+proj=tmerc +lat_0=43.4202777777778 +lon_0=-88.8166666666667 +k=1.0000333645 +x_0=185013.9709 +y_0=0.007 +ellps=GRS80 +units=m +no_defs +type=crs
EPSG,8100,NAD83(HARN) / WISCRS Waupaca (ftUS),+proj=tmerc +lat_0=43.4202777777778 +lon_0=-88.8166666666667 +k=1.0000333645 +x_0=185013.970942342 +y_0=0.00701041402082804 +ellps=GRS80 +units=us-ft +no_defs +type=crs
EPSG,8101,NAD83(HARN) / WISCRS Waukesha (m),+proj=tmerc +lat_0=42.5694444444444 +lon_0=-88.225 +k=1.0000346179 +x_0=208788.418 +y_0=0.0034 +ellps=GRS80 +units=m +no_defs +type=crs
EPSG,8102,NAD83(HARN) / WISCRS Waukesha (ftUS),+proj=tmerc +lat_0=42.5694444444444 +lon_0=-88.225 +k=1.0000346179 +x_0=208788.417881636 +y_0=0.00335280670561341 +ellps=GRS80 +units=us-ft +no_defs +type=crs
EPSG,8103,NAD83(HARN) / WISCRS Washington (m),+proj=tmerc +lat_0=42.9180555555556 +lon_0=-88.0638888888889 +k=1.00003738 +x_0=120091.4415 +y_0=0.003 +ellps=GRS80 +units=m +no_defs +type=crs
EPSG,8104,NAD83(HARN) / WISCRS Washington (ftUS),+proj=tmerc +lat_0=42.9180555555556 +lon_0=-88.0638888888889 +k=1.00003738 +x_0=120091.441402083 +y_0=0.00304800609601219 +ellps=GRS80 +units=us-ft +no_defs +type=crs
EPSG,8105,NAD83(HARN) / WISCRS Washburn (m),+proj=lcc +lat_1=45.9612198333333 +lat_0=45.9612198333333 +lon_0=-91.7833333333333 +k_0=1.0000475376 +x_0=234086.8682 +y_0=188358.6058 +ellps=GRS80 +units=m +no_defs +type=crs
EPSG,8106,NAD83(HARN) / WISCRS Washburn (ftUS),+proj=lcc +lat_1=45.9612198333333 +lat_0=45.9612198333333 +lon_0=-91.7833333333333 +k_0=1.0000475376 +x_0=234086.868173736 +y_0=188358.605943612 +ellps=GRS80 +units=us-ft +no_defs +type=crs
EPSG,8107,NAD83(HARN) / WISCRS Walworth (m),+proj=lcc +lat_1=42.6694620969444 +lat_0=42.6694620969444 +lon_0=-88.5416666666667 +k_0=1.0000367192 +x_0=232562.8651 +y_0=111088.2224 +ellps=GRS80 +units=m +no_defs +type=crs
EPSG,8108,NAD83(HARN) / WISCRS Walworth (ftUS),+proj=lcc +lat_1=42.6694620969444 +lat_0=42.6694620969444 +lon_0=-88.5416666666667 +k_0=1.0000367192 +x_0=232562.86512573 +y_0=111088.222402845 +ellps=GRS80 +units=us-ft +no_defs +type=crs
EPSG,8109,NAD83(HARN) / WISCRS Vilas (m),+proj=lcc +lat_1=46.0778440905556 +lat_0=46.0778440905556 +lon_0=-89.4888888888889 +k_0=1.0000730142 +x_0=134417.0689 +y_0=50337.1092 +ellps=GRS80 +units=m +no_defs +type=crs
EPSG,8110,NAD83(HARN) / WISCRS Vilas (ftUS),+proj=lcc +lat_1=46.0778440905556 +lat_0=46.0778440905556 +lon_0=-89.4888888888889 +k_0=1.0000730142 +x_0=134417.068834138 +y_0=50337.1092710185 +ellps=GRS80 +units=us-ft +no_defs +type=crs
EPSG,8111,NAD83(HARN) / WISCRS Vernon (m),+proj=lcc +lat_1=43.5750329397222 +lat_0=43.5750329397222 +lon_0=-90.7833333333333 +k_0=1.0000408158 +x_0=222504.4451 +y_0=47532.0602 +ellps=GRS80 +units=m +no_defs +type=crs
EPSG,8112,NAD83(HARN) / WISCRS Vernon (ftUS),+proj=lcc +lat_1=43.5750329397222 +lat_0=43.5750329397222 +lon_0=-90.7833333333333 +k_0=1.0000408158 +x_0=222504.44500889 +y_0=47532.0603505207 +ellps=GRS80 +units=us-ft +no_defs +type=crs
EPSG,8113,NAD83(HARN) / WISCRS Trempealeau (m),+proj=tmerc +lat_0=43.1611111111111 +lon_0=-91.3666666666667 +k=1.0000361538 +x_0=256946.9138 +y_0=0.0041 +ellps=GRS80 +units=m +no_defs +type=crs
EPSG,8114,NAD83(HARN) / WISCRS Trempealeau (ftUS),+proj=tmerc +lat_0=43.1611111111111 +lon_0=-91.3666666666667 +k=1.0000361538 +x_0=256946.913893828 +y_0=0.00396240792481585 +ellps=GRS80 +units=us-ft +no_defs +type=crs
EPSG,8115,NAD83(HARN) / WISCRS Taylor (m),+proj=lcc +lat_1=45.1778220858333 +lat_0=45.1778220858333 +lon_0=-90.4833333333333 +k_0=1.0000597566 +x_0=187147.5744 +y_0=107746.7522 +ellps=GRS80 +units=m +no_defs +type=crs
EPSG,8116,NAD83(HARN) / WISCRS Taylor (ftUS),+proj=lcc +lat_1=45.1778220858333 +lat_0=45.1778220858333 +lon_0=-90.4833333333333 +k_0=1.0000597566 +x_0=187147.574295149 +y_0=107746.752146304 +ellps=GRS80 +units=us-ft +no_defs +type=crs
EPSG,8117,NAD83(HARN) / WISCRS St. Croix (m),+proj=tmerc +lat_0=44.0361111111111 +lon_0=-92.6333333333333 +k=1.0000381803 +x_0=165506.7302 +y_0=0.0103 +ellps=GRS80 +units=m +no_defs +type=crs
EPSG,8118,NAD83(HARN) / WISCRS St. Croix (ftUS),+proj=tmerc +lat_0=44.0361111111111 +lon_0=-92.6333333333333 +k=1.0000381803 +x_0=165506.73009906 +y_0=0.0103632207264415 +ellps=GRS80 +units=us-ft +no_defs +type=crs
EPSG,8119,NAD83(HARN) / WISCRS Shawano (m),+proj=tmerc +lat_0=44.0361111111111 +lon_0=-88.6055555555556 +k=1.000032144 +x_0=262433.3253 +y_0=0.0096 +ellps=GRS80 +units=m +no_defs +type=crs
EPSG,8120,NAD83(HARN) / WISCRS Shawano (ftUS),+proj=tmerc +lat_0=44.0361111111111 +lon_0=-88.6055555555556 +k=1.000032144 +x_0=262433.32517145 +y_0=0.0094488188976378 +ellps=GRS80 +units=us-ft +no_defs +type=crs
EPSG,8121,NAD83(HARN) / WISCRS Sawyer (m),+proj=lcc +lat_1=45.9000991313889 +lat_0=45.9000991313889 +lon_0=-91.1166666666667 +k_0=1.0000573461 +x_0=216713.2336 +y_0=120734.1631 +ellps=GRS80 +units=m +no_defs +type=crs
EPSG,8122,NAD83(HARN) / WISCRS Sawyer (ftUS),+proj=lcc +lat_1=45.9000991313889 +lat_0=45.9000991313889 +lon_0=-91.1166666666667 +k_0=1.0000573461 +x_0=216713.233731268 +y_0=120734.163169926 +ellps=GRS80 +units=us-ft +no_defs +type=crs
EPSG,8123,NAD83(HARN) / WISCRS Sauk (m),+proj=tmerc +lat_0=42.8194444444444 +lon_0=-89.9 +k=1.0000373868 +x_0=185623.5716 +y_0=0.0051 +ellps=GRS80 +units=m +no_defs +type=crs
EPSG,8124,NAD83(HARN) / WISCRS Sauk (ftUS),+proj=tmerc +lat_0=42.8194444444444 +lon_0=-89.9 +k=1.0000373868 +x_0=185623.571551943 +y_0=0.00518161036322073 +ellps=GRS80 +units=us-ft +no_defs +type=crs
EPSG,8125,NAD83(HARN) / WISCRS Rusk (m),+proj=tmerc +lat_0=43.9194444444444 +lon_0=-91.0666666666667 +k=1.0000495976 +x_0=250546.1013 +y_0=0.0234 +ellps=GRS80 +units=m +no_defs +type=crs
EPSG,8126,NAD83(HARN) / WISCRS Rusk (ftUS),+proj=tmerc +lat_0=43.9194444444444 +lon_0=-91.0666666666667 +k=1.0000495976 +x_0=250546.101397003 +y_0=0.0234696469392939 +ellps=GRS80 +units=us-ft +no_defs +type=crs
EPSG,8127,NAD83(HARN) / WISCRS Rock (m),+proj=tmerc +lat_0=41.9444444444444 +lon_0=-89.0722222222222 +k=1.0000337311 +x_0=146304.2926 +y_0=0.0068 +ellps=GRS80 +units=m +no_defs +type=crs
EPSG,8128,NAD83(HARN) / WISCRS Rock (ftUS),+proj=tmerc +lat_0=41.9444444444444 +lon_0=-89.0722222222222 +k=1.0000337311 +x_0=146304.292608585 +y_0=0.00670561341122682 +ellps=GRS80 +units=us-ft +no_defs +type=crs
EPSG,8129,NAD83(HARN) / WISCRS Richland (m),+proj=lcc +lat_1=43.3223129275 +lat_0=43.3223129275 +lon_0=-90.4305555555556 +k_0=1.0000375653 +x_0=202387.6048 +y_0=134255.4253 +ellps=GRS80 +units=m +no_defs +type=crs
EPSG,8130,NAD83(HARN) / WISCRS Richland (ftUS),+proj=lcc +lat_1=43.3223129275 +lat_0=43.3223129275 +lon_0=-90.4305555555556 +k_0=1.0000375653 +x_0=202387.60477521 +y_0=134255.425450851 +ellps=GRS80 +units=us-ft +no_defs +type=crs
EPSG,8131,NAD83(HARN) / WISCRS Price (m),+proj=tmerc +lat_0=44.5555555555556 +lon_0=-90.4888888888889 +k=1.0000649554 +x_0=227990.8546 +y_0=0.0109 +ellps=GRS80 +units=m +no_defs +type=crs
EPSG,8132,NAD83(HARN) / WISCRS Price (ftUS),+proj=tmerc +lat_0=44.5555555555556 +lon_0=-90.4888888888889 +k=1.0000649554 +x_0=227990.854457709 +y_0=0.0109728219456439 +ellps=GRS80 +units=us-ft +no_defs +type=crs
EPSG,8133,NAD83(HARN) / WISCRS Portage (m),+proj=lcc +lat_1=44.4168239752778 +lat_0=44.4168239752778 +lon_0=-89.5 +k_0=1.000039936 +x_0=56388.1128 +y_0=50022.1874 +ellps=GRS80 +units=m +no_defs +type=crs
EPSG,8134,NAD83(HARN) / WISCRS Portage (ftUS),+proj=lcc +lat_1=44.4168239752778 +lat_0=44.4168239752778 +lon_0=-89.5 +k_0=1.000039936 +x_0=56388.1127762256 +y_0=50022.1874523749 +ellps=GRS80 +units=us-ft +no_defs +type=crs
EPSG,8135,NAD83(HARN) / WISCRS Polk (m),+proj=tmerc +lat_0=44.6611111111111 +lon_0=-92.6333333333333 +k=1.0000433849 +x_0=141732.2823 +y_0=0.0059 +ellps=GRS80 +units=m +no_defs +type=crs
EPSG,8136,NAD83(HARN) / WISCRS Polk (ftUS),+proj=tmerc +lat_0=44.6611111111111 +lon_0=-92.6333333333333 +k=1.0000433849 +x_0=141732.282245365 +y_0=0.00579121158242317 +ellps=GRS80 +units=us-ft +no_defs +type=crs
EPSG,8137,NAD83(HARN) / WISCRS Pepin and Pierce (m),+proj=lcc +lat_1=44.6361488719444 +lat_0=44.6361488719444 +lon_0=-92.2277777777778 +k_0=1.0000362977 +x_0=167640.3354 +y_0=86033.0876 +ellps=GRS80 +units=m +no_defs +type=crs
EPSG,8138,NAD83(HARN) / WISCRS Pepin and Pierce (ftUS),+proj=lcc +lat_1=44.6361488719444 +lat_0=44.6361488719444 +lon_0=-92.2277777777778 +k_0=1.0000362977 +x_0=167640.335280671 +y_0=86033.0877317755 +ellps=GRS80 +units=us-ft +no_defs +type=crs
EPSG,8139,NAD83(HARN) / WISCRS Oneida (m),+proj=lcc +lat_1=45.7042237702778 +lat_0=45.7042237702778 +lon_0=-89.5444444444444 +k_0=1.0000686968 +x_0=70104.1401 +y_0=57588.0346 +ellps=GRS80 +units=m +no_defs +type=crs
EPSG,8140,NAD83(HARN) / WISCRS Oneida (ftUS),+proj=lcc +lat_1=45.7042237702778 +lat_0=45.7042237702778 +lon_0=-89.5444444444444 +k_0=1.0000686968 +x_0=70104.1402082804 +y_0=57588.0347472695 +ellps=GRS80 +units=us-ft +no_defs +type=crs
EPSG,8141,NAD83(HARN) / WISCRS Oconto (m),+proj=tmerc +lat_0=44.3972222222222 +lon_0=-87.9083333333333 +k=1.0000236869 +x_0=182880.3676 +y_0=0.0033 +ellps=GRS80 +units=m +no_defs +type=crs
EPSG,8142,NAD83(HARN) / WISCRS Oconto (ftUS),+proj=tmerc +lat_0=44.3972222222222 +lon_0=-87.9083333333333 +k=1.0000236869 +x_0=182880.367589535 +y_0=0.00335280670561341 +ellps=GRS80 +units=us-ft +no_defs +type=crs
EPSG,8143,NAD83(HARN) / WISCRS Monroe (m),+proj=lcc +lat_1=44.0000739286111 +lat_0=44.0000739286111 +lon_0=-90.6416666666667 +k_0=1.0000434122 +x_0=204521.209 +y_0=121923.9861 +ellps=GRS80 +units=m +no_defs +type=crs
EPSG,8144,NAD83(HARN) / WISCRS Monroe (ftUS),+proj=lcc +lat_1=44.0000739286111 +lat_0=44.0000739286111 +lon_0=-90.6416666666667 +k_0=1.0000434122 +x_0=204521.209042418 +y_0=121923.986182372 +ellps=GRS80 +units=us-ft +no_defs +type=crs
EPSG,8145,NAD83(HARN) / WISCRS Menominee (m),+proj=tmerc +lat_0=44.7166666666667 +lon_0=-88.4166666666667 +k=1.0000362499 +x_0=105461.0121 +y_0=0.0029 +ellps=GRS80 +units=m +no_defs +type=crs
EPSG,8146,NAD83(HARN) / WISCRS Menominee (ftUS),+proj=tmerc +lat_0=44.7166666666667 +lon_0=-88.4166666666667 +k=1.0000362499 +x_0=105461.012141224 +y_0=0.00304800609601219 +ellps=GRS80 +units=us-ft +no_defs +type=crs
EPSG,8147,NAD83(HARN) / WISCRS Marinette (m),+proj=tmerc +lat_0=44.6916666666667 +lon_0=-87.7111111111111 +k=1.0000234982 +x_0=238658.8794 +y_0=0.0032 +ellps=GRS80 +units=m +no_defs +type=crs
EPSG,8148,NAD83(HARN) / WISCRS Marinette (ftUS),+proj=tmerc +lat_0=44.6916666666667 +lon_0=-87.7111111111111 +k=1.0000234982 +x_0=238658.879451359 +y_0=0.00304800609601219 +ellps=GRS80 +units=us-ft +no_defs +type=crs
EPSG,8149,NAD83(HARN) / WISCRS Marathon (m),+proj=lcc +lat_1=44.9009044236111 +lat_0=44.9009044236111 +lon_0=-89.77 +k_0=1.000053289 +x_0=74676.1493 +y_0=55049.2669 +ellps=GRS80 +units=m +no_defs +type=crs
EPSG,8150,NAD83(HARN) / WISCRS Marathon (ftUS),+proj=lcc +lat_1=44.9009044236111 +lat_0=44.9009044236111 +lon_0=-89.77 +k_0=1.000053289 +x_0=74676.1493522987 +y_0=55049.2669545339 +ellps=GRS80 +units=us-ft +no_defs +type=crs
EPSG,8151,NAD83(HARN) / WISCRS Lincoln (m),+proj=tmerc +lat_0=44.8444444444444 +lon_0=-89.7333333333333 +k=1.0000599003 +x_0=116129.0323 +y_0=0.0058 +ellps=GRS80 +units=m +no_defs +type=crs
EPSG,8152,NAD83(HARN) / WISCRS Lincoln (ftUS),+proj=tmerc +lat_0=44.8444444444444 +lon_0=-89.7333333333333 +k=1.0000599003 +x_0=116129.032258065 +y_0=0.00579121158242317 +ellps=GRS80 +units=us-ft +no_defs +type=crs
EPSG,8153,NAD83(HARN) / WISCRS Langlade (m),+proj=lcc +lat_1=45.1542371052778 +lat_0=45.1542371052778 +lon_0=-89.0333333333333 +k_0=1.0000627024 +x_0=198425.197 +y_0=105279.7829 +ellps=GRS80 +units=m +no_defs +type=crs
EPSG,8154,NAD83(HARN) / WISCRS Langlade (ftUS),+proj=lcc +lat_1=45.1542371052778 +lat_0=45.1542371052778 +lon_0=-89.0333333333333 +k_0=1.0000627024 +x_0=198425.196850394 +y_0=105279.782880366 +ellps=GRS80 +units=us-ft +no_defs +type=crs
EPSG,8155,NAD83(HARN) / WISCRS La Crosse (m),+proj=tmerc +lat_0=43.4511111111111 +lon_0=-91.3166666666667 +k=1.0000319985 +x_0=130454.6598 +y_0=0.0033 +ellps=GRS80 +units=m +no_defs +type=crs
EPSG,8156,NAD83(HARN) / WISCRS La Crosse (ftUS),+proj=tmerc +lat_0=43.4511111111111 +lon_0=-91.3166666666667 +k=1.0000319985 +x_0=130454.659690119 +y_0=0.00335280670561341 +ellps=GRS80 +units=us-ft +no_defs +type=crs
EPSG,8157,"NAD83(HARN) / WISCRS Kewaunee, Manitowoc and Sheboygan (m)",+proj=tmerc +lat_0=43.2666666666667 +lon_0=-87.55 +k=1.0000233704 +x_0=79857.7614 +y_0=0.0012 +ellps=GRS80 +units=m +no_defs +type=crs
EPSG,8158,"NAD83(HARN) / WISCRS Kewaunee, Manitowoc and Sheboygan (ftUS)",+proj=tmerc +lat_0=43.2666666666667 +lon_0=-87.55 +k=1.0000233704 +x_0=79857.7615443231 +y_0=0.00121920243840488 +ellps=GRS80 +units=us-ft +no_defs +type=crs
EPSG,8159,"NAD83(HARN) / WISCRS Kenosha, Milwaukee, Ozaukee and Racine (m)",+proj=tmerc +lat_0=42.2166666666667 +lon_0=-87.8944444444444 +k=1.0000260649 +x_0=185928.3728 +y_0=0.0009 +ellps=GRS80 +units=m +no_defs +type=crs
EPSG,8160,"NAD83(HARN) / WISCRS Kenosha, Milwaukee, Ozaukee and Racine (ftUS)",+proj=tmerc +lat_0=42.2166666666667 +lon_0=-87.8944444444444 +k=1.0000260649 +x_0=185928.372771146 +y_0=0.000914401828803658 +ellps=GRS80 +units=us-ft +no_defs +type=crs
EPSG,8161,NAD83(HARN) / WISCRS Jackson (m),+proj=tmerc +lat_0=44.2533351277778 +lon_0=-90.8442965194444 +k=1.0000353 +x_0=27000 +y_0=25000 +ellps=GRS80 +units=m +no_defs +type=crs
EPSG,8162,NAD83(HARN) / WISCRS Jackson (ftUS),+proj=tmerc +lat_0=44.2533351277778 +lon_0=-90.8442965194444 +k=1.0000353 +x_0=27000 +y_0=24999.9998983998 +ellps=GRS80 +units=us-ft +no_defs +type=crs
EPSG,8163,NAD83(HARN) / WISCRS Iron (m),+proj=tmerc +lat_0=45.4333333333333 +lon_0=-90.2555555555556 +k=1.0000677153 +x_0=220980.4419 +y_0=0.0085 +ellps=GRS80 +units=m +no_defs +type=crs
EPSG,8164,NAD83(HARN) / WISCRS Iron (ftUS),+proj=tmerc +lat_0=45.4333333333333 +lon_0=-90.2555555555556 +k=1.0000677153 +x_0=220980.441960884 +y_0=0.00853441706883414 +ellps=GRS80 +units=us-ft +no_defs +type=crs
EPSG,8165,NAD83(HARN) / WISCRS Iowa (m),+proj=tmerc +lat_0=42.5388888888889 +lon_0=-90.1611111111111 +k=1.0000394961 +x_0=113081.0261 +y_0=0.0045 +ellps=GRS80 +units=m +no_defs +type=crs
EPSG,8166,NAD83(HARN) / WISCRS Iowa (ftUS),+proj=tmerc +lat_0=42.5388888888889 +lon_0=-90.1611111111111 +k=1.0000394961 +x_0=113081.026162052 +y_0=0.00457200914401829 +ellps=GRS80 +units=us-ft +no_defs +type=crs
EPSG,8167,NAD83(HARN) / WISCRS Green Lake and Marquette (m),+proj=lcc +lat_1=43.8070001177778 +lat_0=43.8070001177778 +lon_0=-89.2416666666667 +k_0=1.0000344057 +x_0=150876.3018 +y_0=79170.7795 +ellps=GRS80 +units=m +no_defs +type=crs
EPSG,8168,NAD83(HARN) / WISCRS Green Lake and Marquette (ftUS),+proj=lcc +lat_1=43.8070001177778 +lat_0=43.8070001177778 +lon_0=-89.2416666666667 +k_0=1.0000344057 +x_0=150876.301752604 +y_0=79170.7793751588 +ellps=GRS80 +units=us-ft +no_defs +type=crs
EPSG,8169,NAD83(HARN) / WISCRS Green and Lafayette (m),+proj=lcc +lat_1=42.6375622769444 +lat_0=42.6375622769444 +lon_0=-89.8388888888889 +k_0=1.0000390487 +x_0=170078.7403 +y_0=45830.2947 +ellps=GRS80 +units=m +no_defs +type=crs
EPSG,8170,NAD83(HARN) / WISCRS Green and Lafayette (ftUS),+proj=lcc +lat_1=42.6375622769444 +lat_0=42.6375622769444 +lon_0=-89.8388888888889 +k_0=1.0000390487 +x_0=170078.74015748 +y_0=45830.2948437897 +ellps=GRS80 +units=us-ft +no_defs +type=crs
EPSG,8171,NAD83(HARN) / WISCRS Grant (m),+proj=tmerc +lat_0=41.4111111111111 +lon_0=-90.8 +k=1.0000349452 +x_0=242316.4841 +y_0=0.01 +ellps=GRS80 +units=m +no_defs +type=crs
EPSG,8172,NAD83(HARN) / WISCRS Grant (ftUS),+proj=tmerc +lat_0=41.4111111111111 +lon_0=-90.8 +k=1.0000349452 +x_0=242316.484023368 +y_0=0.0100584201168402 +ellps=GRS80 +units=us-ft +no_defs +type=crs
EPSG,8173,NAD83(HARN) / WISCRS Forest (m),+proj=tmerc +lat_0=44.0055555555556 +lon_0=-88.6333333333333 +k=1.0000673004 +x_0=275844.5533 +y_0=0.0157 +ellps=GRS80 +units=m +no_defs +type=crs
EPSG,8177,NAD83(HARN) / WISCRS Forest (ftUS),+proj=tmerc +lat_0=44.0055555555556 +lon_0=-88.6333333333333 +k=1.0000673004 +x_0=275844.553213106 +y_0=0.0158496316992634 +ellps=GRS80 +units=us-ft +no_defs +type=crs
EPSG,8179,NAD83(HARN) / WISCRS Dunn (m),+proj=tmerc +lat_0=44.4083333333333 +lon_0=-91.8944444444444 +k=1.0000410324 +x_0=51816.104 +y_0=0.003 +ellps=GRS80 +units=m +no_defs +type=crs
EPSG,8180,NAD83(HARN) / WISCRS Dunn (ftUS),+proj=tmerc +lat_0=44.4083333333333 +lon_0=-91.8944444444444 +k=1.0000410324 +x_0=51816.1039370079 +y_0=0.00304800609601219 +ellps=GRS80 +units=us-ft +no_defs +type=crs
EPSG,8181,NAD83(HARN) / WISCRS Douglas (m),+proj=tmerc +lat_0=45.8833333333333 +lon_0=-91.9166666666667 +k=1.0000385418 +x_0=59131.3183 +y_0=0.0041 +ellps=GRS80 +units=m +no_defs +type=crs
EPSG,8182,NAD83(HARN) / WISCRS Douglas (ftUS),+proj=tmerc +lat_0=45.8833333333333 +lon_0=-91.9166666666667 +k=1.0000385418 +x_0=59131.3182626365 +y_0=0.00396240792481585 +ellps=GRS80 +units=us-ft +no_defs +type=crs
EPSG,8184,NAD83(HARN) / WISCRS Door (m),+proj=tmerc +lat_0=44.4 +lon_0=-87.2722222222222 +k=1.0000187521 +x_0=158801.1176 +y_0=0.0023 +ellps=GRS80 +units=m +no_defs +type=crs
EPSG,8185,NAD83(HARN) / WISCRS Door (ftUS),+proj=tmerc +lat_0=44.4 +lon_0=-87.2722222222222 +k=1.0000187521 +x_0=158801.117602235 +y_0=0.00243840487680975 +ellps=GRS80 +units=us-ft +no_defs +type=crs
EPSG,8187,NAD83(HARN) / WISCRS Dodge and Jefferson (m),+proj=tmerc +lat_0=41.4722222222222 +lon_0=-88.775 +k=1.0000346418 +x_0=263347.7263 +y_0=0.0076 +ellps=GRS80 +units=m +no_defs +type=crs
EPSG,8189,NAD83(HARN) / WISCRS Dodge and Jefferson (ftUS),+proj=tmerc +lat_0=41.4722222222222 +lon_0=-88.775 +k=1.0000346418 +x_0=263347.726390653 +y_0=0.00762001524003048 +ellps=GRS80 +units=us-ft +no_defs +type=crs
EPSG,8191,NAD83(HARN) / WISCRS Dane (m),+proj=lcc +lat_1=43.0695160375 +lat_0=43.0695160375 +lon_0=-89.4222222222222 +k_0=1.0000384786 +x_0=247193.2944 +y_0=146591.9896 +ellps=GRS80 +units=m +no_defs +type=crs
EPSG,8193,NAD83(HARN) / WISCRS Dane (ftUS),+proj=lcc +lat_1=43.0695160375 +lat_0=43.0695160375 +lon_0=-89.4222222222222 +k_0=1.0000384786 +x_0=247193.294386589 +y_0=146591.989636779 +ellps=GRS80 +units=us-ft +no_defs +type=crs
EPSG,8196,NAD83(HARN) / WISCRS Crawford (m),+proj=lcc +lat_1=43.200055605 +lat_0=43.200055605 +lon_0=-90.9388888888889 +k_0=1.0000349151 +x_0=113690.6274 +y_0=53703.1201 +ellps=GRS80 +units=m +no_defs +type=crs
EPSG,8197,NAD83(HARN) / WISCRS Crawford (ftUS),+proj=lcc +lat_1=43.200055605 +lat_0=43.200055605 +lon_0=-90.9388888888889 +k_0=1.0000349151 +x_0=113690.627381255 +y_0=53703.1202438405 +ellps=GRS80 +units=us-ft +no_defs +type=crs
EPSG,8198,NAD83(HARN) / WISCRS Columbia (m),+proj=lcc +lat_1=43.4625466458333 +lat_0=43.4625466458333 +lon_0=-89.3944444444444 +k_0=1.00003498 +x_0=169164.3381 +y_0=111569.6134 +ellps=GRS80 +units=m +no_defs +type=crs
EPSG,8200,NAD83(HARN) / WISCRS Columbia (ftUS),+proj=lcc +lat_1=43.4625466458333 +lat_0=43.4625466458333 +lon_0=-89.3944444444444 +k_0=1.00003498 +x_0=169164.338023876 +y_0=111569.613512827 +ellps=GRS80 +units=us-ft +no_defs +type=crs
EPSG,8201,NAD83(HARN) / WISCRS Clark (m),+proj=tmerc +lat_0=43.6 +lon_0=-90.7083333333333 +k=1.0000463003 +x_0=199949.1989 +y_0=0.0086 +ellps=GRS80 +units=m +no_defs +type=crs
EPSG,8202,NAD83(HARN) / WISCRS Clark (ftUS),+proj=tmerc +lat_0=43.6 +lon_0=-90.7083333333333 +k=1.0000463003 +x_0=199949.198983998 +y_0=0.00853441706883414 +ellps=GRS80 +units=us-ft +no_defs +type=crs
EPSG,8203,NAD83(HARN) / WISCRS Chippewa (m),+proj=lcc +lat_1=44.9778568986111 +lat_0=44.9778568986111 +lon_0=-91.2944444444444 +k_0=1.0000391127 +x_0=60045.72 +y_0=44091.4346 +ellps=GRS80 +units=m +no_defs +type=crs
EPSG,8204,NAD83(HARN) / WISCRS Chippewa (ftUS),+proj=lcc +lat_1=44.9778568986111 +lat_0=44.9778568986111 +lon_0=-91.2944444444444 +k_0=1.0000391127 +x_0=60045.7200914402 +y_0=44091.434493269 +ellps=GRS80 +units=us-ft +no_defs +type=crs
EPSG,8205,"NAD83(HARN) / WISCRS Calumet, Fond du Lac, Outagamie and Winnebago (m)",+proj=tmerc +lat_0=42.7194444444444 +lon_0=-88.5 +k=1.0000286569 +x_0=244754.8893 +y_0=0.0049 +ellps=GRS80 +units=m +no_defs +type=crs
EPSG,8206,"NAD83(HARN) / WISCRS Calumet, Fond du Lac, Outagamie and Winnebago (ftUS)",+proj=tmerc +lat_0=42.7194444444444 +lon_0=-88.5 +k=1.0000286569 +x_0=244754.889204978 +y_0=0.00487680975361951 +ellps=GRS80 +units=us-ft +no_defs +type=crs
EPSG,8207,NAD83(HARN) / WISCRS Burnett (m),+proj=lcc +lat_1=45.8987148658333 +lat_0=45.8987148658333 +lon_0=-92.4577777777778 +k_0=1.0000383841 +x_0=64008.1276 +y_0=59445.9043 +ellps=GRS80 +units=m +no_defs +type=crs
EPSG,8208,NAD83(HARN) / WISCRS Burnett (ftUS),+proj=lcc +lat_1=45.8987148658333 +lat_0=45.8987148658333 +lon_0=-92.4577777777778 +k_0=1.0000383841 +x_0=64008.1277114554 +y_0=59445.9041910084 +ellps=GRS80 +units=us-ft +no_defs +type=crs
EPSG,8209,NAD83(HARN) / WISCRS Buffalo (m),+proj=tmerc +lat_0=43.4813888888889 +lon_0=-91.7972222222222 +k=1.0000382778 +x_0=175260.3502 +y_0=0.0048 +ellps=GRS80 +units=m +no_defs +type=crs
EPSG,8210,NAD83(HARN) / WISCRS Buffalo (ftUS),+proj=tmerc +lat_0=43.4813888888889 +lon_0=-91.7972222222222 +k=1.0000382778 +x_0=175260.3502159 +y_0=0.00487680975361951 +ellps=GRS80 +units=us-ft +no_defs +type=crs
EPSG,8212,NAD83(HARN) / WISCRS Brown (m),+proj=tmerc +lat_0=43 +lon_0=-88 +k=1.00002 +x_0=31600 +y_0=4600 +ellps=GRS80 +units=m +no_defs +type=crs
EPSG,8213,NAD83(HARN) / WISCRS Brown (ftUS),+proj=tmerc +lat_0=43 +lon_0=-88 +k=1.00002 +x_0=31599.9998983998 +y_0=4599.9998983998 +ellps=GRS80 +units=us-ft +no_defs +type=crs
EPSG,8214,NAD83(HARN) / WISCRS Bayfield (m),+proj=lcc +lat_1=46.6696483772222 +lat_0=46.6696483772222 +lon_0=-91.1527777777778 +k_0=1.0000331195 +x_0=228600.4575 +y_0=148551.4837 +ellps=GRS80 +units=m +no_defs +type=crs
EPSG,8216,NAD83(HARN) / WISCRS Bayfield (ftUS),+proj=lcc +lat_1=46.6696483772222 +lat_0=46.6696483772222 +lon_0=-91.1527777777778 +k_0=1.0000331195 +x_0=228600.457505715 +y_0=148551.483566167 +ellps=GRS80 +units=us-ft +no_defs +type=crs
EPSG,8218,NAD83(HARN) / WISCRS Barron (m),+proj=tmerc +lat_0=45.1333333333333 +lon_0=-91.85 +k=1.0000486665 +x_0=93150 +y_0=0.0029 +ellps=GRS80 +units=m +no_defs +type=crs
EPSG,8220,NAD83(HARN) / WISCRS Barron (ftUS),+proj=tmerc +lat_0=45.1333333333333 +lon_0=-91.85 +k=1.0000486665 +x_0=93150 +y_0=0.00304800609601219 +ellps=GRS80 +units=us-ft +no_defs +type=crs
EPSG,8222,NAD83(HARN) / WISCRS Ashland (m),+proj=tmerc +lat_0=45.7061111111111 +lon_0=-90.6222222222222 +k=1.0000495683 +x_0=172821.9461 +y_0=0.0017 +ellps=GRS80 +units=m +no_defs +type=crs
EPSG,8224,NAD83(HARN) / WISCRS Ashland (ftUS),+proj=tmerc +lat_0=45.7061111111111 +lon_0=-90.6222222222222 +k=1.0000495683 +x_0=172821.945948692 +y_0=0.00182880365760732 +ellps=GRS80 +units=us-ft +no_defs +type=crs
EPSG,8225,NAD83(HARN) / WISCRS Adams and Juneau (m),+proj=tmerc +lat_0=43.3666666666667 +lon_0=-90 +k=1.0000365285 +x_0=147218.6942 +y_0=0.0037 +ellps=GRS80 +units=m +no_defs +type=crs
EPSG,8226,NAD83(HARN) / WISCRS Adams and Juneau (ftUS),+proj=tmerc +lat_0=43.3666666666667 +lon_0=-90 +k=1.0000365285 +x_0=147218.694132588 +y_0=0.00365760731521463 +ellps=GRS80 +units=us-ft +no_defs +type=crs
EPSG,8227,IGS14,+proj=geocent +ellps=GRS80 +units=m +no_defs +type=crs
EPSG,8228,NAVD88 height (ft),+vunits=ft +no_defs +type=crs
EPSG,8230,NAD83(CSRS96),+proj=geocent +ellps=GRS80 +units=m +no_defs +type=crs
EPSG,8231,NAD83(CSRS96),+proj=longlat +ellps=GRS80 +no_defs +type=crs
EPSG,8232,NAD83(CSRS96),+proj=longlat +ellps=GRS80 +no_defs +type=crs
EPSG,8233,NAD83(CSRS)v2,+proj=geocent +ellps=GRS80 +units=m +no_defs +type=crs
EPSG,8235,NAD83(CSRS)v2,+proj=longlat +ellps=GRS80 +no_defs +type=crs
EPSG,8237,NAD83(CSRS)v2,+proj=longlat +ellps=GRS80 +no_defs +type=crs
EPSG,8238,NAD83(CSRS)v3,+proj=geocent +ellps=GRS80 +units=m +no_defs +type=crs
EPSG,8239,NAD83(CSRS)v3,+proj=longlat +ellps=GRS80 +no_defs +type=crs
EPSG,8240,NAD83(CSRS)v3,+proj=longlat +ellps=GRS80 +no_defs +type=crs
EPSG,8242,NAD83(CSRS)v4,+proj=geocent +ellps=GRS80 +units=m +no_defs +type=crs
EPSG,8244,NAD83(CSRS)v4,+proj=longlat +ellps=GRS80 +no_defs +type=crs
EPSG,8246,NAD83(CSRS)v4,+proj=longlat +ellps=GRS80 +no_defs +type=crs
EPSG,8247,NAD83(CSRS)v5,+proj=geocent +ellps=GRS80 +units=m +no_defs +type=crs
EPSG,8248,NAD83(CSRS)v5,+proj=longlat +ellps=GRS80 +no_defs +type=crs
EPSG,8249,NAD83(CSRS)v5,+proj=longlat +ellps=GRS80 +no_defs +type=crs
EPSG,8250,NAD83(CSRS)v6,+proj=geocent +ellps=GRS80 +units=m +no_defs +type=crs
EPSG,8251,NAD83(CSRS)v6,+proj=longlat +ellps=GRS80 +no_defs +type=crs
EPSG,8252,NAD83(CSRS)v6,+proj=longlat +ellps=GRS80 +no_defs +type=crs
EPSG,8253,NAD83(CSRS)v7,+proj=geocent +ellps=GRS80 +units=m +no_defs +type=crs
EPSG,8254,NAD83(CSRS)v7,+proj=longlat +ellps=GRS80 +no_defs +type=crs
EPSG,8255,NAD83(CSRS)v7,+proj=longlat +ellps=GRS80 +no_defs +type=crs
EPSG,8266,GVR2000 height,+vunits=m +no_defs +type=crs
EPSG,8267,GVR2016 height,+vunits=m +no_defs +type=crs
EPSG,8311,NAD83(2011) / Oregon Burns-Harper zone (m),+proj=tmerc +lat_0=43.5 +lon_0=-117.666666666667 +k=1.00014 +x_0=90000 +y_0=0 +ellps=GRS80 +units=m +no_defs +type=crs
EPSG,8312,NAD83(2011) / Oregon Burns-Harper zone (ft),+proj=tmerc +lat_0=43.5 +lon_0=-117.666666666667 +k=1.00014 +x_0=90000.00001488 +y_0=0 +ellps=GRS80 +units=ft +no_defs +type=crs
EPSG,8313,NAD83(2011) / Oregon Canyon City-Burns zone (m),+proj=tmerc +lat_0=43.5 +lon_0=-119 +k=1.00022 +x_0=20000 +y_0=0 +ellps=GRS80 +units=m +no_defs +type=crs
EPSG,8314,NAD83(2011) / Oregon Canyon City-Burns zone (ft),+proj=tmerc +lat_0=43.5 +lon_0=-119 +k=1.00022 +x_0=19999.99999992 +y_0=0 +ellps=GRS80 +units=ft +no_defs +type=crs
EPSG,8315,NAD83(2011) / Oregon Coast Range North zone (m),+proj=lcc +lat_1=45.5833333333333 +lat_0=45.5833333333333 +lon_0=-123.416666666667 +k_0=1.000045 +x_0=30000 +y_0=20000 +ellps=GRS80 +units=m +no_defs +type=crs
EPSG,8316,NAD83(2011) / Oregon Coast Range North zone (ft),+proj=lcc +lat_1=45.5833333333333 +lat_0=45.5833333333333 +lon_0=-123.416666666667 +k_0=1.000045 +x_0=30000.00001512 +y_0=19999.99999992 +ellps=GRS80 +units=ft +no_defs +type=crs
EPSG,8317,NAD83(2011) / Oregon Dayville-Prairie City zone (m),+proj=tmerc +lat_0=44.25 +lon_0=-119.633333333333 +k=1.00012 +x_0=20000 +y_0=0 +ellps=GRS80 +units=m +no_defs +type=crs
EPSG,8318,NAD83(2011) / Oregon Dayville-Prairie City zone (ft),+proj=tmerc +lat_0=44.25 +lon_0=-119.633333333333 +k=1.00012 +x_0=19999.99999992 +y_0=0 +ellps=GRS80 +units=ft +no_defs +type=crs
EPSG,8319,NAD83(2011) / Oregon Denio-Burns zone (m),+proj=tmerc +lat_0=41.75 +lon_0=-118.416666666667 +k=1.00019 +x_0=80000 +y_0=0 +ellps=GRS80 +units=m +no_defs +type=crs
EPSG,8320,NAD83(2011) / Oregon Denio-Burns zone (ft),+proj=tmerc +lat_0=41.75 +lon_0=-118.416666666667 +k=1.00019 +x_0=79999.99999968 +y_0=0 +ellps=GRS80 +units=ft +no_defs +type=crs
EPSG,8321,NAD83(2011) / Oregon Halfway zone (m),+proj=lcc +lat_1=45.25 +lat_0=45.25 +lon_0=-117.25 +k_0=1.000085 +x_0=40000 +y_0=70000 +ellps=GRS80 +units=m +no_defs +type=crs
EPSG,8322,NAD83(2011) / Oregon Halfway zone (ft),+proj=lcc +lat_1=45.25 +lat_0=45.25 +lon_0=-117.25 +k_0=1.000085 +x_0=39999.99999984 +y_0=70000.00001496 +ellps=GRS80 +units=ft +no_defs +type=crs
EPSG,8323,NAD83(2011) / Oregon Medford-Diamond Lake zone (m),+proj=lcc +lat_1=42 +lat_0=42 +lon_0=-122.25 +k_0=1.00004 +x_0=60000 +y_0=-60000 +ellps=GRS80 +units=m +no_defs +type=crs
EPSG,8324,NAD83(2011) / Oregon Medford-Diamond Lake zone (ft),+proj=lcc +lat_1=42 +lat_0=42 +lon_0=-122.25 +k_0=1.00004 +x_0=59999.99999976 +y_0=-59999.99999976 +ellps=GRS80 +units=ft +no_defs +type=crs
EPSG,8325,NAD83(2011) / Oregon Mitchell zone (m),+proj=lcc +lat_1=47 +lat_0=47 +lon_0=-120.25 +k_0=0.99927 +x_0=30000 +y_0=290000 +ellps=GRS80 +units=m +no_defs +type=crs
EPSG,8326,NAD83(2011) / Oregon Mitchell zone (ft),+proj=lcc +lat_1=47 +lat_0=47 +lon_0=-120.25 +k_0=0.99927 +x_0=30000.00001512 +y_0=290000.00001408 +ellps=GRS80 +units=ft +no_defs +type=crs
EPSG,8327,NAD83(2011) / Oregon North Central zone (m),+proj=lcc +lat_1=46.1666666666667 +lat_0=46.1666666666667 +lon_0=-120.5 +k_0=1 +x_0=100000 +y_0=140000 +ellps=GRS80 +units=m +no_defs +type=crs
EPSG,8328,NAD83(2011) / Oregon North Central zone (ft),+proj=lcc +lat_1=46.1666666666667 +lat_0=46.1666666666667 +lon_0=-120.5 +k_0=1 +x_0=99999.9999996 +y_0=139999.99999944 +ellps=GRS80 +units=ft +no_defs +type=crs
EPSG,8329,NAD83(2011) / Oregon Ochoco Summit zone (m),+proj=lcc +lat_1=43.5 +lat_0=43.5 +lon_0=-120.5 +k_0=1.00006 +x_0=40000 +y_0=-80000 +ellps=GRS80 +units=m +no_defs +type=crs
EPSG,8330,NAD83(2011) / Oregon Ochoco Summit zone (ft),+proj=lcc +lat_1=43.5 +lat_0=43.5 +lon_0=-120.5 +k_0=1.00006 +x_0=39999.99999984 +y_0=-79999.99999968 +ellps=GRS80 +units=ft +no_defs +type=crs
EPSG,8331,NAD83(2011) / Oregon Owyhee zone (m),+proj=tmerc +lat_0=41.75 +lon_0=-117.583333333333 +k=1.00018 +x_0=70000 +y_0=0 +ellps=GRS80 +units=m +no_defs +type=crs
EPSG,8332,NAD83(2011) / Oregon Owyhee zone (ft),+proj=tmerc +lat_0=41.75 +lon_0=-117.583333333333 +k=1.00018 +x_0=70000.00001496 +y_0=0 +ellps=GRS80 +units=ft +no_defs +type=crs
EPSG,8333,NAD83(2011) / Oregon Pilot Rock-Ukiah zone (m),+proj=lcc +lat_1=46.1666666666667 +lat_0=46.1666666666667 +lon_0=-119 +k_0=1.000025 +x_0=50000 +y_0=130000 +ellps=GRS80 +units=m +no_defs +type=crs
EPSG,8334,NAD83(2011) / Oregon Pilot Rock-Ukiah zone (ft),+proj=lcc +lat_1=46.1666666666667 +lat_0=46.1666666666667 +lon_0=-119 +k_0=1.000025 +x_0=50000.00001504 +y_0=130000.00001472 +ellps=GRS80 +units=ft +no_defs +type=crs
EPSG,8335,NAD83(2011) / Oregon Prairie City-Brogan zone (m),+proj=lcc +lat_1=44 +lat_0=44 +lon_0=-118 +k_0=1.00017 +x_0=60000 +y_0=0 +ellps=GRS80 +units=m +no_defs +type=crs
EPSG,8336,NAD83(2011) / Oregon Prairie City-Brogan zone (ft),+proj=lcc +lat_1=44 +lat_0=44 +lon_0=-118 +k_0=1.00017 +x_0=59999.99999976 +y_0=0 +ellps=GRS80 +units=ft +no_defs +type=crs
EPSG,8337,NAD83(2011) / Oregon Riley-Lakeview zone (m),+proj=tmerc +lat_0=41.75 +lon_0=-120.333333333333 +k=1.000215 +x_0=70000 +y_0=0 +ellps=GRS80 +units=m +no_defs +type=crs
EPSG,8338,NAD83(2011) / Oregon Riley-Lakeview zone (ft),+proj=tmerc +lat_0=41.75 +lon_0=-120.333333333333 +k=1.000215 +x_0=70000.00001496 +y_0=0 +ellps=GRS80 +units=ft +no_defs +type=crs
EPSG,8339,NAD83(2011) / Oregon Siskiyou Pass zone (m),+proj=lcc +lat_1=42.5 +lat_0=42.5 +lon_0=-122.583333333333 +k_0=1.00015 +x_0=10000 +y_0=60000 +ellps=GRS80 +units=m +no_defs +type=crs
EPSG,8340,NAD83(2011) / Oregon Siskiyou Pass zone (ft),+proj=lcc +lat_1=42.5 +lat_0=42.5 +lon_0=-122.583333333333 +k_0=1.00015 +x_0=10000.0000152 +y_0=59999.99999976 +ellps=GRS80 +units=ft +no_defs +type=crs
EPSG,8341,NAD83(2011) / Oregon Ukiah-Fox zone (m),+proj=lcc +lat_1=45.25 +lat_0=45.25 +lon_0=-119 +k_0=1.00014 +x_0=30000 +y_0=90000 +ellps=GRS80 +units=m +no_defs +type=crs
EPSG,8342,NAD83(2011) / Oregon Ukiah-Fox zone (ft),+proj=lcc +lat_1=45.25 +lat_0=45.25 +lon_0=-119 +k_0=1.00014 +x_0=30000.00001512 +y_0=90000.00001488 +ellps=GRS80 +units=ft +no_defs +type=crs
EPSG,8343,NAD83(2011) / Oregon Wallowa zone (m),+proj=tmerc +lat_0=45.25 +lon_0=-117.5 +k=1.000195 +x_0=60000 +y_0=0 +ellps=GRS80 +units=m +no_defs +type=crs
EPSG,8344,NAD83(2011) / Oregon Wallowa zone (ft),+proj=tmerc +lat_0=45.25 +lon_0=-117.5 +k=1.000195 +x_0=59999.99999976 +y_0=0 +ellps=GRS80 +units=ft +no_defs +type=crs
EPSG,8345,NAD83(2011) / Oregon Warner Highway zone (m),+proj=lcc +lat_1=42.5 +lat_0=42.5 +lon_0=-120 +k_0=1.000245 +x_0=40000 +y_0=60000 +ellps=GRS80 +units=m +no_defs +type=crs
EPSG,8346,NAD83(2011) / Oregon Warner Highway zone (ft),+proj=lcc +lat_1=42.5 +lat_0=42.5 +lon_0=-120 +k_0=1.000245 +x_0=39999.99999984 +y_0=59999.99999976 +ellps=GRS80 +units=ft +no_defs +type=crs
EPSG,8347,NAD83(2011) / Oregon Willamette Pass zone (m),+proj=tmerc +lat_0=43 +lon_0=-122 +k=1.000223 +x_0=20000 +y_0=0 +ellps=GRS80 +units=m +no_defs +type=crs
EPSG,8348,NAD83(2011) / Oregon Willamette Pass zone (ft),+proj=tmerc +lat_0=43 +lon_0=-122 +k=1.000223 +x_0=19999.99999992 +y_0=0 +ellps=GRS80 +units=ft +no_defs +type=crs
EPSG,8349,GR96 + GVR2000 height,+proj=longlat +ellps=GRS80 +vunits=m +no_defs +type=crs
EPSG,8350,GR96 + GVR2016 height,+proj=longlat +ellps=GRS80 +vunits=m +no_defs +type=crs
EPSG,8351,S-JTSK [JTSK03],+proj=longlat +ellps=bessel +no_defs +type=crs
EPSG,8352,S-JTSK [JTSK03] / Krovak,+proj=krovak +axis=swu +lat_0=49.5 +lon_0=24.8333333333333 +alpha=30.2881397527778 +k=0.9999 +x_0=0 +y_0=0 +ellps=bessel +units=m +no_defs +type=crs
EPSG,8353,S-JTSK [JTSK03] / Krovak East North,+proj=krovak +lat_0=49.5 +lon_0=24.8333333333333 +alpha=30.2881397527778 +k=0.9999 +x_0=0 +y_0=0 +ellps=bessel +units=m +no_defs +type=crs
EPSG,8357,Baltic 1957 height,+vunits=m +no_defs +type=crs
EPSG,8358,Baltic 1957 depth,+vunits=m +no_defs +type=crs
EPSG,8360,ETRS89 + Baltic 1957 height,+proj=longlat +ellps=GRS80 +vunits=m +no_defs +type=crs
EPSG,8370,ETRS89 / Belgian Lambert 2008 + Ostend height,+proj=lcc +lat_0=50.797815 +lon_0=4.35921583333333 +lat_1=49.8333333333333 +lat_2=51.1666666666667 +x_0=649328 +y_0=665262 +ellps=GRS80 +units=m +vunits=m +no_defs +type=crs
EPSG,8378,EPSG example wellbore local vertical CRS,+vunits=m +no_defs +type=crs
EPSG,8379,NAD83 / NCRS Las Vegas (m),+proj=tmerc +lat_0=36.25 +lon_0=-114.966666666667 +k=1.0001 +x_0=100000 +y_0=200000 +datum=NAD83 +units=m +no_defs +type=crs
EPSG,8380,NAD83 / NCRS Las Vegas (ftUS),+proj=tmerc +lat_0=36.25 +lon_0=-114.966666666667 +k=1.0001 +x_0=99999.99998984 +y_0=200000.00001016 +datum=NAD83 +units=us-ft +no_defs +type=crs
EPSG,8381,NAD83 / NCRS Las Vegas high (m),+proj=tmerc +lat_0=36.25 +lon_0=-114.966666666667 +k=1.000135 +x_0=300000 +y_0=400000 +datum=NAD83 +units=m +no_defs +type=crs
EPSG,8382,NAD83 / NCRS Las Vegas high (ftUS),+proj=tmerc +lat_0=36.25 +lon_0=-114.966666666667 +k=1.000135 +x_0=300000 +y_0=399999.99998984 +datum=NAD83 +units=us-ft +no_defs +type=crs
EPSG,8383,NAD83(2011) / NCRS Las Vegas (m),+proj=tmerc +lat_0=36.25 +lon_0=-114.966666666667 +k=1.0001 +x_0=100000 +y_0=200000 +ellps=GRS80 +units=m +no_defs +type=crs
EPSG,8384,NAD83(2011) / NCRS Las Vegas (ftUS),+proj=tmerc +lat_0=36.25 +lon_0=-114.966666666667 +k=1.0001 +x_0=99999.99998984 +y_0=200000.00001016 +ellps=GRS80 +units=us-ft +no_defs +type=crs
EPSG,8385,NAD83(2011) / NCRS Las Vegas high (m),+proj=tmerc +lat_0=36.25 +lon_0=-114.966666666667 +k=1.000135 +x_0=300000 +y_0=400000 +ellps=GRS80 +units=m +no_defs +type=crs
EPSG,8387,NAD83(2011) / NCRS Las Vegas high (ftUS),+proj=tmerc +lat_0=36.25 +lon_0=-114.966666666667 +k=1.000135 +x_0=300000 +y_0=399999.99998984 +ellps=GRS80 +units=us-ft +no_defs +type=crs
EPSG,8391,GDA94 / WEIPA94,+proj=tmerc +lat_0=0 +lon_0=141 +k=0.999929 +x_0=300000 +y_0=2000000 +ellps=GRS80 +units=m +no_defs +type=crs
EPSG,8395,ETRS89 / Gauss-Kruger CM 9E,+proj=tmerc +lat_0=0 +lon_0=9 +k=1 +x_0=500000 +y_0=0 +ellps=GRS80 +units=m +no_defs +type=crs
EPSG,8397,ETRF2005,+proj=geocent +ellps=GRS80 +units=m +no_defs +type=crs
EPSG,8399,ETRF2005,+proj=longlat +ellps=GRS80 +no_defs +type=crs
EPSG,8401,ETRF2014,+proj=geocent +ellps=GRS80 +units=m +no_defs +type=crs
EPSG,8403,ETRF2014,+proj=longlat +ellps=GRS80 +no_defs +type=crs
EPSG,8425,Hong Kong Geodetic CS,+proj=geocent +ellps=GRS80 +units=m +no_defs +type=crs
EPSG,8426,Hong Kong Geodetic CS,+proj=longlat +ellps=GRS80 +no_defs +type=crs
EPSG,8427,Hong Kong Geodetic CS,+proj=longlat +ellps=GRS80 +no_defs +type=crs
EPSG,8428,Macao 1920,+proj=longlat +ellps=intl +no_defs +type=crs
EPSG,8429,Macao 2008,+proj=geocent +ellps=GRS80 +units=m +no_defs +type=crs
EPSG,8430,Macao 2008,+proj=longlat +ellps=GRS80 +no_defs +type=crs
EPSG,8431,Macao 2008,+proj=longlat +ellps=GRS80 +no_defs +type=crs
EPSG,8433,Macao 1920 / Macao Grid,+proj=tmerc +lat_0=22.2123972222222 +lon_0=113.536469444444 +k=1 +x_0=20000 +y_0=20000 +ellps=intl +units=m +no_defs +type=crs
EPSG,8434,Macao height,+vunits=m +no_defs +type=crs
EPSG,8441,Tananarive / Laborde Grid,+proj=labrd +lat_0=-18.9 +lon_0=46.4372291666667 +azi=18.9 +k=0.9995 +x_0=400000 +y_0=800000 +ellps=intl +units=m +no_defs +type=crs
EPSG,8455,RGTAAF07 / UTM zone 53S,+proj=utm +zone=53 +south +ellps=GRS80 +units=m +no_defs +type=crs
EPSG,8456,RGTAAF07 / UTM zone 54S,+proj=utm +zone=54 +south +ellps=GRS80 +units=m +no_defs +type=crs
EPSG,8518,NAD83(2011) / KS RCS zone 1,+proj=tmerc +lat_0=37.5 +lon_0=-101.6 +k=1.000156 +x_0=457200.914401829 +y_0=0 +ellps=GRS80 +units=us-ft +no_defs +type=crs
EPSG,8519,NAD83(2011) / KS RCS zone 2,+proj=tmerc +lat_0=37.5 +lon_0=-100.95 +k=1.000134 +x_0=762001.524003048 +y_0=0 +ellps=GRS80 +units=us-ft +no_defs +type=crs
EPSG,8520,NAD83(2011) / KS RCS zone 3,+proj=tmerc +lat_0=37.5 +lon_0=-100.35 +k=1.000116 +x_0=1066802.13360427 +y_0=0 +ellps=GRS80 +units=us-ft +no_defs +type=crs
EPSG,8521,NAD83(2011) / KS RCS zone 4,+proj=tmerc +lat_0=37.5 +lon_0=-99.45 +k=1.000082 +x_0=1371602.74320549 +y_0=0 +ellps=GRS80 +units=us-ft +no_defs +type=crs
EPSG,8522,NAD83(2011) / KS RCS zone 5,+proj=tmerc +lat_0=37.5 +lon_0=-98.6666666666667 +k=1.000078 +x_0=1676403.35280671 +y_0=0 +ellps=GRS80 +units=us-ft +no_defs +type=crs
EPSG,8523,NAD83(2011) / KS RCS zone 6,+proj=tmerc +lat_0=37.5 +lon_0=-98.15 +k=1.000068 +x_0=1981203.96240793 +y_0=0 +ellps=GRS80 +units=us-ft +no_defs +type=crs
EPSG,8524,NAD83(2011) / KS RCS zone 7,+proj=tmerc +lat_0=37.5 +lon_0=-97.3333333333333 +k=1.000049 +x_0=2286004.57200914 +y_0=0 +ellps=GRS80 +units=us-ft +no_defs +type=crs
EPSG,8525,NAD83(2011) / KS RCS zone 8,+proj=lcc +lat_1=39.1666666666667 +lat_0=39.1666666666667 +lon_0=-96.5 +k_0=1.000044 +x_0=2590805.18161036 +y_0=182880.365760732 +ellps=GRS80 +units=us-ft +no_defs +type=crs
EPSG,8526,NAD83(2011) / KS RCS zone 9,+proj=lcc +lat_1=38.5 +lat_0=38.5 +lon_0=-96.5 +k_0=1.00005 +x_0=2895605.79121158 +y_0=91440.1828803658 +ellps=GRS80 +units=us-ft +no_defs +type=crs
EPSG,8527,NAD83(2011) / KS RCS zone 10,+proj=lcc +lat_1=39.6333333333333 +lat_0=39.6333333333333 +lon_0=-95.75 +k_0=1.00004 +x_0=3200406.4008128 +y_0=213360.426720853 +ellps=GRS80 +units=us-ft +no_defs +type=crs
EPSG,8528,NAD83(2011) / KS RCS zone 11,+proj=lcc +lat_1=39.1 +lat_0=39.1 +lon_0=-95.25 +k_0=1.000033 +x_0=3505207.01041402 +y_0=182880.365760732 +ellps=GRS80 +units=us-ft +no_defs +type=crs
EPSG,8529,NAD83(2011) / KS RCS zone 12,+proj=tmerc +lat_0=36.75 +lon_0=-101.416666666667 +k=1.00014 +x_0=3810007.62001524 +y_0=0 +ellps=GRS80 +units=us-ft +no_defs +type=crs
EPSG,8531,NAD83(2011) / KS RCS zone 13,+proj=tmerc +lat_0=36.75 +lon_0=-100.4 +k=1.000109 +x_0=4114808.22961646 +y_0=0 +ellps=GRS80 +units=us-ft +no_defs +type=crs
EPSG,8533,NAD83(2011) / KS RCS zone 14,+proj=tmerc +lat_0=36.75 +lon_0=-99.6666666666667 +k=1.000097 +x_0=4419608.83921768 +y_0=0 +ellps=GRS80 +units=us-ft +no_defs +type=crs
EPSG,8534,NAD83(2011) / KS RCS zone 15,+proj=tmerc +lat_0=36.75 +lon_0=-99.2 +k=1.000087 +x_0=4724409.4488189 +y_0=0 +ellps=GRS80 +units=us-ft +no_defs +type=crs
EPSG,8535,NAD83(2011) / KS RCS zone 16,+proj=tmerc +lat_0=36.75 +lon_0=-98.55 +k=1.000069 +x_0=5029210.05842012 +y_0=0 +ellps=GRS80 +units=us-ft +no_defs +type=crs
EPSG,8536,NAD83(2011) / KS RCS zone 17,+proj=lcc +lat_1=37.7666666666667 +lat_0=37.7666666666667 +lon_0=-97.5 +k_0=1.000059 +x_0=5334010.66802134 +y_0=121920.243840488 +ellps=GRS80 +units=us-ft +no_defs +type=crs
EPSG,8538,NAD83(2011) / KS RCS zone 18,+proj=lcc +lat_1=37.1833333333333 +lat_0=37.1833333333333 +lon_0=-97.5 +k_0=1.000055 +x_0=5638811.27762256 +y_0=60960.1219202439 +ellps=GRS80 +units=us-ft +no_defs +type=crs
EPSG,8539,NAD83(2011) / KS RCS zone 19,+proj=tmerc +lat_0=36.75 +lon_0=-95.9666666666667 +k=1.000034 +x_0=5943611.88722378 +y_0=0 +ellps=GRS80 +units=us-ft +no_defs +type=crs
EPSG,8540,NAD83(2011) / KS RCS zone 20,+proj=tmerc +lat_0=36.75 +lon_0=-95.0833333333333 +k=1.000031 +x_0=6248412.49682499 +y_0=0 +ellps=GRS80 +units=us-ft +no_defs +type=crs
EPSG,8541,NAD83(FBN),+proj=geocent +ellps=GRS80 +units=m +no_defs +type=crs
EPSG,8542,NAD83(FBN),+proj=longlat +ellps=GRS80 +no_defs +type=crs
EPSG,8543,NAD83(HARN Corrected),+proj=geocent +ellps=GRS80 +units=m +no_defs +type=crs
EPSG,8544,NAD83(HARN Corrected),+proj=longlat +ellps=GRS80 +no_defs +type=crs
EPSG,8545,NAD83(HARN Corrected),+proj=longlat +ellps=GRS80 +no_defs +type=crs
EPSG,8675,N43 height,+vunits=m +no_defs +type=crs
EPSG,8677,MGI 1901 / Balkans zone 5,+proj=tmerc +lat_0=0 +lon_0=15 +k=0.9999 +x_0=5500000 +y_0=0 +ellps=bessel +units=m +no_defs +type=crs
EPSG,8678,MGI 1901 / Balkans zone 6,+proj=tmerc +lat_0=0 +lon_0=18 +k=0.9999 +x_0=6500000 +y_0=0 +ellps=bessel +units=m +no_defs +type=crs
EPSG,8679,MGI 1901 / Balkans zone 8,+proj=tmerc +lat_0=0 +lon_0=24 +k=0.9999 +x_0=8500000 +y_0=0 +ellps=bessel +units=m +no_defs +type=crs
EPSG,8682,SRB_ETRS89 / UTM zone 34N,+proj=utm +zone=34 +ellps=GRS80 +units=m +no_defs +type=crs
EPSG,8683,SRB_ETRS89,+proj=geocent +ellps=GRS80 +units=m +no_defs +type=crs
EPSG,8684,SRB_ETRS89,+proj=longlat +ellps=GRS80 +no_defs +type=crs
EPSG,8685,SRB_ETRS89,+proj=longlat +ellps=GRS80 +no_defs +type=crs
EPSG,8686,MGI 1901 / Slovenia Grid,+proj=tmerc +lat_0=0 +lon_0=15 +k=0.9999 +x_0=500000 +y_0=0 +ellps=bessel +units=m +no_defs +type=crs
EPSG,8687,Slovenia 1996 / UTM zone 33N,+proj=utm +zone=33 +ellps=GRS80 +units=m +no_defs +type=crs
EPSG,8690,SVS2010 height,+vunits=m +no_defs +type=crs
EPSG,8691,SRB_VRS12 height,+vunits=m +no_defs +type=crs
EPSG,8692,NAD83(MA11) / UTM zone 54N,+proj=utm +zone=54 +ellps=GRS80 +units=m +no_defs +type=crs
EPSG,8693,NAD83(MA11) / UTM zone 55N,+proj=utm +zone=55 +ellps=GRS80 +units=m +no_defs +type=crs
EPSG,8694,Camacupa 2015,+proj=longlat +a=6378249.145 +rf=293.465 +no_defs +type=crs
EPSG,8697,RSAO13,+proj=geocent +ellps=GRS80 +units=m +no_defs +type=crs
EPSG,8698,RSAO13,+proj=longlat +ellps=GRS80 +no_defs +type=crs
EPSG,8699,RSAO13,+proj=longlat +ellps=GRS80 +no_defs +type=crs
EPSG,8700,NAD83 / Arizona East (ft) + NAVD88 height (ft),+proj=tmerc +lat_0=31 +lon_0=-110.166666666667 +k=0.9999 +x_0=213360 +y_0=0 +datum=NAD83 +units=ft +vunits=ft +no_defs +type=crs
EPSG,8701,NAD83 / Arizona Central (ft) + NAVD88 height (ft),+proj=tmerc +lat_0=31 +lon_0=-111.916666666667 +k=0.9999 +x_0=213360 +y_0=0 +datum=NAD83 +units=ft +vunits=ft +no_defs +type=crs
EPSG,8702,NAD83 / Arizona West (ft) + NAVD88 height (ft),+proj=tmerc +lat_0=31 +lon_0=-113.75 +k=0.999933333 +x_0=213360 +y_0=0 +datum=NAD83 +units=ft +vunits=ft +no_defs +type=crs
EPSG,8703,NAD83 / Michigan North (ft) + NAVD88 height (ft),+proj=lcc +lat_0=44.7833333333333 +lon_0=-87 +lat_1=47.0833333333333 +lat_2=45.4833333333333 +x_0=7999999.999968 +y_0=0 +datum=NAD83 +units=ft +vunits=ft +no_defs +type=crs
EPSG,8704,NAD83 / Michigan Central (ft) + NAVD88 height (ft),+proj=lcc +lat_0=43.3166666666667 +lon_0=-84.3666666666667 +lat_1=45.7 +lat_2=44.1833333333333 +x_0=5999999.999976 +y_0=0 +datum=NAD83 +units=ft +vunits=ft +no_defs +type=crs
EPSG,8705,NAD83 / Michigan South (ft) + NAVD88 height (ft),+proj=lcc +lat_0=41.5 +lon_0=-84.3666666666667 +lat_1=43.6666666666667 +lat_2=42.1 +x_0=3999999.999984 +y_0=0 +datum=NAD83 +units=ft +vunits=ft +no_defs +type=crs
EPSG,8706,NAD83 / Montana (ft) + NAVD88 height (ft),+proj=lcc +lat_0=44.25 +lon_0=-109.5 +lat_1=49 +lat_2=45 +x_0=599999.9999976 +y_0=0 +datum=NAD83 +units=ft +vunits=ft +no_defs +type=crs
EPSG,8707,NAD83 / North Dakota North (ft) + NAVD88 height (ft),+proj=lcc +lat_0=47 +lon_0=-100.5 +lat_1=48.7333333333333 +lat_2=47.4333333333333 +x_0=599999.9999976 +y_0=0 +datum=NAD83 +units=ft +vunits=ft +no_defs +type=crs
EPSG,8708,NAD83 / North Dakota South (ft) + NAVD88 height (ft),+proj=lcc +lat_0=45.6666666666667 +lon_0=-100.5 +lat_1=47.4833333333333 +lat_2=46.1833333333333 +x_0=599999.9999976 +y_0=0 +datum=NAD83 +units=ft +vunits=ft +no_defs +type=crs
EPSG,8709,NAD83 / Oregon North (ft) + NAVD88 height (ft),+proj=lcc +lat_0=43.6666666666667 +lon_0=-120.5 +lat_1=46 +lat_2=44.3333333333333 +x_0=2500000.0001424 +y_0=0 +datum=NAD83 +units=ft +vunits=ft +no_defs +type=crs
EPSG,8710,NAD83 / Oregon South (ft) + NAVD88 height (ft),+proj=lcc +lat_0=41.6666666666667 +lon_0=-120.5 +lat_1=44 +lat_2=42.3333333333333 +x_0=1500000.0001464 +y_0=0 +datum=NAD83 +units=ft +vunits=ft +no_defs +type=crs
EPSG,8711,NAD83 / South Carolina (ft) + NAVD88 height (ft),+proj=lcc +lat_0=31.8333333333333 +lon_0=-81 +lat_1=34.8333333333333 +lat_2=32.5 +x_0=609600 +y_0=0 +datum=NAD83 +units=ft +vunits=ft +no_defs +type=crs
EPSG,8712,NAD83 / Arkansas North (ftUS) + NAVD88 height (ftUS),+proj=lcc +lat_0=34.3333333333333 +lon_0=-92 +lat_1=36.2333333333333 +lat_2=34.9333333333333 +x_0=399999.99998984 +y_0=0 +datum=NAD83 +units=us-ft +vunits=us-ft +no_defs +type=crs
EPSG,8713,NAD83 / Arkansas South (ftUS) + NAVD88 height (ftUS),+proj=lcc +lat_0=32.6666666666667 +lon_0=-92 +lat_1=34.7666666666667 +lat_2=33.3 +x_0=399999.99998984 +y_0=399999.99998984 +datum=NAD83 +units=us-ft +vunits=us-ft +no_defs +type=crs
EPSG,8714,NAD83 / California zone 1 (ftUS) + NAVD88 height (ftUS),+proj=lcc +lat_0=39.3333333333333 +lon_0=-122 +lat_1=41.6666666666667 +lat_2=40 +x_0=2000000.0001016 +y_0=500000.0001016 +datum=NAD83 +units=us-ft +vunits=us-ft +no_defs +type=crs
EPSG,8715,NAD83 / California zone 2 (ftUS) + NAVD88 height (ftUS),+proj=lcc +lat_0=37.6666666666667 +lon_0=-122 +lat_1=39.8333333333333 +lat_2=38.3333333333333 +x_0=2000000.0001016 +y_0=500000.0001016 +datum=NAD83 +units=us-ft +vunits=us-ft +no_defs +type=crs
EPSG,8716,NAD83 / California zone 3 (ftUS) + NAVD88 height (ftUS),+proj=lcc +lat_0=36.5 +lon_0=-120.5 +lat_1=38.4333333333333 +lat_2=37.0666666666667 +x_0=2000000.0001016 +y_0=500000.0001016 +datum=NAD83 +units=us-ft +vunits=us-ft +no_defs +type=crs
EPSG,8717,NAD83 / California zone 4 (ftUS) + NAVD88 height (ftUS),+proj=lcc +lat_0=35.3333333333333 +lon_0=-119 +lat_1=37.25 +lat_2=36 +x_0=2000000.0001016 +y_0=500000.0001016 +datum=NAD83 +units=us-ft +vunits=us-ft +no_defs +type=crs
EPSG,8718,NAD83 / California zone 5 (ftUS) + NAVD88 height (ftUS),+proj=lcc +lat_0=33.5 +lon_0=-118 +lat_1=35.4666666666667 +lat_2=34.0333333333333 +x_0=2000000.0001016 +y_0=500000.0001016 +datum=NAD83 +units=us-ft +vunits=us-ft +no_defs +type=crs
EPSG,8719,NAD83 / California zone 6 (ftUS) + NAVD88 height (ftUS),+proj=lcc +lat_0=32.1666666666667 +lon_0=-116.25 +lat_1=33.8833333333333 +lat_2=32.7833333333333 +x_0=2000000.0001016 +y_0=500000.0001016 +datum=NAD83 +units=us-ft +vunits=us-ft +no_defs +type=crs
EPSG,8720,NAD83 / Colorado North (ftUS) + NAVD88 height (ftUS),+proj=lcc +lat_0=39.3333333333333 +lon_0=-105.5 +lat_1=40.7833333333333 +lat_2=39.7166666666667 +x_0=914401.828803658 +y_0=304800.609601219 +datum=NAD83 +units=us-ft +vunits=us-ft +no_defs +type=crs
EPSG,8721,NAD83 / Colorado Central (ftUS) + NAVD88 height (ftUS),+proj=lcc +lat_0=37.8333333333333 +lon_0=-105.5 +lat_1=39.75 +lat_2=38.45 +x_0=914401.828803658 +y_0=304800.609601219 +datum=NAD83 +units=us-ft +vunits=us-ft +no_defs +type=crs
EPSG,8722,NAD83 / Colorado South (ftUS) + NAVD88 height (ftUS),+proj=lcc +lat_0=36.6666666666667 +lon_0=-105.5 +lat_1=38.4333333333333 +lat_2=37.2333333333333 +x_0=914401.828803658 +y_0=304800.609601219 +datum=NAD83 +units=us-ft +vunits=us-ft +no_defs +type=crs
EPSG,8723,NAD83 / Connecticut (ftUS) + NAVD88 height (ftUS),+proj=lcc +lat_0=40.8333333333333 +lon_0=-72.75 +lat_1=41.8666666666667 +lat_2=41.2 +x_0=304800.609601219 +y_0=152400.30480061 +datum=NAD83 +units=us-ft +vunits=us-ft +no_defs +type=crs
EPSG,8724,NAD83 / Delaware (ftUS) + NAVD88 height (ftUS),+proj=tmerc +lat_0=38 +lon_0=-75.4166666666667 +k=0.999995 +x_0=200000.0001016 +y_0=0 +datum=NAD83 +units=us-ft +vunits=us-ft +no_defs +type=crs
EPSG,8725,NAD83 / Florida North (ftUS) + NAVD88 height (ftUS),+proj=lcc +lat_0=29 +lon_0=-84.5 +lat_1=30.75 +lat_2=29.5833333333333 +x_0=600000 +y_0=0 +datum=NAD83 +units=us-ft +vunits=us-ft +no_defs +type=crs
EPSG,8726,NAD83 / Florida East (ftUS) + NAVD88 height (ftUS),+proj=tmerc +lat_0=24.3333333333333 +lon_0=-81 +k=0.999941177 +x_0=200000.0001016 +y_0=0 +datum=NAD83 +units=us-ft +vunits=us-ft +no_defs +type=crs
EPSG,8727,NAD83 / Florida West (ftUS) + NAVD88 height (ftUS),+proj=tmerc +lat_0=24.3333333333333 +lon_0=-82 +k=0.999941177 +x_0=200000.0001016 +y_0=0 +datum=NAD83 +units=us-ft +vunits=us-ft +no_defs +type=crs
EPSG,8728,NAD83 / Georgia East (ftUS) + NAVD88 height (ftUS),+proj=tmerc +lat_0=30 +lon_0=-82.1666666666667 +k=0.9999 +x_0=200000.0001016 +y_0=0 +datum=NAD83 +units=us-ft +vunits=us-ft +no_defs +type=crs
EPSG,8729,NAD83 / Georgia West (ftUS) + NAVD88 height (ftUS),+proj=tmerc +lat_0=30 +lon_0=-84.1666666666667 +k=0.9999 +x_0=699999.9998984 +y_0=0 +datum=NAD83 +units=us-ft +vunits=us-ft +no_defs +type=crs
EPSG,8730,NAD83 / Idaho East (ftUS) + NAVD88 height (ftUS),+proj=tmerc +lat_0=41.6666666666667 +lon_0=-112.166666666667 +k=0.999947368 +x_0=200000.0001016 +y_0=0 +datum=NAD83 +units=us-ft +vunits=us-ft +no_defs +type=crs
EPSG,8731,NAD83 / Idaho Central (ftUS) + NAVD88 height (ftUS),+proj=tmerc +lat_0=41.6666666666667 +lon_0=-114 +k=0.999947368 +x_0=500000.0001016 +y_0=0 +datum=NAD83 +units=us-ft +vunits=us-ft +no_defs +type=crs
EPSG,8732,NAD83 / Idaho West (ftUS) + NAVD88 height (ftUS),+proj=tmerc +lat_0=41.6666666666667 +lon_0=-115.75 +k=0.999933333 +x_0=800000.0001016 +y_0=0 +datum=NAD83 +units=us-ft +vunits=us-ft +no_defs +type=crs
EPSG,8733,NAD83 / Illinois East (ftUS) + NAVD88 height (ftUS),+proj=tmerc +lat_0=36.6666666666667 +lon_0=-88.3333333333333 +k=0.999975 +x_0=300000 +y_0=0 +datum=NAD83 +units=us-ft +vunits=us-ft +no_defs +type=crs
EPSG,8734,NAD83 / Illinois West (ftUS) + NAVD88 height (ftUS),+proj=tmerc +lat_0=36.6666666666667 +lon_0=-90.1666666666667 +k=0.999941177 +x_0=699999.99998984 +y_0=0 +datum=NAD83 +units=us-ft +vunits=us-ft +no_defs +type=crs
EPSG,8735,NAD83 / Indiana East (ftUS) + NAVD88 height (ftUS),+proj=tmerc +lat_0=37.5 +lon_0=-85.6666666666667 +k=0.999966667 +x_0=99999.9998983998 +y_0=249999.9998984 +datum=NAD83 +units=us-ft +vunits=us-ft +no_defs +type=crs
EPSG,8736,NAD83 / Indiana West (ftUS) + NAVD88 height (ftUS),+proj=tmerc +lat_0=37.5 +lon_0=-87.0833333333333 +k=0.999966667 +x_0=900000 +y_0=249999.9998984 +datum=NAD83 +units=us-ft +vunits=us-ft +no_defs +type=crs
EPSG,8737,NAD83 / Iowa North (ftUS) + NAVD88 height (ftUS),+proj=lcc +lat_0=41.5 +lon_0=-93.5 +lat_1=43.2666666666667 +lat_2=42.0666666666667 +x_0=1500000 +y_0=999999.99998984 +datum=NAD83 +units=us-ft +vunits=us-ft +no_defs +type=crs
EPSG,8738,NAD83 / Iowa South (ftUS) + NAVD88 height (ftUS),+proj=lcc +lat_0=40 +lon_0=-93.5 +lat_1=41.7833333333333 +lat_2=40.6166666666667 +x_0=500000.00001016 +y_0=0 +datum=NAD83 +units=us-ft +vunits=us-ft +no_defs +type=crs
EPSG,8739,NAD83 / Kansas North (ftUS) + NAVD88 height (ftUS),+proj=lcc +lat_0=38.3333333333333 +lon_0=-98 +lat_1=39.7833333333333 +lat_2=38.7166666666667 +x_0=399999.99998984 +y_0=0 +datum=NAD83 +units=us-ft +vunits=us-ft +no_defs +type=crs
EPSG,8740,NAD83 / Kansas South (ftUS) + NAVD88 height (ftUS),+proj=lcc +lat_0=36.6666666666667 +lon_0=-98.5 +lat_1=38.5666666666667 +lat_2=37.2666666666667 +x_0=399999.99998984 +y_0=399999.99998984 +datum=NAD83 +units=us-ft +vunits=us-ft +no_defs +type=crs
EPSG,8741,NAD83 / Kentucky North (ftUS) + NAVD88 height (ftUS),+proj=lcc +lat_0=37.5 +lon_0=-84.25 +lat_1=37.9666666666667 +lat_2=38.9666666666667 +x_0=500000.0001016 +y_0=0 +datum=NAD83 +units=us-ft +vunits=us-ft +no_defs +type=crs
EPSG,8742,NAD83 / Kentucky South (ftUS) + NAVD88 height (ftUS),+proj=lcc +lat_0=36.3333333333333 +lon_0=-85.75 +lat_1=37.9333333333333 +lat_2=36.7333333333333 +x_0=500000.0001016 +y_0=500000.0001016 +datum=NAD83 +units=us-ft +vunits=us-ft +no_defs +type=crs
EPSG,8743,NAD83 / Louisiana North (ftUS) + NAVD88 height (ftUS),+proj=lcc +lat_0=30.5 +lon_0=-92.5 +lat_1=32.6666666666667 +lat_2=31.1666666666667 +x_0=999999.99998984 +y_0=0 +datum=NAD83 +units=us-ft +vunits=us-ft +no_defs +type=crs
EPSG,8744,NAD83 / Louisiana South (ftUS) + NAVD88 height (ftUS),+proj=lcc +lat_0=28.5 +lon_0=-91.3333333333333 +lat_1=30.7 +lat_2=29.3 +x_0=999999.99998984 +y_0=0 +datum=NAD83 +units=us-ft +vunits=us-ft +no_defs +type=crs
EPSG,8745,NAD83 / Maine East (ftUS) + NAVD88 height (ftUS),+proj=tmerc +lat_0=43.6666666666667 +lon_0=-68.5 +k=0.9999 +x_0=300000 +y_0=0 +datum=NAD83 +units=us-ft +vunits=us-ft +no_defs +type=crs
EPSG,8746,NAD83 / Maine West (ftUS) + NAVD88 height (ftUS),+proj=tmerc +lat_0=42.8333333333333 +lon_0=-70.1666666666667 +k=0.999966667 +x_0=900000 +y_0=0 +datum=NAD83 +units=us-ft +vunits=us-ft +no_defs +type=crs
EPSG,8747,NAD83 / Maryland (ftUS) + NAVD88 height (ftUS),+proj=lcc +lat_0=37.6666666666667 +lon_0=-77 +lat_1=39.45 +lat_2=38.3 +x_0=399999.9998984 +y_0=0 +datum=NAD83 +units=us-ft +vunits=us-ft +no_defs +type=crs
EPSG,8748,NAD83 / Massachusetts Mainland (ftUS) + NAVD88 height (ftUS),+proj=lcc +lat_0=41 +lon_0=-71.5 +lat_1=42.6833333333333 +lat_2=41.7166666666667 +x_0=200000.0001016 +y_0=750000 +datum=NAD83 +units=us-ft +vunits=us-ft +no_defs +type=crs
EPSG,8749,NAD83 / Massachusetts Island (ftUS) + NAVD88 height (ftUS),+proj=lcc +lat_0=41 +lon_0=-70.5 +lat_1=41.4833333333333 +lat_2=41.2833333333333 +x_0=500000.0001016 +y_0=0 +datum=NAD83 +units=us-ft +vunits=us-ft +no_defs +type=crs
EPSG,8750,NAD83 / Minnesota North (ftUS) + NAVD88 height (ftUS),+proj=lcc +lat_0=46.5 +lon_0=-93.1 +lat_1=48.6333333333333 +lat_2=47.0333333333333 +x_0=800000.00001016 +y_0=99999.99998984 +datum=NAD83 +units=us-ft +vunits=us-ft +no_defs +type=crs
EPSG,8751,NAD83 / Minnesota Central (ftUS) + NAVD88 height (ftUS),+proj=lcc +lat_0=45 +lon_0=-94.25 +lat_1=47.05 +lat_2=45.6166666666667 +x_0=800000.00001016 +y_0=99999.99998984 +datum=NAD83 +units=us-ft +vunits=us-ft +no_defs +type=crs
EPSG,8752,NAD83 / Minnesota South (ftUS) + NAVD88 height (ftUS),+proj=lcc +lat_0=43 +lon_0=-94 +lat_1=45.2166666666667 +lat_2=43.7833333333333 +x_0=800000.00001016 +y_0=99999.99998984 +datum=NAD83 +units=us-ft +vunits=us-ft +no_defs +type=crs
EPSG,8753,NAD83 / Mississippi East (ftUS) + NAVD88 height (ftUS),+proj=tmerc +lat_0=29.5 +lon_0=-88.8333333333333 +k=0.99995 +x_0=300000 +y_0=0 +datum=NAD83 +units=us-ft +vunits=us-ft +no_defs +type=crs
EPSG,8754,NAD83 / Mississippi West (ftUS) + NAVD88 height (ftUS),+proj=tmerc +lat_0=29.5 +lon_0=-90.3333333333333 +k=0.99995 +x_0=699999.9998984 +y_0=0 +datum=NAD83 +units=us-ft +vunits=us-ft +no_defs +type=crs
EPSG,8755,NAD83 / Nebraska (ftUS) + NAVD88 height (ftUS),+proj=lcc +lat_0=39.8333333333333 +lon_0=-100 +lat_1=43 +lat_2=40 +x_0=500000.00001016 +y_0=0 +datum=NAD83 +units=us-ft +vunits=us-ft +no_defs +type=crs
EPSG,8756,NAD83 / Nevada East (ftUS) + NAVD88 height (ftUS),+proj=tmerc +lat_0=34.75 +lon_0=-115.583333333333 +k=0.9999 +x_0=200000.00001016 +y_0=8000000.00001016 +datum=NAD83 +units=us-ft +vunits=us-ft +no_defs +type=crs
EPSG,8757,NAD83 / Nevada Central (ftUS) + NAVD88 height (ftUS),+proj=tmerc +lat_0=34.75 +lon_0=-116.666666666667 +k=0.9999 +x_0=500000.00001016 +y_0=6000000 +datum=NAD83 +units=us-ft +vunits=us-ft +no_defs +type=crs
EPSG,8758,NAD83 / Nevada West (ftUS) + NAVD88 height (ftUS),+proj=tmerc +lat_0=34.75 +lon_0=-118.583333333333 +k=0.9999 +x_0=800000.00001016 +y_0=3999999.99998984 +datum=NAD83 +units=us-ft +vunits=us-ft +no_defs +type=crs
EPSG,8759,NAD83 / New Hampshire (ftUS) + NAVD88 height (ftUS),+proj=tmerc +lat_0=42.5 +lon_0=-71.6666666666667 +k=0.999966667 +x_0=300000 +y_0=0 +datum=NAD83 +units=us-ft +vunits=us-ft +no_defs +type=crs
EPSG,8760,NAD83 / New Jersey (ftUS) + NAVD88 height (ftUS),+proj=tmerc +lat_0=38.8333333333333 +lon_0=-74.5 +k=0.9999 +x_0=150000 +y_0=0 +datum=NAD83 +units=us-ft +vunits=us-ft +no_defs +type=crs
EPSG,8761,NAD83 / New Mexico East (ftUS) + NAVD88 height (ftUS),+proj=tmerc +lat_0=31 +lon_0=-104.333333333333 +k=0.999909091 +x_0=165000 +y_0=0 +datum=NAD83 +units=us-ft +vunits=us-ft +no_defs +type=crs
EPSG,8762,NAD83 / New Mexico Central (ftUS) + NAVD88 height (ftUS),+proj=tmerc +lat_0=31 +lon_0=-106.25 +k=0.9999 +x_0=500000.0001016 +y_0=0 +datum=NAD83 +units=us-ft +vunits=us-ft +no_defs +type=crs
EPSG,8763,NAD83 / New Mexico West (ftUS) + NAVD88 height (ftUS),+proj=tmerc +lat_0=31 +lon_0=-107.833333333333 +k=0.999916667 +x_0=830000.0001016 +y_0=0 +datum=NAD83 +units=us-ft +vunits=us-ft +no_defs +type=crs
EPSG,8764,NAD83 / New York East (ftUS) + NAVD88 height (ftUS),+proj=tmerc +lat_0=38.8333333333333 +lon_0=-74.5 +k=0.9999 +x_0=150000 +y_0=0 +datum=NAD83 +units=us-ft +vunits=us-ft +no_defs +type=crs
EPSG,8765,NAD83 / New York Central (ftUS) + NAVD88 height (ftUS),+proj=tmerc +lat_0=40 +lon_0=-76.5833333333333 +k=0.9999375 +x_0=249999.9998984 +y_0=0 +datum=NAD83 +units=us-ft +vunits=us-ft +no_defs +type=crs
EPSG,8766,NAD83 / New York West (ftUS) + NAVD88 height (ftUS),+proj=tmerc +lat_0=40 +lon_0=-78.5833333333333 +k=0.9999375 +x_0=350000.0001016 +y_0=0 +datum=NAD83 +units=us-ft +vunits=us-ft +no_defs +type=crs
EPSG,8767,NAD83 / New York Long Island (ftUS) + NAVD88 height (ftUS),+proj=lcc +lat_0=40.1666666666667 +lon_0=-74 +lat_1=41.0333333333333 +lat_2=40.6666666666667 +x_0=300000 +y_0=0 +datum=NAD83 +units=us-ft +vunits=us-ft +no_defs +type=crs
EPSG,8768,NAD83 / North Carolina (ftUS) + NAVD88 height (ftUS),+proj=lcc +lat_0=33.75 +lon_0=-79 +lat_1=36.1666666666667 +lat_2=34.3333333333333 +x_0=609601.219202438 +y_0=0 +datum=NAD83 +units=us-ft +vunits=us-ft +no_defs +type=crs
EPSG,8769,NAD83 / Ohio North (ftUS) + NAVD88 height (ftUS),+proj=lcc +lat_0=39.6666666666667 +lon_0=-82.5 +lat_1=41.7 +lat_2=40.4333333333333 +x_0=600000 +y_0=0 +datum=NAD83 +units=us-ft +vunits=us-ft +no_defs +type=crs
EPSG,8770,NAD83 / Ohio South (ftUS) + NAVD88 height (ftUS),+proj=lcc +lat_0=38 +lon_0=-82.5 +lat_1=40.0333333333333 +lat_2=38.7333333333333 +x_0=600000 +y_0=0 +datum=NAD83 +units=us-ft +vunits=us-ft +no_defs +type=crs
EPSG,8771,NAD83 / Oklahoma North (ftUS) + NAVD88 height (ftUS),+proj=lcc +lat_0=35 +lon_0=-98 +lat_1=36.7666666666667 +lat_2=35.5666666666667 +x_0=600000 +y_0=0 +datum=NAD83 +units=us-ft +vunits=us-ft +no_defs +type=crs
EPSG,8772,NAD83 / Oklahoma South (ftUS) + NAVD88 height (ftUS),+proj=lcc +lat_0=33.3333333333333 +lon_0=-98 +lat_1=35.2333333333333 +lat_2=33.9333333333333 +x_0=600000 +y_0=0 +datum=NAD83 +units=us-ft +vunits=us-ft +no_defs +type=crs
EPSG,8773,NAD83 / Pennsylvania North (ftUS) + NAVD88 height (ftUS),+proj=lcc +lat_0=40.1666666666667 +lon_0=-77.75 +lat_1=41.95 +lat_2=40.8833333333333 +x_0=600000 +y_0=0 +datum=NAD83 +units=us-ft +vunits=us-ft +no_defs +type=crs
EPSG,8774,NAD83 / Pennsylvania South (ftUS) + NAVD88 height (ftUS),+proj=lcc +lat_0=39.3333333333333 +lon_0=-77.75 +lat_1=40.9666666666667 +lat_2=39.9333333333333 +x_0=600000 +y_0=0 +datum=NAD83 +units=us-ft +vunits=us-ft +no_defs +type=crs
EPSG,8775,NAD83 / Rhode Island (ftUS) + NAVD88 height (ftUS),+proj=tmerc +lat_0=41.0833333333333 +lon_0=-71.5 +k=0.99999375 +x_0=99999.99998984 +y_0=0 +datum=NAD83 +units=us-ft +vunits=us-ft +no_defs +type=crs
EPSG,8776,NAD83 / South Dakota North (ftUS) + NAVD88 height (ftUS),+proj=lcc +lat_0=43.8333333333333 +lon_0=-100 +lat_1=45.6833333333333 +lat_2=44.4166666666667 +x_0=600000 +y_0=0 +datum=NAD83 +units=us-ft +vunits=us-ft +no_defs +type=crs
EPSG,8777,NAD83 / South Dakota South (ftUS) + NAVD88 height (ftUS),+proj=lcc +lat_0=42.3333333333333 +lon_0=-100.333333333333 +lat_1=44.4 +lat_2=42.8333333333333 +x_0=600000 +y_0=0 +datum=NAD83 +units=us-ft +vunits=us-ft +no_defs +type=crs
EPSG,8778,NAD83 / Tennessee (ftUS) + NAVD88 height (ftUS),+proj=lcc +lat_0=34.3333333333333 +lon_0=-86 +lat_1=36.4166666666667 +lat_2=35.25 +x_0=600000 +y_0=0 +datum=NAD83 +units=us-ft +vunits=us-ft +no_defs +type=crs
EPSG,8779,NAD83 / Texas North (ftUS) + NAVD88 height (ftUS),+proj=lcc +lat_0=34 +lon_0=-101.5 +lat_1=36.1833333333333 +lat_2=34.65 +x_0=200000.0001016 +y_0=999999.9998984 +datum=NAD83 +units=us-ft +vunits=us-ft +no_defs +type=crs
EPSG,8780,NAD83 / Texas North Central (ftUS) + NAVD88 height (ftUS),+proj=lcc +lat_0=31.6666666666667 +lon_0=-98.5 +lat_1=33.9666666666667 +lat_2=32.1333333333333 +x_0=600000 +y_0=2000000.0001016 +datum=NAD83 +units=us-ft +vunits=us-ft +no_defs +type=crs
EPSG,8781,NAD83 / Texas Central (ftUS) + NAVD88 height (ftUS),+proj=lcc +lat_0=29.6666666666667 +lon_0=-100.333333333333 +lat_1=31.8833333333333 +lat_2=30.1166666666667 +x_0=699999.9998984 +y_0=3000000 +datum=NAD83 +units=us-ft +vunits=us-ft +no_defs +type=crs
EPSG,8782,NAD83 / Texas South Central (ftUS) + NAVD88 height (ftUS),+proj=lcc +lat_0=27.8333333333333 +lon_0=-99 +lat_1=30.2833333333333 +lat_2=28.3833333333333 +x_0=600000 +y_0=3999999.9998984 +datum=NAD83 +units=us-ft +vunits=us-ft +no_defs +type=crs
EPSG,8783,NAD83 / Texas South (ftUS) + NAVD88 height (ftUS),+proj=lcc +lat_0=25.6666666666667 +lon_0=-98.5 +lat_1=27.8333333333333 +lat_2=26.1666666666667 +x_0=300000 +y_0=5000000.0001016 +datum=NAD83 +units=us-ft +vunits=us-ft +no_defs +type=crs
EPSG,8784,NAD83 / Utah North (ftUS) + NAVD88 height (ftUS),+proj=lcc +lat_0=40.3333333333333 +lon_0=-111.5 +lat_1=41.7833333333333 +lat_2=40.7166666666667 +x_0=500000.00001016 +y_0=999999.99998984 +datum=NAD83 +units=us-ft +vunits=us-ft +no_defs +type=crs
EPSG,8785,NAD83 / Utah Central (ftUS) + NAVD88 height (ftUS),+proj=lcc +lat_0=38.3333333333333 +lon_0=-111.5 +lat_1=40.65 +lat_2=39.0166666666667 +x_0=500000.00001016 +y_0=2000000.00001016 +datum=NAD83 +units=us-ft +vunits=us-ft +no_defs +type=crs
EPSG,8786,NAD83 / Utah South (ftUS) + NAVD88 height (ftUS),+proj=lcc +lat_0=36.6666666666667 +lon_0=-111.5 +lat_1=38.35 +lat_2=37.2166666666667 +x_0=500000.00001016 +y_0=3000000 +datum=NAD83 +units=us-ft +vunits=us-ft +no_defs +type=crs
EPSG,8787,NAD83 / Vermont (ftUS) + NAVD88 height (ftUS),+proj=tmerc +lat_0=42.5 +lon_0=-72.5 +k=0.999964286 +x_0=500000.00001016 +y_0=0 +datum=NAD83 +units=us-ft +vunits=us-ft +no_defs +type=crs
EPSG,8788,NAD83 / Virginia North (ftUS) + NAVD88 height (ftUS),+proj=lcc +lat_0=37.6666666666667 +lon_0=-78.5 +lat_1=39.2 +lat_2=38.0333333333333 +x_0=3500000.0001016 +y_0=2000000.0001016 +datum=NAD83 +units=us-ft +vunits=us-ft +no_defs +type=crs
EPSG,8789,NAD83 / Virginia South (ftUS) + NAVD88 height (ftUS),+proj=lcc +lat_0=36.3333333333333 +lon_0=-78.5 +lat_1=37.9666666666667 +lat_2=36.7666666666667 +x_0=3500000.0001016 +y_0=999999.9998984 +datum=NAD83 +units=us-ft +vunits=us-ft +no_defs +type=crs
EPSG,8790,NAD83 / Washington North (ftUS) + NAVD88 height (ftUS),+proj=lcc +lat_0=47 +lon_0=-120.833333333333 +lat_1=48.7333333333333 +lat_2=47.5 +x_0=500000.0001016 +y_0=0 +datum=NAD83 +units=us-ft +vunits=us-ft +no_defs +type=crs
EPSG,8791,NAD83 / Washington South (ftUS) + NAVD88 height (ftUS),+proj=lcc +lat_0=45.3333333333333 +lon_0=-120.5 +lat_1=47.3333333333333 +lat_2=45.8333333333333 +x_0=500000.0001016 +y_0=0 +datum=NAD83 +units=us-ft +vunits=us-ft +no_defs +type=crs
EPSG,8792,NAD83 / West Virginia North (ftUS) + NAVD88 height (ftUS),+proj=lcc +lat_0=38.5 +lon_0=-79.5 +lat_1=40.25 +lat_2=39 +x_0=600000 +y_0=0 +datum=NAD83 +units=us-ft +vunits=us-ft +no_defs +type=crs
EPSG,8793,NAD83 / West Virginia South (ftUS) + NAVD88 height (ftUS),+proj=lcc +lat_0=37 +lon_0=-81 +lat_1=38.8833333333333 +lat_2=37.4833333333333 +x_0=600000 +y_0=0 +datum=NAD83 +units=us-ft +vunits=us-ft +no_defs +type=crs
EPSG,8794,NAD83 / Wisconsin North (ftUS) + NAVD88 height (ftUS),+proj=lcc +lat_0=45.1666666666667 +lon_0=-90 +lat_1=46.7666666666667 +lat_2=45.5666666666667 +x_0=600000 +y_0=0 +datum=NAD83 +units=us-ft +vunits=us-ft +no_defs +type=crs
EPSG,8795,NAD83 / Wisconsin Central (ftUS) + NAVD88 height (ftUS),+proj=lcc +lat_0=43.8333333333333 +lon_0=-90 +lat_1=45.5 +lat_2=44.25 +x_0=600000 +y_0=0 +datum=NAD83 +units=us-ft +vunits=us-ft +no_defs +type=crs
EPSG,8796,NAD83 / Wisconsin South (ftUS) + NAVD88 height (ftUS),+proj=lcc +lat_0=42 +lon_0=-90 +lat_1=44.0666666666667 +lat_2=42.7333333333333 +x_0=600000 +y_0=0 +datum=NAD83 +units=us-ft +vunits=us-ft +no_defs +type=crs
EPSG,8797,NAD83 / Wyoming East (ftUS) + NAVD88 height (ftUS),+proj=tmerc +lat_0=40.5 +lon_0=-105.166666666667 +k=0.9999375 +x_0=200000.00001016 +y_0=0 +datum=NAD83 +units=us-ft +vunits=us-ft +no_defs +type=crs
EPSG,8798,NAD83 / Wyoming East Central (ftUS) + NAVD88 height (ftUS),+proj=tmerc +lat_0=40.5 +lon_0=-107.333333333333 +k=0.9999375 +x_0=399999.99998984 +y_0=99999.99998984 +datum=NAD83 +units=us-ft +vunits=us-ft +no_defs +type=crs
EPSG,8799,NAD83 / Wyoming West Central (ftUS) + NAVD88 height (ftUS),+proj=tmerc +lat_0=40.5 +lon_0=-108.75 +k=0.9999375 +x_0=600000 +y_0=0 +datum=NAD83 +units=us-ft +vunits=us-ft +no_defs +type=crs
EPSG,8800,NAD83 / Wyoming West (ftUS) + NAVD88 height (ftUS),+proj=tmerc +lat_0=40.5 +lon_0=-110.083333333333 +k=0.9999375 +x_0=800000.00001016 +y_0=99999.99998984 +datum=NAD83 +units=us-ft +vunits=us-ft +no_defs +type=crs
EPSG,8801,NAD83 / Alabama East + NAVD88 height,+proj=tmerc +lat_0=30.5 +lon_0=-85.8333333333333 +k=0.99996 +x_0=200000 +y_0=0 +datum=NAD83 +units=m +vunits=m +no_defs +type=crs
EPSG,8802,NAD83 / Alabama West + NAVD88 height,+proj=tmerc +lat_0=30 +lon_0=-87.5 +k=0.999933333 +x_0=600000 +y_0=0 +datum=NAD83 +units=m +vunits=m +no_defs +type=crs
EPSG,8803,NAD83 / Alaska zone 1 + NAVD88 height,+proj=omerc +no_uoff +lat_0=57 +lonc=-133.666666666667 +alpha=323.130102361111 +gamma=323.130102361111 +k=0.9999 +x_0=5000000 +y_0=-5000000 +datum=NAD83 +units=m +vunits=m +no_defs +type=crs
EPSG,8804,NAD83 / Alaska zone 2 + NAVD88 height,+proj=tmerc +lat_0=54 +lon_0=-142 +k=0.9999 +x_0=500000 +y_0=0 +datum=NAD83 +units=m +vunits=m +no_defs +type=crs
EPSG,8805,NAD83 / Alaska zone 3 + NAVD88 height,+proj=tmerc +lat_0=54 +lon_0=-146 +k=0.9999 +x_0=500000 +y_0=0 +datum=NAD83 +units=m +vunits=m +no_defs +type=crs
EPSG,8806,NAD83 / Alaska zone 4 + NAVD88 height,+proj=tmerc +lat_0=54 +lon_0=-150 +k=0.9999 +x_0=500000 +y_0=0 +datum=NAD83 +units=m +vunits=m +no_defs +type=crs
EPSG,8807,NAD83 / Alaska zone 5 + NAVD88 height,+proj=tmerc +lat_0=54 +lon_0=-154 +k=0.9999 +x_0=500000 +y_0=0 +datum=NAD83 +units=m +vunits=m +no_defs +type=crs
EPSG,8808,NAD83 / Alaska zone 6 + NAVD88 height,+proj=tmerc +lat_0=54 +lon_0=-158 +k=0.9999 +x_0=500000 +y_0=0 +datum=NAD83 +units=m +vunits=m +no_defs +type=crs
EPSG,8809,NAD83 / Alaska zone 7 + NAVD88 height,+proj=tmerc +lat_0=54 +lon_0=-162 +k=0.9999 +x_0=500000 +y_0=0 +datum=NAD83 +units=m +vunits=m +no_defs +type=crs
EPSG,8810,NAD83 / Alaska zone 8 + NAVD88 height,+proj=tmerc +lat_0=54 +lon_0=-166 +k=0.9999 +x_0=500000 +y_0=0 +datum=NAD83 +units=m +vunits=m +no_defs +type=crs
EPSG,8811,NAD83 / Alaska zone 9 + NAVD88 height,+proj=tmerc +lat_0=54 +lon_0=-170 +k=0.9999 +x_0=500000 +y_0=0 +datum=NAD83 +units=m +vunits=m +no_defs +type=crs
EPSG,8812,NAD83 / Alaska zone 10 + NAVD88 height,+proj=lcc +lat_0=51 +lon_0=-176 +lat_1=53.8333333333333 +lat_2=51.8333333333333 +x_0=1000000 +y_0=0 +datum=NAD83 +units=m +vunits=m +no_defs +type=crs
EPSG,8813,NAD83 / Missouri East + NAVD88 height,+proj=tmerc +lat_0=35.8333333333333 +lon_0=-90.5 +k=0.999933333 +x_0=250000 +y_0=0 +datum=NAD83 +units=m +vunits=m +no_defs +type=crs
EPSG,8814,NAD83 / Missouri Central + NAVD88 height,+proj=tmerc +lat_0=35.8333333333333 +lon_0=-92.5 +k=0.999933333 +x_0=500000 +y_0=0 +datum=NAD83 +units=m +vunits=m +no_defs +type=crs
EPSG,8815,NAD83 / Missouri West + NAVD88 height,+proj=tmerc +lat_0=36.1666666666667 +lon_0=-94.5 +k=0.999941177 +x_0=850000 +y_0=0 +datum=NAD83 +units=m +vunits=m +no_defs +type=crs
EPSG,8816,MTRF-2000,+proj=geocent +ellps=GRS80 +units=m +no_defs +type=crs
EPSG,8817,MTRF-2000,+proj=longlat +ellps=GRS80 +no_defs +type=crs
EPSG,8818,MTRF-2000,+proj=longlat +ellps=GRS80 +no_defs +type=crs
EPSG,8826,NAD83 / Idaho Transverse Mercator,+proj=tmerc +lat_0=42 +lon_0=-114 +k=0.9996 +x_0=2500000 +y_0=1200000 +datum=NAD83 +units=m +no_defs +type=crs
EPSG,8836,MTRF-2000 / UTM zone 36N,+proj=utm +zone=36 +ellps=GRS80 +units=m +no_defs +type=crs
EPSG,8837,MTRF-2000 / UTM zone 37N,+proj=utm +zone=37 +ellps=GRS80 +units=m +no_defs +type=crs
EPSG,8838,MTRF-2000 / UTM zone 38N,+proj=utm +zone=38 +ellps=GRS80 +units=m +no_defs +type=crs
EPSG,8839,MTRF-2000 / UTM zone 39N,+proj=utm +zone=39 +ellps=GRS80 +units=m +no_defs +type=crs
EPSG,8840,MTRF-2000 / UTM zone 40N,+proj=utm +zone=40 +ellps=GRS80 +units=m +no_defs +type=crs
EPSG,8841,MVGC height,+vunits=m +no_defs +type=crs
EPSG,8857,WGS 84 / Equal Earth Greenwich,+proj=eqearth +lon_0=0 +x_0=0 +y_0=0 +datum=WGS84 +units=m +no_defs +type=crs
EPSG,8858,WGS 84 / Equal Earth Americas,+proj=eqearth +lon_0=-90 +x_0=0 +y_0=0 +datum=WGS84 +units=m +no_defs +type=crs
EPSG,8859,WGS 84 / Equal Earth Asia-Pacific,+proj=eqearth +lon_0=150 +x_0=0 +y_0=0 +datum=WGS84 +units=m +no_defs +type=crs
EPSG,8860,NAD83(FBN),+proj=longlat +ellps=GRS80 +no_defs +type=crs
EPSG,8881,Vienna height,+vunits=m +no_defs +type=crs
EPSG,8888,WGS 84 (Transit),+proj=longlat +ellps=WGS84 +no_defs +type=crs
EPSG,8897,EPSG example wellbore local vertical CRS (ft),+vunits=ft +no_defs +type=crs
EPSG,8898,RGWF96,+proj=geocent +ellps=GRS80 +units=m +no_defs +type=crs
EPSG,8899,RGWF96,+proj=longlat +ellps=GRS80 +no_defs +type=crs
EPSG,8900,RGWF96,+proj=longlat +ellps=GRS80 +no_defs +type=crs
EPSG,8901,RGWF96 (lon-lat),+proj=longlat +ellps=GRS80 +no_defs +type=crs
EPSG,8902,RGWF96 (lon-lat),+proj=longlat +ellps=GRS80 +no_defs +type=crs
EPSG,8903,RGWF96 / UTM zone 1S,+proj=utm +zone=1 +south +ellps=GRS80 +units=m +no_defs +type=crs
EPSG,8904,TWVD 2001 height,+vunits=m +no_defs +type=crs
EPSG,8905,CR-SIRGAS,+proj=geocent +ellps=GRS80 +units=m +no_defs +type=crs
EPSG,8906,CR-SIRGAS,+proj=longlat +ellps=GRS80 +no_defs +type=crs
EPSG,8907,CR-SIRGAS,+proj=longlat +ellps=GRS80 +no_defs +type=crs
EPSG,8908,CR-SIRGAS / CRTM05,+proj=tmerc +lat_0=0 +lon_0=-84 +k=0.9999 +x_0=500000 +y_0=0 +ellps=GRS80 +units=m +no_defs +type=crs
EPSG,8909,CR-SIRGAS / UTM zone 16N,+proj=utm +zone=16 +ellps=GRS80 +units=m +no_defs +type=crs
EPSG,8910,CR-SIRGAS / UTM zone 17N,+proj=utm +zone=17 +ellps=GRS80 +units=m +no_defs +type=crs
EPSG,8911,DACR52 height,+vunits=m +no_defs +type=crs
EPSG,8912,CR-SIRGAS / CRTM05 + DACR52 height,+proj=tmerc +lat_0=0 +lon_0=-84 +k=0.9999 +x_0=500000 +y_0=0 +ellps=GRS80 +units=m +vunits=m +no_defs +type=crs
EPSG,8915,SIRGAS-CON DGF00P01,+proj=geocent +ellps=GRS80 +units=m +no_defs +type=crs
EPSG,8916,SIRGAS-CON DGF00P01,+proj=longlat +ellps=GRS80 +no_defs +type=crs
EPSG,8917,SIRGAS-CON DGF01P01,+proj=geocent +ellps=GRS80 +units=m +no_defs +type=crs
EPSG,8918,SIRGAS-CON DGF01P01,+proj=longlat +ellps=GRS80 +no_defs +type=crs
EPSG,8919,SIRGAS-CON DGF01P02,+proj=geocent +ellps=GRS80 +units=m +no_defs +type=crs
EPSG,8920,SIRGAS-CON DGF01P02,+proj=longlat +ellps=GRS80 +no_defs +type=crs
EPSG,8921,SIRGAS-CON DGF02P01,+proj=geocent +ellps=GRS80 +units=m +no_defs +type=crs
EPSG,8922,SIRGAS-CON DGF02P01,+proj=longlat +ellps=GRS80 +no_defs +type=crs
EPSG,8923,SIRGAS-CON DGF04P01,+proj=geocent +ellps=GRS80 +units=m +no_defs +type=crs
EPSG,8924,SIRGAS-CON DGF04P01,+proj=longlat +ellps=GRS80 +no_defs +type=crs
EPSG,8925,SIRGAS-CON DGF05P01,+proj=geocent +ellps=GRS80 +units=m +no_defs +type=crs
EPSG,8926,SIRGAS-CON DGF05P01,+proj=longlat +ellps=GRS80 +no_defs +type=crs
EPSG,8927,SIRGAS-CON DGF06P01,+proj=geocent +ellps=GRS80 +units=m +no_defs +type=crs
EPSG,8928,SIRGAS-CON DGF06P01,+proj=longlat +ellps=GRS80 +no_defs +type=crs
EPSG,8929,SIRGAS-CON DGF07P01,+proj=geocent +ellps=GRS80 +units=m +no_defs +type=crs
EPSG,8930,SIRGAS-CON DGF07P01,+proj=longlat +ellps=GRS80 +no_defs +type=crs
EPSG,8931,SIRGAS-CON DGF08P01,+proj=geocent +ellps=GRS80 +units=m +no_defs +type=crs
EPSG,8932,SIRGAS-CON DGF08P01,+proj=longlat +ellps=GRS80 +no_defs +type=crs
EPSG,8933,SIRGAS-CON SIR09P01,+proj=geocent +ellps=GRS80 +units=m +no_defs +type=crs
EPSG,8934,SIRGAS-CON SIR09P01,+proj=longlat +ellps=GRS80 +no_defs +type=crs
EPSG,8935,SIRGAS-CON SIR10P01,+proj=geocent +ellps=GRS80 +units=m +no_defs +type=crs
EPSG,8936,SIRGAS-CON SIR10P01,+proj=longlat +ellps=GRS80 +no_defs +type=crs
EPSG,8937,SIRGAS-CON SIR11P01,+proj=geocent +ellps=GRS80 +units=m +no_defs +type=crs
EPSG,8938,SIRGAS-CON SIR11P01,+proj=longlat +ellps=GRS80 +no_defs +type=crs
EPSG,8939,SIRGAS-CON SIR13P01,+proj=geocent +ellps=GRS80 +units=m +no_defs +type=crs
EPSG,8940,SIRGAS-CON SIR13P01,+proj=longlat +ellps=GRS80 +no_defs +type=crs
EPSG,8941,SIRGAS-CON SIR14P01,+proj=geocent +ellps=GRS80 +units=m +no_defs +type=crs
EPSG,8942,SIRGAS-CON SIR14P01,+proj=longlat +ellps=GRS80 +no_defs +type=crs
EPSG,8943,SIRGAS-CON SIR15P01,+proj=geocent +ellps=GRS80 +units=m +no_defs +type=crs
EPSG,8944,SIRGAS-CON SIR15P01,+proj=longlat +ellps=GRS80 +no_defs +type=crs
EPSG,8945,SIRGAS-CON SIR17P01,+proj=geocent +ellps=GRS80 +units=m +no_defs +type=crs
EPSG,8946,SIRGAS-CON SIR17P01,+proj=longlat +ellps=GRS80 +no_defs +type=crs
EPSG,8947,SIRGAS-Chile 2010,+proj=geocent +ellps=GRS80 +units=m +no_defs +type=crs
EPSG,8948,SIRGAS-Chile 2010,+proj=longlat +ellps=GRS80 +no_defs +type=crs
EPSG,8949,SIRGAS-Chile 2010,+proj=longlat +ellps=GRS80 +no_defs +type=crs
EPSG,8950,SIRGAS-Chile 2010 / UTM zone 18S,+proj=utm +zone=18 +south +ellps=GRS80 +units=m +no_defs +type=crs
EPSG,8951,SIRGAS-Chile 2010 / UTM zone 19S,+proj=utm +zone=19 +south +ellps=GRS80 +units=m +no_defs +type=crs
EPSG,8972,SIRGAS-CON DGF00P01,+proj=longlat +ellps=GRS80 +no_defs +type=crs
EPSG,8973,SIRGAS-CON DGF01P01,+proj=longlat +ellps=GRS80 +no_defs +type=crs
EPSG,8974,SIRGAS-CON DGF01P02,+proj=longlat +ellps=GRS80 +no_defs +type=crs
EPSG,8975,SIRGAS-CON DGF02P01,+proj=longlat +ellps=GRS80 +no_defs +type=crs
EPSG,8976,SIRGAS-CON DGF04P01,+proj=longlat +ellps=GRS80 +no_defs +type=crs
EPSG,8977,SIRGAS-CON DGF05P01,+proj=longlat +ellps=GRS80 +no_defs +type=crs
EPSG,8978,SIRGAS-CON DGF06P01,+proj=longlat +ellps=GRS80 +no_defs +type=crs
EPSG,8979,SIRGAS-CON DGF07P01,+proj=longlat +ellps=GRS80 +no_defs +type=crs
EPSG,8980,SIRGAS-CON DGF08P01,+proj=longlat +ellps=GRS80 +no_defs +type=crs
EPSG,8981,SIRGAS-CON SIR09P01,+proj=longlat +ellps=GRS80 +no_defs +type=crs
EPSG,8982,SIRGAS-CON SIR10P01,+proj=longlat +ellps=GRS80 +no_defs +type=crs
EPSG,8983,SIRGAS-CON SIR11P01,+proj=longlat +ellps=GRS80 +no_defs +type=crs
EPSG,8984,SIRGAS-CON SIR13P01,+proj=longlat +ellps=GRS80 +no_defs +type=crs
EPSG,8985,SIRGAS-CON SIR14P01,+proj=longlat +ellps=GRS80 +no_defs +type=crs
EPSG,8986,SIRGAS-CON SIR15P01,+proj=longlat +ellps=GRS80 +no_defs +type=crs
EPSG,8987,SIRGAS-CON SIR17P01,+proj=longlat +ellps=GRS80 +no_defs +type=crs
EPSG,8988,ITRF88,+proj=longlat +ellps=GRS80 +no_defs +type=crs
EPSG,8989,ITRF89,+proj=longlat +ellps=GRS80 +no_defs +type=crs
EPSG,8990,ITRF90,+proj=longlat +ellps=GRS80 +no_defs +type=crs
EPSG,8991,ITRF91,+proj=longlat +ellps=GRS80 +no_defs +type=crs
EPSG,8992,ITRF92,+proj=longlat +ellps=GRS80 +no_defs +type=crs
EPSG,8993,ITRF93,+proj=longlat +ellps=GRS80 +no_defs +type=crs
EPSG,8994,ITRF94,+proj=longlat +ellps=GRS80 +no_defs +type=crs
EPSG,8995,ITRF96,+proj=longlat +ellps=GRS80 +no_defs +type=crs
EPSG,8996,ITRF97,+proj=longlat +ellps=GRS80 +no_defs +type=crs
EPSG,8997,ITRF2000,+proj=longlat +ellps=GRS80 +no_defs +type=crs
EPSG,8998,ITRF2005,+proj=longlat +ellps=GRS80 +no_defs +type=crs
EPSG,8999,ITRF2008,+proj=longlat +ellps=GRS80 +no_defs +type=crs
EPSG,9000,ITRF2014,+proj=longlat +ellps=GRS80 +no_defs +type=crs
EPSG,9001,IGS97,+proj=geocent +ellps=GRS80 +units=m +no_defs +type=crs
EPSG,9002,IGS97,+proj=longlat +ellps=GRS80 +no_defs +type=crs
EPSG,9003,IGS97,+proj=longlat +ellps=GRS80 +no_defs +type=crs
EPSG,9004,IGS00,+proj=geocent +ellps=GRS80 +units=m +no_defs +type=crs
EPSG,9005,IGS00,+proj=longlat +ellps=GRS80 +no_defs +type=crs
EPSG,9006,IGS00,+proj=longlat +ellps=GRS80 +no_defs +type=crs
EPSG,9007,IGb00,+proj=geocent +ellps=GRS80 +units=m +no_defs +type=crs
EPSG,9008,IGb00,+proj=longlat +ellps=GRS80 +no_defs +type=crs
EPSG,9009,IGb00,+proj=longlat +ellps=GRS80 +no_defs +type=crs
EPSG,9010,IGS05,+proj=geocent +ellps=GRS80 +units=m +no_defs +type=crs
EPSG,9011,IGS05,+proj=longlat +ellps=GRS80 +no_defs +type=crs
EPSG,9012,IGS05,+proj=longlat +ellps=GRS80 +no_defs +type=crs
EPSG,9013,IGS08,+proj=longlat +ellps=GRS80 +no_defs +type=crs
EPSG,9014,IGS08,+proj=longlat +ellps=GRS80 +no_defs +type=crs
EPSG,9015,IGb08,+proj=geocent +ellps=GRS80 +units=m +no_defs +type=crs
EPSG,9016,IGb08,+proj=longlat +ellps=GRS80 +no_defs +type=crs
EPSG,9017,IGb08,+proj=longlat +ellps=GRS80 +no_defs +type=crs
EPSG,9018,IGS14,+proj=longlat +ellps=GRS80 +no_defs +type=crs
EPSG,9019,IGS14,+proj=longlat +ellps=GRS80 +no_defs +type=crs
EPSG,9039,ISN2016 / LAEA Europe,+proj=laea +lat_0=52 +lon_0=10 +x_0=4321000 +y_0=3210000 +ellps=GRS80 +units=m +no_defs +type=crs
EPSG,9040,ISN2016 / LCC Europe,+proj=lcc +lat_0=52 +lon_0=10 +lat_1=35 +lat_2=65 +x_0=4000000 +y_0=2800000 +ellps=GRS80 +units=m +no_defs +type=crs
EPSG,9053,WGS 84 (G730),+proj=longlat +ellps=WGS84 +no_defs +type=crs
EPSG,9054,WGS 84 (G873),+proj=longlat +ellps=WGS84 +no_defs +type=crs
EPSG,9055,WGS 84 (G1150),+proj=longlat +ellps=WGS84 +no_defs +type=crs
EPSG,9056,WGS 84 (G1674),+proj=longlat +ellps=WGS84 +no_defs +type=crs
EPSG,9057,WGS 84 (G1762),+proj=longlat +ellps=WGS84 +no_defs +type=crs
EPSG,9059,ETRF89,+proj=longlat +ellps=GRS80 +no_defs +type=crs
EPSG,9060,ETRF90,+proj=longlat +ellps=GRS80 +no_defs +type=crs
EPSG,9061,ETRF91,+proj=longlat +ellps=GRS80 +no_defs +type=crs
EPSG,9062,ETRF92,+proj=longlat +ellps=GRS80 +no_defs +type=crs
EPSG,9063,ETRF93,+proj=longlat +ellps=GRS80 +no_defs +type=crs
EPSG,9064,ETRF94,+proj=longlat +ellps=GRS80 +no_defs +type=crs
EPSG,9065,ETRF96,+proj=longlat +ellps=GRS80 +no_defs +type=crs
EPSG,9066,ETRF97,+proj=longlat +ellps=GRS80 +no_defs +type=crs
EPSG,9067,ETRF2000,+proj=longlat +ellps=GRS80 +no_defs +type=crs
EPSG,9068,ETRF2005,+proj=longlat +ellps=GRS80 +no_defs +type=crs
EPSG,9069,ETRF2014,+proj=longlat +ellps=GRS80 +no_defs +type=crs
EPSG,9070,NAD83(MARP00),+proj=geocent +ellps=GRS80 +units=m +no_defs +type=crs
EPSG,9071,NAD83(MARP00),+proj=longlat +ellps=GRS80 +no_defs +type=crs
EPSG,9072,NAD83(MARP00),+proj=longlat +ellps=GRS80 +no_defs +type=crs
EPSG,9073,NAD83(PACP00),+proj=geocent +ellps=GRS80 +units=m +no_defs +type=crs
EPSG,9074,NAD83(PACP00),+proj=longlat +ellps=GRS80 +no_defs +type=crs
EPSG,9075,NAD83(PACP00),+proj=longlat +ellps=GRS80 +no_defs +type=crs
EPSG,9130,IGN 2008 LD height,+vunits=m +no_defs +type=crs
EPSG,9138,KOSOVAREF01,+proj=geocent +ellps=GRS80 +units=m +no_defs +type=crs
EPSG,9139,KOSOVAREF01,+proj=longlat +ellps=GRS80 +no_defs +type=crs
EPSG,9140,KOSOVAREF01,+proj=longlat +ellps=GRS80 +no_defs +type=crs
EPSG,9141,KOSOVAREF01 / Balkans zone 7,+proj=tmerc +lat_0=0 +lon_0=21 +k=0.9999 +x_0=7500000 +y_0=0 +ellps=GRS80 +units=m +no_defs +type=crs
EPSG,9146,SIRGAS-Chile 2013,+proj=geocent +ellps=GRS80 +units=m +no_defs +type=crs
EPSG,9147,SIRGAS-Chile 2013,+proj=longlat +ellps=GRS80 +no_defs +type=crs
EPSG,9148,SIRGAS-Chile 2013,+proj=longlat +ellps=GRS80 +no_defs +type=crs
EPSG,9149,SIRGAS-Chile 2013 / UTM zone 18S,+proj=utm +zone=18 +south +ellps=GRS80 +units=m +no_defs +type=crs
EPSG,9150,SIRGAS-Chile 2013 / UTM zone 19S,+proj=utm +zone=19 +south +ellps=GRS80 +units=m +no_defs +type=crs
EPSG,9151,SIRGAS-Chile 2016,+proj=geocent +ellps=GRS80 +units=m +no_defs +type=crs
EPSG,9152,SIRGAS-Chile 2016,+proj=longlat +ellps=GRS80 +no_defs +type=crs
EPSG,9153,SIRGAS-Chile 2016,+proj=longlat +ellps=GRS80 +no_defs +type=crs
EPSG,9154,SIRGAS-Chile 2016 / UTM zone 18S,+proj=utm +zone=18 +south +ellps=GRS80 +units=m +no_defs +type=crs
EPSG,9155,SIRGAS-Chile 2016 / UTM zone 19S,+proj=utm +zone=19 +south +ellps=GRS80 +units=m +no_defs +type=crs
EPSG,9156,RSAO13 / UTM zone 32S,+proj=utm +zone=32 +south +ellps=GRS80 +units=m +no_defs +type=crs
EPSG,9157,RSAO13 / UTM zone 33S,+proj=utm +zone=33 +south +ellps=GRS80 +units=m +no_defs +type=crs
EPSG,9158,RSAO13 / UTM zone 34S,+proj=utm +zone=34 +south +ellps=GRS80 +units=m +no_defs +type=crs
EPSG,9159,RSAO13 / TM 12 SE,+proj=tmerc +lat_0=0 +lon_0=12 +k=0.9996 +x_0=500000 +y_0=10000000 +ellps=GRS80 +units=m +no_defs +type=crs
EPSG,9191,WGS 84 / NIWA Albers,+proj=aea +lat_0=-40 +lon_0=175 +lat_1=-30 +lat_2=-50 +x_0=0 +y_0=0 +datum=WGS84 +units=m +no_defs +type=crs
EPSG,9205,VN-2000 / TM-3 103-00,+proj=tmerc +lat_0=0 +lon_0=103 +k=0.9999 +x_0=500000 +y_0=0 +ellps=WGS84 +units=m +no_defs +type=crs
EPSG,9206,VN-2000 / TM-3 104-00,+proj=tmerc +lat_0=0 +lon_0=104 +k=0.9999 +x_0=500000 +y_0=0 +ellps=WGS84 +units=m +no_defs +type=crs
EPSG,9207,VN-2000 / TM-3 104-30,+proj=tmerc +lat_0=0 +lon_0=104.5 +k=0.9999 +x_0=500000 +y_0=0 +ellps=WGS84 +units=m +no_defs +type=crs
EPSG,9208,VN-2000 / TM-3 104-45,+proj=tmerc +lat_0=0 +lon_0=104.75 +k=0.9999 +x_0=500000 +y_0=0 +ellps=WGS84 +units=m +no_defs +type=crs
EPSG,9209,VN-2000 / TM-3 105-30,+proj=tmerc +lat_0=0 +lon_0=105.5 +k=0.9999 +x_0=500000 +y_0=0 +ellps=WGS84 +units=m +no_defs +type=crs
EPSG,9210,VN-2000 / TM-3 105-45,+proj=tmerc +lat_0=0 +lon_0=105.75 +k=0.9999 +x_0=500000 +y_0=0 +ellps=WGS84 +units=m +no_defs +type=crs
EPSG,9211,VN-2000 / TM-3 106-00,+proj=tmerc +lat_0=0 +lon_0=106 +k=0.9999 +x_0=500000 +y_0=0 +ellps=WGS84 +units=m +no_defs +type=crs
EPSG,9212,VN-2000 / TM-3 106-15,+proj=tmerc +lat_0=0 +lon_0=106.25 +k=0.9999 +x_0=500000 +y_0=0 +ellps=WGS84 +units=m +no_defs +type=crs
EPSG,9213,VN-2000 / TM-3 106-30,+proj=tmerc +lat_0=0 +lon_0=106.5 +k=0.9999 +x_0=500000 +y_0=0 +ellps=WGS84 +units=m +no_defs +type=crs
EPSG,9214,VN-2000 / TM-3 107-00,+proj=tmerc +lat_0=0 +lon_0=107 +k=0.9999 +x_0=500000 +y_0=0 +ellps=WGS84 +units=m +no_defs +type=crs
EPSG,9215,VN-2000 / TM-3 107-15,+proj=tmerc +lat_0=0 +lon_0=107.25 +k=0.9999 +x_0=500000 +y_0=0 +ellps=WGS84 +units=m +no_defs +type=crs
EPSG,9216,VN-2000 / TM-3 107-30,+proj=tmerc +lat_0=0 +lon_0=107.5 +k=0.9999 +x_0=500000 +y_0=0 +ellps=WGS84 +units=m +no_defs +type=crs
EPSG,9217,VN-2000 / TM-3 108-15,+proj=tmerc +lat_0=0 +lon_0=108.25 +k=0.9999 +x_0=500000 +y_0=0 +ellps=WGS84 +units=m +no_defs +type=crs
EPSG,9218,VN-2000 / TM-3 108-30,+proj=tmerc +lat_0=0 +lon_0=108.5 +k=0.9999 +x_0=500000 +y_0=0 +ellps=WGS84 +units=m +no_defs +type=crs
EPSG,9221,Hartebeesthoek94 / ZAF BSU Albers 25E,+proj=aea +lat_0=-30 +lon_0=25 +lat_1=-22 +lat_2=-38 +x_0=1400000 +y_0=1300000 +ellps=WGS84 +units=m +no_defs +type=crs
EPSG,9222,Hartebeesthoek94 / ZAF BSU Albers 44E,+proj=aea +lat_0=-42 +lon_0=44 +lat_1=-34 +lat_2=-50 +x_0=1200000 +y_0=1300000 +ellps=WGS84 +units=m +no_defs +type=crs
EPSG,9245,CGVD2013a(2010) height,+vunits=m +no_defs +type=crs
EPSG,9248,Tapi Aike,+proj=longlat +ellps=intl +no_defs +type=crs
EPSG,9249,Tapi Aike / Argentina 1,+proj=tmerc +lat_0=-90 +lon_0=-72 +k=1 +x_0=1500000 +y_0=0 +ellps=intl +units=m +no_defs +type=crs
EPSG,9250,Tapi Aike / Argentina 2,+proj=tmerc +lat_0=-90 +lon_0=-69 +k=1 +x_0=2500000 +y_0=0 +ellps=intl +units=m +no_defs +type=crs
EPSG,9251,MMN,+proj=longlat +ellps=intl +no_defs +type=crs
EPSG,9252,MMN / Argentina 2,+proj=tmerc +lat_0=-90 +lon_0=-69 +k=1 +x_0=2500000 +y_0=0 +ellps=intl +units=m +no_defs +type=crs
EPSG,9253,MMS,+proj=longlat +ellps=intl +no_defs +type=crs
EPSG,9254,MMS / Argentina 2,+proj=tmerc +lat_0=-90 +lon_0=-69 +k=1 +x_0=2500000 +y_0=0 +ellps=intl +units=m +no_defs +type=crs
EPSG,9255,SRVN16 height,+vunits=m +no_defs +type=crs
EPSG,9265,POSGAR 2007 / UTM zone 19S,+proj=utm +zone=19 +south +ellps=WGS84 +units=m +no_defs +type=crs
EPSG,9266,MGI,+proj=geocent +ellps=bessel +units=m +no_defs +type=crs
EPSG,9267,MGI,+proj=longlat +ellps=bessel +no_defs +type=crs
EPSG,9271,MGI / Austria West,+proj=tmerc +lat_0=0 +lon_0=10.3333333333333 +k=1 +x_0=0 +y_0=0 +ellps=bessel +units=m +no_defs +type=crs
EPSG,9272,MGI / Austria Central,+proj=tmerc +lat_0=0 +lon_0=13.3333333333333 +k=1 +x_0=0 +y_0=0 +ellps=bessel +units=m +no_defs +type=crs
EPSG,9273,MGI / Austria East,+proj=tmerc +lat_0=0 +lon_0=16.3333333333333 +k=1 +x_0=0 +y_0=0 +ellps=bessel +units=m +no_defs +type=crs
EPSG,9274,EVRF2000 Austria height,+vunits=m +no_defs +type=crs
EPSG,9279,SA LLD height,+vunits=m +no_defs +type=crs
EPSG,9284,Pampa del Castillo / Argentina 1,+proj=tmerc +lat_0=-90 +lon_0=-72 +k=1 +x_0=1500000 +y_0=0 +ellps=intl +units=m +no_defs +type=crs
EPSG,9285,Pampa del Castillo / Argentina 3,+proj=tmerc +lat_0=-90 +lon_0=-66 +k=1 +x_0=3500000 +y_0=0 +ellps=intl +units=m +no_defs +type=crs
EPSG,9286,ETRS89 + NAP height,+proj=longlat +ellps=GRS80 +vunits=m +no_defs +type=crs
EPSG,9287,LAT NL depth,+vunits=m +no_defs +type=crs
EPSG,9288,MSL NL depth,+vunits=m +no_defs +type=crs
EPSG,9289,ETRS89 + LAT NL depth,+proj=longlat +ellps=GRS80 +vunits=m +no_defs +type=crs
EPSG,9290,ETRS89 + MSL NL depth,+proj=longlat +ellps=GRS80 +vunits=m +no_defs +type=crs
EPSG,9292,ONGD17,+proj=geocent +ellps=GRS80 +units=m +no_defs +type=crs
EPSG,9293,ONGD17,+proj=longlat +ellps=GRS80 +no_defs +type=crs
EPSG,9294,ONGD17,+proj=longlat +ellps=GRS80 +no_defs +type=crs
EPSG,9295,ONGD17 / UTM zone 39N,+proj=utm +zone=39 +ellps=GRS80 +units=m +no_defs +type=crs
EPSG,9296,ONGD17 / UTM zone 40N,+proj=utm +zone=40 +ellps=GRS80 +units=m +no_defs +type=crs
EPSG,9297,ONGD17 / UTM zone 41N,+proj=utm +zone=41 +ellps=GRS80 +units=m +no_defs +type=crs
EPSG,9299,HS2-IRF,+proj=longlat +ellps=GRS80 +no_defs +type=crs
EPSG,9300,HS2 Survey Grid,+proj=tmerc +lat_0=52.3 +lon_0=-1.5 +k=1 +x_0=198873.0046 +y_0=375064.3871 +ellps=GRS80 +units=m +no_defs +type=crs
EPSG,9303,HS2-VRF height,+vunits=m +no_defs +type=crs
EPSG,9306,HS2 Survey Grid + HS2-VRF height,+proj=tmerc +lat_0=52.3 +lon_0=-1.5 +k=1 +x_0=198873.0046 +y_0=375064.3871 +ellps=GRS80 +units=m +vunits=m +no_defs +type=crs
EPSG,9307,ATRF2014,+proj=geocent +ellps=GRS80 +units=m +no_defs +type=crs
EPSG,9308,ATRF2014,+proj=longlat +ellps=GRS80 +no_defs +type=crs
EPSG,9309,ATRF2014,+proj=longlat +ellps=GRS80 +no_defs +type=crs
EPSG,9311,NAD27 / US National Atlas Equal Area,+proj=laea +R_A +lat_0=45 +lon_0=-100 +x_0=0 +y_0=0 +datum=NAD27 +units=m +no_defs +type=crs
EPSG,9331,KSA-GRF17,+proj=geocent +ellps=GRS80 +units=m +no_defs +type=crs
EPSG,9332,KSA-GRF17,+proj=longlat +ellps=GRS80 +no_defs +type=crs
EPSG,9333,KSA-GRF17,+proj=longlat +ellps=GRS80 +no_defs +type=crs
EPSG,9335,KSA-VRF14 height,+vunits=m +no_defs +type=crs
EPSG,9351,NGNC08 height,+vunits=m +no_defs +type=crs
EPSG,9354,WGS 84 / IBCSO Polar Stereographic,+proj=stere +lat_0=-90 +lat_ts=-65 +lon_0=0 +x_0=0 +y_0=0 +datum=WGS84 +units=m +no_defs +type=crs
EPSG,9356,KSA-GRF17 / UTM zone 36N,+proj=utm +zone=36 +ellps=GRS80 +units=m +no_defs +type=crs
EPSG,9357,KSA-GRF17 / UTM zone 37N,+proj=utm +zone=37 +ellps=GRS80 +units=m +no_defs +type=crs
EPSG,9358,KSA-GRF17 / UTM zone 38N,+proj=utm +zone=38 +ellps=GRS80 +units=m +no_defs +type=crs
EPSG,9359,KSA-GRF17 / UTM zone 39N,+proj=utm +zone=39 +ellps=GRS80 +units=m +no_defs +type=crs
EPSG,9360,KSA-GRF17 / UTM zone 40N,+proj=utm +zone=40 +ellps=GRS80 +units=m +no_defs +type=crs
EPSG,9364,TPEN11-IRF,+proj=longlat +ellps=GRS80 +no_defs +type=crs
EPSG,9367,TPEN11 Grid,+proj=tmerc +lat_0=53.5 +lon_0=-2.25 +k=1 +x_0=203252.175 +y_0=407512.765 +ellps=GRS80 +units=m +no_defs +type=crs
EPSG,9368,TPEN11 Grid + ODN height,+proj=tmerc +lat_0=53.5 +lon_0=-2.25 +k=1 +x_0=203252.175 +y_0=407512.765 +ellps=GRS80 +units=m +vunits=m +no_defs +type=crs
EPSG,9372,MML07-IRF,+proj=longlat +ellps=GRS80 +no_defs +type=crs
EPSG,9373,MML07 Grid,+proj=tmerc +lat_0=52.45 +lon_0=-0.85 +k=1 +x_0=49350.157 +y_0=108398.212 +ellps=GRS80 +units=m +no_defs +type=crs
EPSG,9374,MML07 Grid + ODN height,+proj=tmerc +lat_0=52.45 +lon_0=-0.85 +k=1 +x_0=49350.157 +y_0=108398.212 +ellps=GRS80 +units=m +vunits=m +no_defs +type=crs
EPSG,9377,MAGNA-SIRGAS 2018 / Origen-Nacional,+proj=tmerc +lat_0=4 +lon_0=-73 +k=0.9992 +x_0=5000000 +y_0=2000000 +ellps=GRS80 +units=m +no_defs +type=crs
EPSG,9378,IGb14,+proj=geocent +ellps=GRS80 +units=m +no_defs +type=crs
EPSG,9379,IGb14,+proj=longlat +ellps=GRS80 +no_defs +type=crs
EPSG,9380,IGb14,+proj=longlat +ellps=GRS80 +no_defs +type=crs
EPSG,9384,AbInvA96_2020-IRF,+proj=longlat +ellps=GRS80 +no_defs +type=crs
EPSG,9387,AbInvA96_2020 Grid,+proj=tmerc +lat_0=57.4 +lon_0=-3.2 +k=1 +x_0=155828.702 +y_0=115225.707 +ellps=GRS80 +units=m +no_defs +type=crs
EPSG,9388,AbInvA96_2020 Grid + ODN height,+proj=tmerc +lat_0=57.4 +lon_0=-3.2 +k=1 +x_0=155828.702 +y_0=115225.707 +ellps=GRS80 +units=m +vunits=m +no_defs +type=crs
EPSG,9389,EVRF2019 height,+vunits=m +no_defs +type=crs
EPSG,9390,EVRF2019 mean-tide height,+vunits=m +no_defs +type=crs
EPSG,9391,BGS2005 / UTM zone 35N,+proj=utm +zone=35 +ellps=GRS80 +units=m +no_defs +type=crs
EPSG,9392,Mallorca height,+vunits=m +no_defs +type=crs
EPSG,9393,Menorca height,+vunits=m +no_defs +type=crs
EPSG,9394,Ibiza height,+vunits=m +no_defs +type=crs
EPSG,9395,Lanzarote height,+vunits=m +no_defs +type=crs
EPSG,9396,Fuerteventura height,+vunits=m +no_defs +type=crs
EPSG,9397,Gran Canaria height,+vunits=m +no_defs +type=crs
EPSG,9398,Tenerife height,+vunits=m +no_defs +type=crs
EPSG,9399,La Gomera height,+vunits=m +no_defs +type=crs
EPSG,9400,La Palma height,+vunits=m +no_defs +type=crs
EPSG,9401,El Hierro height,+vunits=m +no_defs +type=crs
EPSG,9402,Ceuta 2 height,+vunits=m +no_defs +type=crs
EPSG,9403,PN68,+proj=longlat +ellps=intl +no_defs +type=crs
EPSG,9404,PN68 / UTM zone 27N,+proj=utm +zone=27 +ellps=intl +units=m +no_defs +type=crs
EPSG,9405,PN68 / UTM zone 28N,+proj=utm +zone=28 +ellps=intl +units=m +no_defs +type=crs
EPSG,9406,PN84 / UTM zone 27N,+proj=utm +zone=27 +ellps=intl +units=m +no_defs +type=crs
EPSG,9407,PN84 / UTM zone 28N,+proj=utm +zone=28 +ellps=intl +units=m +no_defs +type=crs
EPSG,9422,ETRS89 + EVRF2019 height,+proj=longlat +ellps=GRS80 +vunits=m +no_defs +type=crs
EPSG,9423,ETRS89 + EVRF2019 mean-tide height,+proj=longlat +ellps=GRS80 +vunits=m +no_defs +type=crs
EPSG,9424,ETRS89 + ODN height,+proj=longlat +ellps=GRS80 +vunits=m +no_defs +type=crs
EPSG,9425,ETRS89 + ODN (Offshore) height,+proj=longlat +ellps=GRS80 +vunits=m +no_defs +type=crs
EPSG,9426,ETRS89 + ODN Orkney height,+proj=longlat +ellps=GRS80 +vunits=m +no_defs +type=crs
EPSG,9427,ETRS89 + Lerwick height,+proj=longlat +ellps=GRS80 +vunits=m +no_defs +type=crs
EPSG,9428,ETRS89 + Stornoway height,+proj=longlat +ellps=GRS80 +vunits=m +no_defs +type=crs
EPSG,9429,ETRS89 + Douglas height,+proj=longlat +ellps=GRS80 +vunits=m +no_defs +type=crs
EPSG,9430,ETRS89 + St. Marys height,+proj=longlat +ellps=GRS80 +vunits=m +no_defs +type=crs
EPSG,9449,ETRS89 + Malin Head height,+proj=longlat +ellps=GRS80 +vunits=m +no_defs +type=crs
EPSG,9450,ETRS89 + Belfast height,+proj=longlat +ellps=GRS80 +vunits=m +no_defs +type=crs
EPSG,9451,BI height,+vunits=m +no_defs +type=crs
EPSG,9452,ETRS89 + BI height,+proj=longlat +ellps=GRS80 +vunits=m +no_defs +type=crs
EPSG,9453,GBK19-IRF,+proj=longlat +ellps=GRS80 +no_defs +type=crs
EPSG,9456,GBK19 Grid,+proj=tmerc +lat_0=55.75 +lon_0=-4.35 +k=1 +x_0=93720.394 +y_0=113870.493 +ellps=GRS80 +units=m +no_defs +type=crs
EPSG,9457,GBK19 Grid + ODN height,+proj=tmerc +lat_0=55.75 +lon_0=-4.35 +k=1 +x_0=93720.394 +y_0=113870.493 +ellps=GRS80 +units=m +vunits=m +no_defs +type=crs
EPSG,9458,AVWS height,+vunits=m +no_defs +type=crs
EPSG,9462,GDA2020 + AVWS height,+proj=longlat +ellps=GRS80 +vunits=m +no_defs +type=crs
EPSG,9463,GDA2020 + AHD height,+proj=longlat +ellps=GRS80 +vunits=m +no_defs +type=crs
EPSG,9464,GDA94 + AHD height,+proj=longlat +ellps=GRS80 +vunits=m +no_defs +type=crs
EPSG,9468,SRGI2013,+proj=geocent +ellps=WGS84 +units=m +no_defs +type=crs
EPSG,9469,SRGI2013,+proj=longlat +ellps=WGS84 +no_defs +type=crs
EPSG,9470,SRGI2013,+proj=longlat +ellps=WGS84 +no_defs +type=crs
EPSG,9471,INAGeoid2020 v1 height,+vunits=m +no_defs +type=crs
EPSG,9473,GDA2020 / Australian Albers,+proj=aea +lat_0=0 +lon_0=132 +lat_1=-18 +lat_2=-36 +x_0=0 +y_0=0 +ellps=GRS80 +units=m +no_defs +type=crs
EPSG,9474,PZ-90.02,+proj=longlat +a=6378136 +rf=298.257839303 +no_defs +type=crs
EPSG,9475,PZ-90.11,+proj=longlat +a=6378136 +rf=298.257839303 +no_defs +type=crs
EPSG,9476,SRGI2013 / UTM zone 46N,+proj=utm +zone=46 +ellps=WGS84 +units=m +no_defs +type=crs
EPSG,9477,SRGI2013 / UTM zone 47N,+proj=utm +zone=47 +ellps=WGS84 +units=m +no_defs +type=crs
EPSG,9478,SRGI2013 / UTM zone 48N,+proj=utm +zone=48 +ellps=WGS84 +units=m +no_defs +type=crs
EPSG,9479,SRGI2013 / UTM zone 49N,+proj=utm +zone=49 +ellps=WGS84 +units=m +no_defs +type=crs
EPSG,9480,SRGI2013 / UTM zone 50N,+proj=utm +zone=50 +ellps=WGS84 +units=m +no_defs +type=crs
EPSG,9481,SRGI2013 / UTM zone 51N,+proj=utm +zone=51 +ellps=WGS84 +units=m +no_defs +type=crs
EPSG,9482,SRGI2013 / UTM zone 52N,+proj=utm +zone=52 +ellps=WGS84 +units=m +no_defs +type=crs
EPSG,9487,SRGI2013 / UTM zone 47S,+proj=utm +zone=47 +south +ellps=WGS84 +units=m +no_defs +type=crs
EPSG,9488,SRGI2013 / UTM zone 48S,+proj=utm +zone=48 +south +ellps=WGS84 +units=m +no_defs +type=crs
EPSG,9489,SRGI2013 / UTM zone 49S,+proj=utm +zone=49 +south +ellps=WGS84 +units=m +no_defs +type=crs
EPSG,9490,SRGI2013 / UTM zone 50S,+proj=utm +zone=50 +south +ellps=WGS84 +units=m +no_defs +type=crs
EPSG,9491,SRGI2013 / UTM zone 51S,+proj=utm +zone=51 +south +ellps=WGS84 +units=m +no_defs +type=crs
EPSG,9492,SRGI2013 / UTM zone 52S,+proj=utm +zone=52 +south +ellps=WGS84 +units=m +no_defs +type=crs
EPSG,9493,SRGI2013 / UTM zone 53S,+proj=utm +zone=53 +south +ellps=WGS84 +units=m +no_defs +type=crs
EPSG,9494,SRGI2013 / UTM zone 54S,+proj=utm +zone=54 +south +ellps=WGS84 +units=m +no_defs +type=crs
EPSG,9498,POSGAR 2007 / CABA 2019,+proj=tmerc +lat_0=-34.6292666666667 +lon_0=-58.4633083333333 +k=1 +x_0=20000 +y_0=70000 +ellps=WGS84 +units=m +no_defs +type=crs
EPSG,9500,ETRS89 + EVRF2000 Austria height,+proj=longlat +ellps=GRS80 +vunits=m +no_defs +type=crs
EPSG,9501,MGI + EVRF2000 Austria height,+proj=longlat +ellps=bessel +vunits=m +no_defs +type=crs
EPSG,9502,CIGD11 + CBVD61 height (ft),+proj=longlat +ellps=GRS80 +vunits=ft +no_defs +type=crs
EPSG,9503,CIGD11 + GCVD54 height (ft),+proj=longlat +ellps=GRS80 +vunits=ft +no_defs +type=crs
EPSG,9504,CIGD11 + LCVD61 height (ft),+proj=longlat +ellps=GRS80 +vunits=ft +no_defs +type=crs
EPSG,9505,ETRS89 + Alicante height,+proj=longlat +ellps=GRS80 +vunits=m +no_defs +type=crs
EPSG,9506,ETRS89 + Ceuta 2 height,+proj=longlat +ellps=GRS80 +vunits=m +no_defs +type=crs
EPSG,9507,ETRS89 + Ibiza height,+proj=longlat +ellps=GRS80 +vunits=m +no_defs +type=crs
EPSG,9508,ETRS89 + Mallorca height,+proj=longlat +ellps=GRS80 +vunits=m +no_defs +type=crs
EPSG,9509,ETRS89 + Menorca height,+proj=longlat +ellps=GRS80 +vunits=m +no_defs +type=crs
EPSG,9510,REGCAN95 + El Hierro height,+proj=longlat +ellps=GRS80 +vunits=m +no_defs +type=crs
EPSG,9511,REGCAN95 + Fuerteventura height,+proj=longlat +ellps=GRS80 +vunits=m +no_defs +type=crs
EPSG,9512,REGCAN95 + Gran Canaria height,+proj=longlat +ellps=GRS80 +vunits=m +no_defs +type=crs
EPSG,9513,REGCAN95 + La Gomera height,+proj=longlat +ellps=GRS80 +vunits=m +no_defs +type=crs
EPSG,9514,REGCAN95 + La Palma height,+proj=longlat +ellps=GRS80 +vunits=m +no_defs +type=crs
EPSG,9515,REGCAN95 + Lanzarote height,+proj=longlat +ellps=GRS80 +vunits=m +no_defs +type=crs
EPSG,9516,REGCAN95 + Tenerife height,+proj=longlat +ellps=GRS80 +vunits=m +no_defs +type=crs
EPSG,9517,SHGD2015 + SHVD2015 height,+proj=longlat +ellps=GRS80 +vunits=m +no_defs +type=crs
EPSG,9518,WGS 84 + EGM2008 height,+proj=longlat +datum=WGS84 +vunits=m +no_defs +type=crs
EPSG,9519,FEH2010 + FCSVR10 height,+proj=longlat +ellps=GRS80 +vunits=m +no_defs +type=crs
EPSG,9520,KSA-GRF17 + KSA-VRF14 height,+proj=longlat +ellps=GRS80 +vunits=m +no_defs +type=crs
EPSG,9521,POSGAR 2007 + SRVN16 height,+proj=longlat +ellps=WGS84 +vunits=m +no_defs +type=crs
EPSG,9522,NAD83(2011) + PRVD02 height,+proj=longlat +ellps=GRS80 +vunits=m +no_defs +type=crs
EPSG,9523,NAD83(2011) + VIVD09 height,+proj=longlat +ellps=GRS80 +vunits=m +no_defs +type=crs
EPSG,9524,NAD83(MA11) + GUVD04 height,+proj=longlat +ellps=GRS80 +vunits=m +no_defs +type=crs
EPSG,9525,NAD83(MA11) + NMVD03 height,+proj=longlat +ellps=GRS80 +vunits=m +no_defs +type=crs
EPSG,9526,NAD83(PA11) + ASVD02 height,+proj=longlat +ellps=GRS80 +vunits=m +no_defs +type=crs
EPSG,9527,NZGD2000 + NZVD2009 height,+proj=longlat +ellps=GRS80 +vunits=m +no_defs +type=crs
EPSG,9528,NZGD2000 + NZVD2016 height,+proj=longlat +ellps=GRS80 +vunits=m +no_defs +type=crs
EPSG,9529,SRGI2013 + INAGeoid2020 v1 height,+proj=longlat +ellps=WGS84 +vunits=m +no_defs +type=crs
EPSG,9530,RGFG95 + NGG1977 height,+proj=longlat +ellps=GRS80 +vunits=m +no_defs +type=crs
EPSG,9531,RGAF09 + Guadeloupe 1988 height,+proj=longlat +ellps=GRS80 +vunits=m +no_defs +type=crs
EPSG,9532,RGAF09 + IGN 1988 LS height,+proj=longlat +ellps=GRS80 +vunits=m +no_defs +type=crs
EPSG,9533,RGAF09 + IGN 1988 MG height,+proj=longlat +ellps=GRS80 +vunits=m +no_defs +type=crs
EPSG,9534,RGAF09 + IGN 1988 SB height,+proj=longlat +ellps=GRS80 +vunits=m +no_defs +type=crs
EPSG,9535,RGAF09 + IGN 1988 SM height,+proj=longlat +ellps=GRS80 +vunits=m +no_defs +type=crs
EPSG,9536,RGAF09 + IGN 2008 LD height,+proj=longlat +ellps=GRS80 +vunits=m +no_defs +type=crs
EPSG,9537,RGAF09 + Martinique 1987 height,+proj=longlat +ellps=GRS80 +vunits=m +no_defs +type=crs
EPSG,9538,RGF93 v2 + NGF-IGN69 height,+proj=longlat +ellps=GRS80 +vunits=m +no_defs +type=crs
EPSG,9539,RGF93 v2 + NGF-IGN78 height,+proj=longlat +ellps=GRS80 +vunits=m +no_defs +type=crs
EPSG,9540,RGNC91-93 + NGNC08 height,+proj=longlat +ellps=GRS80 +vunits=m +no_defs +type=crs
EPSG,9541,RGSPM06 + Danger 1950 height,+proj=longlat +ellps=GRS80 +vunits=m +no_defs +type=crs
EPSG,9542,RRAF 1991 + IGN 2008 LD height,+proj=longlat +ellps=GRS80 +vunits=m +no_defs +type=crs
EPSG,9543,ITRF2005 + SA LLD height,+proj=longlat +ellps=GRS80 +vunits=m +no_defs +type=crs
EPSG,9544,NAD83(CSRS)v6 + CGVD2013a(2010) height,+proj=longlat +ellps=GRS80 +vunits=m +no_defs +type=crs
EPSG,9545,LTF2004(G),+proj=geocent +ellps=GRS80 +units=m +no_defs +type=crs
EPSG,9546,LTF2004(G),+proj=longlat +ellps=GRS80 +no_defs +type=crs
EPSG,9547,LTF2004(G),+proj=longlat +ellps=GRS80 +no_defs +type=crs
EPSG,9549,LTF2004(C),+proj=lcc +lat_1=44.3791666666667 +k_0=1 +lat_0=45.1833333333333 +lon_0=6.81666666666667 +x_0=150000 +y_0=50000 +ellps=GRS80 +units=m +no_defs +type=crs
EPSG,9650,Baltic 1986 height,+vunits=m +no_defs +type=crs
EPSG,9651,EVRF2007-PL height,+vunits=m +no_defs +type=crs
EPSG,9656,ETRF2000-PL + Baltic 1986 height,+proj=longlat +ellps=GRS80 +vunits=m +no_defs +type=crs
EPSG,9657,ETRF2000-PL + EVRF2007-PL height,+proj=longlat +ellps=GRS80 +vunits=m +no_defs +type=crs
EPSG,9663,EH2000 height,+vunits=m +no_defs +type=crs
EPSG,9666,LAS07 height,+vunits=m +no_defs +type=crs
EPSG,9669,BGS2005 height,+vunits=m +no_defs +type=crs
EPSG,9672,CD Norway depth,+vunits=m +no_defs +type=crs
EPSG,9674,NAD83 / USFS R6 Albers,+proj=aea +lat_0=34 +lon_0=-120 +lat_1=43 +lat_2=48 +x_0=600000 +y_0=0 +datum=NAD83 +units=m +no_defs +type=crs
EPSG,9675,Pago Pago 2020 height,+vunits=m +no_defs +type=crs
EPSG,9678,Gulshan 303 / Bangladesh Transverse Mercator,+proj=tmerc +lat_0=0 +lon_0=90 +k=0.9996 +x_0=500000 +y_0=-2000000 +ellps=evrst30 +units=m +no_defs +type=crs
EPSG,9680,WGS 84 / TM 90 NE,+proj=tmerc +lat_0=0 +lon_0=90 +k=0.9996 +x_0=500000 +y_0=0 +datum=WGS84 +units=m +no_defs +type=crs
EPSG,9681,NVD 1992 height,+vunits=m +no_defs +type=crs
EPSG,9694,REDGEOMIN,+proj=geocent +ellps=GRS80 +units=m +no_defs +type=crs
EPSG,9695,REDGEOMIN,+proj=longlat +ellps=GRS80 +no_defs +type=crs
EPSG,9696,REDGEOMIN,+proj=longlat +ellps=GRS80 +no_defs +type=crs
EPSG,9697,REDGEOMIN / UTM zone 12S,+proj=utm +zone=12 +south +ellps=GRS80 +units=m +no_defs +type=crs
EPSG,9698,REDGEOMIN / UTM zone 18S,+proj=utm +zone=18 +south +ellps=GRS80 +units=m +no_defs +type=crs
EPSG,9699,REDGEOMIN / UTM zone 19S,+proj=utm +zone=19 +south +ellps=GRS80 +units=m +no_defs +type=crs
EPSG,9700,ETRF2000-PL,+proj=geocent +ellps=GRS80 +units=m +no_defs +type=crs
EPSG,9701,ETRF2000-PL,+proj=longlat +ellps=GRS80 +no_defs +type=crs
EPSG,9702,ETRF2000-PL,+proj=longlat +ellps=GRS80 +no_defs +type=crs
EPSG,9705,WGS 84 + MSL height,+proj=longlat +datum=WGS84 +vunits=m +no_defs +type=crs
EPSG,9707,WGS 84 + EGM96 height,+proj=longlat +datum=WGS84 +vunits=m +no_defs +type=crs
EPSG,9709,NAD83(CSRS) / UTM zone 23N,+proj=utm +zone=23 +ellps=GRS80 +units=m +no_defs +type=crs
EPSG,9711,NAD83(CSRS) / UTM zone 23N + CGVD2013 height,+proj=utm +zone=23 +ellps=GRS80 +units=m +vunits=m +no_defs +type=crs
EPSG,9712,NAD83 / UTM zone 24N,+proj=utm +zone=24 +datum=NAD83 +units=m +no_defs +type=crs
EPSG,9713,NAD83(CSRS) / UTM zone 24N,+proj=utm +zone=24 +ellps=GRS80 +units=m +no_defs +type=crs
EPSG,9714,NAD83(CSRS) / UTM zone 24N + CGVD2013 height,+proj=utm +zone=24 +ellps=GRS80 +units=m +vunits=m +no_defs +type=crs
EPSG,9715,NAD83(CSRS) / UTM zone 15N + CGVD2013a(2010) height,+proj=utm +zone=15 +ellps=GRS80 +units=m +vunits=m +no_defs +type=crs
EPSG,9716,IGM95 / UTM zone 34N,+proj=utm +zone=34 +ellps=GRS80 +units=m +no_defs +type=crs
EPSG,9721,Catania 1965 height,+vunits=m +no_defs +type=crs
EPSG,9722,Cagliari 1956 height,+vunits=m +no_defs +type=crs
EPSG,9723,ETRS89 + Genoa 1942 height,+proj=longlat +ellps=GRS80 +vunits=m +no_defs +type=crs
EPSG,9724,ETRS89 + Catania 1965 height,+proj=longlat +ellps=GRS80 +vunits=m +no_defs +type=crs
EPSG,9725,ETRS89 + Cagliari 1956 height,+proj=longlat +ellps=GRS80 +vunits=m +no_defs +type=crs
EPSG,9739,EOS21-IRF,+proj=longlat +ellps=GRS80 +no_defs +type=crs
EPSG,9741,EOS21 Grid,+proj=tmerc +lat_0=56.35 +lon_0=-2.75 +k=1 +x_0=74996.927 +y_0=133508.35 +ellps=GRS80 +units=m +no_defs +type=crs
EPSG,9742,EOS21 Grid + ODN height,+proj=tmerc +lat_0=56.35 +lon_0=-2.75 +k=1 +x_0=74996.927 +y_0=133508.35 +ellps=GRS80 +units=m +vunits=m +no_defs +type=crs
EPSG,9748,NAD83(2011) / Alabama East (ftUS),+proj=tmerc +lat_0=30.5 +lon_0=-85.8333333333333 +k=0.99996 +x_0=200000.0001016 +y_0=0 +ellps=GRS80 +units=us-ft +no_defs +type=crs
EPSG,9749,NAD83(2011) / Alabama West (ftUS),+proj=tmerc +lat_0=30 +lon_0=-87.5 +k=0.999933333 +x_0=600000 +y_0=0 +ellps=GRS80 +units=us-ft +no_defs +type=crs
EPSG,9753,WGS 84 (G2139),+proj=geocent +ellps=WGS84 +units=m +no_defs +type=crs
EPSG,9754,WGS 84 (G2139),+proj=longlat +ellps=WGS84 +no_defs +type=crs
EPSG,9755,WGS 84 (G2139),+proj=longlat +ellps=WGS84 +no_defs +type=crs
EPSG,9758,ECML14_NB-IRF,+proj=longlat +ellps=GRS80 +no_defs +type=crs
EPSG,9761,ECML14_NB Grid,+proj=tmerc +lat_0=55.05 +lon_0=-1.55 +k=1 +x_0=112242.8512 +y_0=402313.7432 +ellps=GRS80 +units=m +no_defs +type=crs
EPSG,9762,ECML14_NB Grid + ODN height,+proj=tmerc +lat_0=55.05 +lon_0=-1.55 +k=1 +x_0=112242.8512 +y_0=402313.7432 +ellps=GRS80 +units=m +vunits=m +no_defs +type=crs
EPSG,9763,EWR2-IRF,+proj=longlat +ellps=GRS80 +no_defs +type=crs
EPSG,9766,EWR2 Grid,+proj=tmerc +lat_0=51.95 +lon_0=-0.9 +k=1 +x_0=192519.9715 +y_0=146942.6806 +ellps=GRS80 +units=m +no_defs +type=crs
EPSG,9767,EWR2 Grid + ODN height,+proj=tmerc +lat_0=51.95 +lon_0=-0.9 +k=1 +x_0=192519.9715 +y_0=146942.6806 +ellps=GRS80 +units=m +vunits=m +no_defs +type=crs
EPSG,9775,RGF93 v2,+proj=geocent +ellps=GRS80 +units=m +no_defs +type=crs
EPSG,9776,RGF93 v2,+proj=longlat +ellps=GRS80 +no_defs +type=crs
EPSG,9777,RGF93 v2,+proj=longlat +ellps=GRS80 +no_defs +type=crs
EPSG,9778,RGF93 v2 (lon-lat),+proj=longlat +ellps=GRS80 +no_defs +type=crs
EPSG,9779,RGF93 v2 (lon-lat),+proj=longlat +ellps=GRS80 +no_defs +type=crs
EPSG,9780,RGF93 v2b,+proj=geocent +ellps=GRS80 +units=m +no_defs +type=crs
EPSG,9781,RGF93 v2b,+proj=longlat +ellps=GRS80 +no_defs +type=crs
EPSG,9782,RGF93 v2b,+proj=longlat +ellps=GRS80 +no_defs +type=crs
EPSG,9783,RGF93 v2b (lon-lat),+proj=longlat +ellps=GRS80 +no_defs +type=crs
EPSG,9784,RGF93 v2b (lon-lat),+proj=longlat +ellps=GRS80 +no_defs +type=crs
EPSG,9785,RGF93 v2b + NGF-IGN69 height,+proj=longlat +ellps=GRS80 +vunits=m +no_defs +type=crs
EPSG,9793,RGF93 v2 / Lambert-93,+proj=lcc +lat_0=46.5 +lon_0=3 +lat_1=49 +lat_2=44 +x_0=700000 +y_0=6600000 +ellps=GRS80 +units=m +no_defs +type=crs
EPSG,9794,RGF93 v2b / Lambert-93,+proj=lcc +lat_0=46.5 +lon_0=3 +lat_1=49 +lat_2=44 +x_0=700000 +y_0=6600000 +ellps=GRS80 +units=m +no_defs +type=crs
EPSG,9821,UCS-2000 / LCS-32 Kyiv region,+proj=tmerc +lat_0=0 +lon_0=30.5 +k=1 +x_0=300000 +y_0=0 +ellps=krass +units=m +no_defs +type=crs
EPSG,9822,RGF93 v2 / CC42,+proj=lcc +lat_0=42 +lon_0=3 +lat_1=41.25 +lat_2=42.75 +x_0=1700000 +y_0=1200000 +ellps=GRS80 +units=m +no_defs +type=crs
EPSG,9823,RGF93 v2 / CC43,+proj=lcc +lat_0=43 +lon_0=3 +lat_1=42.25 +lat_2=43.75 +x_0=1700000 +y_0=2200000 +ellps=GRS80 +units=m +no_defs +type=crs
EPSG,9824,RGF93 v2 / CC44,+proj=lcc +lat_0=44 +lon_0=3 +lat_1=43.25 +lat_2=44.75 +x_0=1700000 +y_0=3200000 +ellps=GRS80 +units=m +no_defs +type=crs
EPSG,9825,RGF93 v2 / CC45,+proj=lcc +lat_0=45 +lon_0=3 +lat_1=44.25 +lat_2=45.75 +x_0=1700000 +y_0=4200000 +ellps=GRS80 +units=m +no_defs +type=crs
EPSG,9826,RGF93 v2 / CC46,+proj=lcc +lat_0=46 +lon_0=3 +lat_1=45.25 +lat_2=46.75 +x_0=1700000 +y_0=5200000 +ellps=GRS80 +units=m +no_defs +type=crs
EPSG,9827,RGF93 v2 / CC47,+proj=lcc +lat_0=47 +lon_0=3 +lat_1=46.25 +lat_2=47.75 +x_0=1700000 +y_0=6200000 +ellps=GRS80 +units=m +no_defs +type=crs
EPSG,9828,RGF93 v2 / CC48,+proj=lcc +lat_0=48 +lon_0=3 +lat_1=47.25 +lat_2=48.75 +x_0=1700000 +y_0=7200000 +ellps=GRS80 +units=m +no_defs +type=crs
EPSG,9829,RGF93 v2 / CC49,+proj=lcc +lat_0=49 +lon_0=3 +lat_1=48.25 +lat_2=49.75 +x_0=1700000 +y_0=8200000 +ellps=GRS80 +units=m +no_defs +type=crs
EPSG,9830,RGF93 v2 / CC50,+proj=lcc +lat_0=50 +lon_0=3 +lat_1=49.25 +lat_2=50.75 +x_0=1700000 +y_0=9200000 +ellps=GRS80 +units=m +no_defs +type=crs
EPSG,9831,UCS-2000 / LCS-01 Crimea,+proj=tmerc +lat_0=0 +lon_0=34.5 +k=1 +x_0=300000 +y_0=0 +ellps=krass +units=m +no_defs +type=crs
EPSG,9832,UCS-2000 / LCS-05 Vinnytsia,+proj=tmerc +lat_0=0 +lon_0=28.6666666666667 +k=1 +x_0=300000 +y_0=0 +ellps=krass +units=m +no_defs +type=crs
EPSG,9833,UCS-2000 / LCS-07 Volyn,+proj=tmerc +lat_0=0 +lon_0=24.8333333333333 +k=1 +x_0=300000 +y_0=0 +ellps=krass +units=m +no_defs +type=crs
EPSG,9834,UCS-2000 / LCS-12 Dnipropetrovsk,+proj=tmerc +lat_0=0 +lon_0=35 +k=1 +x_0=300000 +y_0=0 +ellps=krass +units=m +no_defs +type=crs
EPSG,9835,UCS-2000 / LCS-14 Donetsk,+proj=tmerc +lat_0=0 +lon_0=37.5 +k=1 +x_0=300000 +y_0=0 +ellps=krass +units=m +no_defs +type=crs
EPSG,9836,UCS-2000 / LCS-18 Zhytomyr,+proj=tmerc +lat_0=0 +lon_0=28.5 +k=1 +x_0=300000 +y_0=0 +ellps=krass +units=m +no_defs +type=crs
EPSG,9837,UCS-2000 / LCS-21 Zakarpattia,+proj=tmerc +lat_0=0 +lon_0=23.5 +k=1 +x_0=300000 +y_0=0 +ellps=krass +units=m +no_defs +type=crs
EPSG,9838,UCS-2000 / LCS-23 Zaporizhzhia,+proj=tmerc +lat_0=0 +lon_0=36 +k=1 +x_0=300000 +y_0=0 +ellps=krass +units=m +no_defs +type=crs
EPSG,9839,UCS-2000 / LCS-26 Ivano-Frankivsk,+proj=tmerc +lat_0=0 +lon_0=24.75 +k=1 +x_0=300000 +y_0=0 +ellps=krass +units=m +no_defs +type=crs
EPSG,9840,UCS-2000 / LCS-35 Kirovohrad,+proj=tmerc +lat_0=0 +lon_0=32 +k=1 +x_0=300000 +y_0=0 +ellps=krass +units=m +no_defs +type=crs
EPSG,9841,UCS-2000 / LCS-44 Luhansk,+proj=tmerc +lat_0=0 +lon_0=39 +k=1 +x_0=300000 +y_0=0 +ellps=krass +units=m +no_defs +type=crs
EPSG,9842,RGF93 v2b / CC42,+proj=lcc +lat_0=42 +lon_0=3 +lat_1=41.25 +lat_2=42.75 +x_0=1700000 +y_0=1200000 +ellps=GRS80 +units=m +no_defs +type=crs
EPSG,9843,RGF93 v2b / CC43,+proj=lcc +lat_0=43 +lon_0=3 +lat_1=42.25 +lat_2=43.75 +x_0=1700000 +y_0=2200000 +ellps=GRS80 +units=m +no_defs +type=crs
EPSG,9844,RGF93 v2b / CC44,+proj=lcc +lat_0=44 +lon_0=3 +lat_1=43.25 +lat_2=44.75 +x_0=1700000 +y_0=3200000 +ellps=GRS80 +units=m +no_defs +type=crs
EPSG,9845,RGF93 v2b / CC45,+proj=lcc +lat_0=45 +lon_0=3 +lat_1=44.25 +lat_2=45.75 +x_0=1700000 +y_0=4200000 +ellps=GRS80 +units=m +no_defs +type=crs
EPSG,9846,RGF93 v2b / CC46,+proj=lcc +lat_0=46 +lon_0=3 +lat_1=45.25 +lat_2=46.75 +x_0=1700000 +y_0=5200000 +ellps=GRS80 +units=m +no_defs +type=crs
EPSG,9847,RGF93 v2b / CC47,+proj=lcc +lat_0=47 +lon_0=3 +lat_1=46.25 +lat_2=47.75 +x_0=1700000 +y_0=6200000 +ellps=GRS80 +units=m +no_defs +type=crs
EPSG,9848,RGF93 v2b / CC48,+proj=lcc +lat_0=48 +lon_0=3 +lat_1=47.25 +lat_2=48.75 +x_0=1700000 +y_0=7200000 +ellps=GRS80 +units=m +no_defs +type=crs
EPSG,9849,RGF93 v2b / CC49,+proj=lcc +lat_0=49 +lon_0=3 +lat_1=48.25 +lat_2=49.75 +x_0=1700000 +y_0=8200000 +ellps=GRS80 +units=m +no_defs +type=crs
EPSG,9850,RGF93 v2b / CC50,+proj=lcc +lat_0=50 +lon_0=3 +lat_1=49.25 +lat_2=50.75 +x_0=1700000 +y_0=9200000 +ellps=GRS80 +units=m +no_defs +type=crs
EPSG,9851,UCS-2000 / LCS-46 Lviv,+proj=tmerc +lat_0=0 +lon_0=24 +k=1 +x_0=300000 +y_0=0 +ellps=krass +units=m +no_defs +type=crs
EPSG,9852,UCS-2000 / LCS-48 Mykolaiv,+proj=tmerc +lat_0=0 +lon_0=31.8333333333333 +k=1 +x_0=300000 +y_0=0 +ellps=krass +units=m +no_defs +type=crs
EPSG,9853,UCS-2000 / LCS-51 Odessa,+proj=tmerc +lat_0=0 +lon_0=30 +k=1 +x_0=300000 +y_0=0 +ellps=krass +units=m +no_defs +type=crs
EPSG,9854,UCS-2000 / LCS-53 Poltava,+proj=tmerc +lat_0=0 +lon_0=33.8333333333333 +k=1 +x_0=300000 +y_0=0 +ellps=krass +units=m +no_defs +type=crs
EPSG,9855,UCS-2000 / LCS-56 Rivne,+proj=tmerc +lat_0=0 +lon_0=27 +k=1 +x_0=300000 +y_0=0 +ellps=krass +units=m +no_defs +type=crs
EPSG,9856,UCS-2000 / LCS-59 Sumy,+proj=tmerc +lat_0=0 +lon_0=34.5 +k=1 +x_0=300000 +y_0=0 +ellps=krass +units=m +no_defs +type=crs
EPSG,9857,UCS-2000 / LCS-61 Ternopil,+proj=tmerc +lat_0=0 +lon_0=25.5 +k=1 +x_0=300000 +y_0=0 +ellps=krass +units=m +no_defs +type=crs
EPSG,9858,UCS-2000 / LCS-63 Kharkiv,+proj=tmerc +lat_0=0 +lon_0=36.5 +k=1 +x_0=300000 +y_0=0 +ellps=krass +units=m +no_defs +type=crs
EPSG,9859,UCS-2000 / LCS-65 Kherson,+proj=tmerc +lat_0=0 +lon_0=33.5 +k=1 +x_0=300000 +y_0=0 +ellps=krass +units=m +no_defs +type=crs
EPSG,9860,UCS-2000 / LCS-68 Khmelnytsky,+proj=tmerc +lat_0=0 +lon_0=27 +k=1 +x_0=300000 +y_0=0 +ellps=krass +units=m +no_defs +type=crs
EPSG,9861,UCS-2000 / LCS-71 Cherkasy,+proj=tmerc +lat_0=0 +lon_0=31.5 +k=1 +x_0=300000 +y_0=0 +ellps=krass +units=m +no_defs +type=crs
EPSG,9862,UCS-2000 / LCS-73 Chernivtsi,+proj=tmerc +lat_0=0 +lon_0=26 +k=1 +x_0=300000 +y_0=0 +ellps=krass +units=m +no_defs +type=crs
EPSG,9863,UCS-2000 / LCS-74 Chernihiv,+proj=tmerc +lat_0=0 +lon_0=32 +k=1 +x_0=300000 +y_0=0 +ellps=krass +units=m +no_defs +type=crs
EPSG,9864,UCS-2000 / LCS-80 Kyiv city,+proj=tmerc +lat_0=0 +lon_0=30.5 +k=1 +x_0=300000 +y_0=0 +ellps=krass +units=m +no_defs +type=crs
EPSG,9865,UCS-2000 / LCS-85 Sevastopol,+proj=tmerc +lat_0=0 +lon_0=33 +k=1 +x_0=300000 +y_0=0 +ellps=krass +units=m +no_defs +type=crs
EPSG,9866,MRH21-IRF,+proj=longlat +ellps=GRS80 +no_defs +type=crs
EPSG,9869,MRH21 Grid,+proj=tmerc +lat_0=52.3 +lon_0=-1.8 +k=1 +x_0=227286.9881 +y_0=265751.2874 +ellps=GRS80 +units=m +no_defs +type=crs
EPSG,9870,MRH21 Grid + ODN height,+proj=tmerc +lat_0=52.3 +lon_0=-1.8 +k=1 +x_0=227286.9881 +y_0=265751.2874 +ellps=GRS80 +units=m +vunits=m +no_defs +type=crs
EPSG,9871,MOLDOR11-IRF,+proj=longlat +ellps=GRS80 +no_defs +type=crs
EPSG,9874,PNG94 / PNGMG94 zone 57,+proj=utm +zone=57 +south +ellps=GRS80 +units=m +no_defs +type=crs
EPSG,9875,PNG94 / PNGMG94 zone 58,+proj=utm +zone=58 +south +ellps=GRS80 +units=m +no_defs +type=crs
EPSG,9880,MOLDOR11 Grid,+proj=tmerc +lat_0=53.35 +lon_0=-1.9 +k=1 +x_0=226574.2032 +y_0=390894.838 +ellps=GRS80 +units=m +no_defs +type=crs
EPSG,9881,MOLDOR11 Grid + ODN height,+proj=tmerc +lat_0=53.35 +lon_0=-1.9 +k=1 +x_0=226574.2032 +y_0=390894.838 +ellps=GRS80 +units=m +vunits=m +no_defs +type=crs
EPSG,9883,ETRS89 + CD Norway depth,+proj=longlat +ellps=GRS80 +vunits=m +no_defs +type=crs
EPSG,9892,LUREF,+proj=geocent +ellps=intl +units=m +no_defs +type=crs
EPSG,9893,LUREF,+proj=longlat +ellps=intl +no_defs +type=crs
EPSG,9895,LUREF / Luxembourg TM (3D),+proj=tmerc +lat_0=49.8333333333333 +lon_0=6.16666666666667 +k=1 +x_0=80000 +y_0=100000 +ellps=intl +units=m +no_defs +type=crs
EPSG,9897,LUREF / Luxembourg TM + NG95 height,+proj=tmerc +lat_0=49.8333333333333 +lon_0=6.16666666666667 +k=1 +x_0=80000 +y_0=100000 +ellps=intl +units=m +vunits=m +no_defs +type=crs
EPSG,9907,ETRS89 + Ostend height,+proj=longlat +ellps=GRS80 +vunits=m +no_defs +type=crs
EPSG,9920,OSGB36 / British National Grid + BI height,+proj=tmerc +lat_0=49 +lon_0=-2 +k=0.9996012717 +x_0=400000 +y_0=-100000 +ellps=airy +units=m +vunits=m +no_defs +type=crs
EPSG,9922,ETRS89 / ITM + BI height,+proj=tmerc +lat_0=53.5 +lon_0=-8 +k=0.99982 +x_0=600000 +y_0=750000 +ellps=GRS80 +units=m +vunits=m +no_defs +type=crs
EPSG,9923,GNTRANS height,+vunits=m +no_defs +type=crs
EPSG,9924,ETRS89 + DHHN2016 height,+proj=longlat +ellps=GRS80 +vunits=m +no_defs +type=crs
EPSG,9927,GNTRANS2016 height,+vunits=m +no_defs +type=crs
EPSG,9928,DB_REF2003 zone 2,+proj=tmerc +lat_0=0 +lon_0=6 +k=1 +x_0=2500000 +y_0=0 +ellps=bessel +units=m +vunits=m +no_defs +type=crs
EPSG,9929,DB_REF2003 zone 3,+proj=tmerc +lat_0=0 +lon_0=9 +k=1 +x_0=3500000 +y_0=0 +ellps=bessel +units=m +vunits=m +no_defs +type=crs
EPSG,9930,DB_REF2003 zone 4,+proj=tmerc +lat_0=0 +lon_0=12 +k=1 +x_0=4500000 +y_0=0 +ellps=bessel +units=m +vunits=m +no_defs +type=crs
EPSG,9931,DB_REF2003 zone 5,+proj=tmerc +lat_0=0 +lon_0=15 +k=1 +x_0=5500000 +y_0=0 +ellps=bessel +units=m +vunits=m +no_defs +type=crs
EPSG,9932,DB_REF2016 zone 2,+proj=tmerc +lat_0=0 +lon_0=6 +k=1 +x_0=2500000 +y_0=0 +ellps=bessel +units=m +vunits=m +no_defs +type=crs
EPSG,9933,DB_REF2016 zone 3,+proj=tmerc +lat_0=0 +lon_0=9 +k=1 +x_0=3500000 +y_0=0 +ellps=bessel +units=m +vunits=m +no_defs +type=crs
EPSG,9934,DB_REF2016 zone 4,+proj=tmerc +lat_0=0 +lon_0=12 +k=1 +x_0=4500000 +y_0=0 +ellps=bessel +units=m +vunits=m +no_defs +type=crs
EPSG,9935,DB_REF2016 zone 5,+proj=tmerc +lat_0=0 +lon_0=15 +k=1 +x_0=5500000 +y_0=0 +ellps=bessel +units=m +vunits=m +no_defs +type=crs
EPSG,9939,EBBWV14-IRF,+proj=longlat +ellps=GRS80 +no_defs +type=crs
EPSG,9943,EBBWV14 Grid,+proj=tmerc +lat_0=51.75 +lon_0=-3.1 +k=1 +x_0=106702.326 +y_0=119968.1395 +ellps=GRS80 +units=m +no_defs +type=crs
EPSG,9944,EBBWV14 Grid + ODN height,+proj=tmerc +lat_0=51.75 +lon_0=-3.1 +k=1 +x_0=106702.326 +y_0=119968.1395 +ellps=GRS80 +units=m +vunits=m +no_defs +type=crs
EPSG,9945,Macedonia State Coordinate System truncated,+proj=tmerc +lat_0=0 +lon_0=21 +k=0.9999 +x_0=500000 +y_0=-4000000 +ellps=bessel +units=m +no_defs +type=crs
EPSG,9947,ISN2004 / LAEA Iceland,+proj=laea +lat_0=65 +lon_0=-19 +x_0=1700000 +y_0=1300000 +ellps=GRS80 +units=m +no_defs +type=crs
EPSG,9948,ISN93 + ISH2004 height,+proj=longlat +ellps=GRS80 +vunits=m +no_defs +type=crs
EPSG,9949,ISN2004 + ISH2004 height,+proj=longlat +ellps=GRS80 +vunits=m +no_defs +type=crs
EPSG,9950,ISN2016 + ISH2004 height,+proj=longlat +ellps=GRS80 +vunits=m +no_defs +type=crs
EPSG,9951,ISN93 / Lambert 1993 + ISH2004 height,+proj=lcc +lat_0=65 +lon_0=-19 +lat_1=64.25 +lat_2=65.75 +x_0=500000 +y_0=500000 +ellps=GRS80 +units=m +vunits=m +no_defs +type=crs
EPSG,9952,ISN2004 / Lambert 2004 + ISH2004 height,+proj=lcc +lat_0=65 +lon_0=-19 +lat_1=64.25 +lat_2=65.75 +x_0=1700000 +y_0=300000 +ellps=GRS80 +units=m +vunits=m +no_defs +type=crs
EPSG,9953,ISN2016 / Lambert 2016 + ISH2004 height,+proj=lcc +lat_0=65 +lon_0=-19 +lat_1=64.25 +lat_2=65.75 +x_0=2700000 +y_0=300000 +ellps=GRS80 +units=m +vunits=m +no_defs +type=crs
EPSG,9964,HULLEE13-IRF,+proj=longlat +ellps=GRS80 +no_defs +type=crs
EPSG,9967,HULLEE13 Grid,+proj=tmerc +lat_0=53.75 +lon_0=-0.95 +k=1 +x_0=140859.7394 +y_0=247512.2812 +ellps=GRS80 +units=m +no_defs +type=crs
EPSG,9968,HULLEE13 Grid + ODN height,+proj=tmerc +lat_0=53.75 +lon_0=-0.95 +k=1 +x_0=140859.7394 +y_0=247512.2812 +ellps=GRS80 +units=m +vunits=m +no_defs +type=crs
EPSG,9969,SCM22-IRF,+proj=longlat +ellps=GRS80 +no_defs +type=crs
EPSG,9972,SCM22 Grid,+proj=tmerc +lat_0=56.6 +lon_0=-3.85 +k=1 +x_0=108600.972 +y_0=239087.349 +ellps=GRS80 +units=m +no_defs +type=crs
EPSG,9973,SCM22 Grid + ODN height,+proj=tmerc +lat_0=56.6 +lon_0=-3.85 +k=1 +x_0=108600.972 +y_0=239087.349 +ellps=GRS80 +units=m +vunits=m +no_defs +type=crs
EPSG,9974,FNL22-IRF,+proj=longlat +ellps=GRS80 +no_defs +type=crs
EPSG,9977,FNL22 Grid,+proj=tmerc +lat_0=58 +lon_0=-3.8 +k=1 +x_0=139618.9493 +y_0=183110.794 +ellps=GRS80 +units=m +no_defs +type=crs
EPSG,9978,FNL22 Grid + ODN height,+proj=tmerc +lat_0=58 +lon_0=-3.8 +k=1 +x_0=139618.9493 +y_0=183110.794 +ellps=GRS80 +units=m +vunits=m +no_defs +type=crs
EPSG,9988,ITRF2020,+proj=geocent +ellps=GRS80 +units=m +no_defs +type=crs
EPSG,9989,ITRF2020,+proj=longlat +ellps=GRS80 +no_defs +type=crs
EPSG,9990,ITRF2020,+proj=longlat +ellps=GRS80 +no_defs +type=crs
EPSG,10150,MSL UK & Ireland VORF08 depth,+vunits=m +no_defs +type=crs
EPSG,10151,CD UK & Ireland VORF08 depth,+vunits=m +no_defs +type=crs
EPSG,10156,ETRS89 + MSL UK & Ireland VORF08 depth,+proj=longlat +ellps=GRS80 +vunits=m +no_defs +type=crs
EPSG,10157,ETRS89 + CD UK & Ireland VORF08 depth,+proj=longlat +ellps=GRS80 +vunits=m +no_defs +type=crs
EPSG,10158,S34J-IRF,+proj=longlat +ellps=intl +no_defs +type=crs
EPSG,10160,S34J reconstruction east-orientated,+proj=tmerc +lat_0=0 +lon_0=10.37 +k=1 +x_0=-210327 +y_0=-6034310 +ellps=intl +units=m +no_defs +type=crs
EPSG,10162,JGD2011 / Japan Plane Rectangular CS I + JGD2011 (vertical) height,+proj=tmerc +lat_0=33 +lon_0=129.5 +k=0.9999 +x_0=0 +y_0=0 +ellps=GRS80 +units=m +vunits=m +no_defs +type=crs
EPSG,10163,JGD2011 / Japan Plane Rectangular CS II + JGD2011 (vertical) height,+proj=tmerc +lat_0=33 +lon_0=131 +k=0.9999 +x_0=0 +y_0=0 +ellps=GRS80 +units=m +vunits=m +no_defs +type=crs
EPSG,10164,JGD2011 / Japan Plane Rectangular CS III + JGD2011 (vertical) height,+proj=tmerc +lat_0=36 +lon_0=132.166666666667 +k=0.9999 +x_0=0 +y_0=0 +ellps=GRS80 +units=m +vunits=m +no_defs +type=crs
EPSG,10165,JGD2011 / Japan Plane Rectangular CS IV + JGD2011 (vertical) height,+proj=tmerc +lat_0=33 +lon_0=133.5 +k=0.9999 +x_0=0 +y_0=0 +ellps=GRS80 +units=m +vunits=m +no_defs +type=crs
EPSG,10166,JGD2011 / Japan Plane Rectangular CS V + JGD2011 (vertical) height,+proj=tmerc +lat_0=36 +lon_0=134.333333333333 +k=0.9999 +x_0=0 +y_0=0 +ellps=GRS80 +units=m +vunits=m +no_defs +type=crs
EPSG,10167,JGD2011 / Japan Plane Rectangular CS VI + JGD2011 (vertical) height,+proj=tmerc +lat_0=36 +lon_0=136 +k=0.9999 +x_0=0 +y_0=0 +ellps=GRS80 +units=m +vunits=m +no_defs +type=crs
EPSG,10168,JGD2011 / Japan Plane Rectangular CS VII + JGD2011 (vertical) height,+proj=tmerc +lat_0=36 +lon_0=137.166666666667 +k=0.9999 +x_0=0 +y_0=0 +ellps=GRS80 +units=m +vunits=m +no_defs +type=crs
EPSG,10169,JGD2011 / Japan Plane Rectangular CS VIII + JGD2011 (vertical) height,+proj=tmerc +lat_0=36 +lon_0=138.5 +k=0.9999 +x_0=0 +y_0=0 +ellps=GRS80 +units=m +vunits=m +no_defs +type=crs
EPSG,10170,JGD2011 / Japan Plane Rectangular CS IX + JGD2011 (vertical) height,+proj=tmerc +lat_0=36 +lon_0=139.833333333333 +k=0.9999 +x_0=0 +y_0=0 +ellps=GRS80 +units=m +vunits=m +no_defs +type=crs
EPSG,10171,JGD2011 / Japan Plane Rectangular CS X + JGD2011 (vertical) height,+proj=tmerc +lat_0=40 +lon_0=140.833333333333 +k=0.9999 +x_0=0 +y_0=0 +ellps=GRS80 +units=m +vunits=m +no_defs +type=crs
EPSG,10172,JGD2011 / Japan Plane Rectangular CS XI + JGD2011 (vertical) height,+proj=tmerc +lat_0=44 +lon_0=140.25 +k=0.9999 +x_0=0 +y_0=0 +ellps=GRS80 +units=m +vunits=m +no_defs +type=crs
EPSG,10173,JGD2011 / Japan Plane Rectangular CS XII + JGD2011 (vertical) height,+proj=tmerc +lat_0=44 +lon_0=142.25 +k=0.9999 +x_0=0 +y_0=0 +ellps=GRS80 +units=m +vunits=m +no_defs +type=crs
EPSG,10174,JGD2011 / Japan Plane Rectangular CS XIII + JGD2011 (vertical) height,+proj=tmerc +lat_0=44 +lon_0=144.25 +k=0.9999 +x_0=0 +y_0=0 +ellps=GRS80 +units=m +vunits=m +no_defs +type=crs
EPSG,10175,DoPw22-IRF,+proj=longlat +ellps=GRS80 +no_defs +type=crs
EPSG,10176,IGS20,+proj=geocent +ellps=GRS80 +units=m +no_defs +type=crs
EPSG,10177,IGS20,+proj=longlat +ellps=GRS80 +no_defs +type=crs
EPSG,10178,IGS20,+proj=longlat +ellps=GRS80 +no_defs +type=crs
EPSG,10183,DoPw22 Grid,+proj=tmerc +lat_0=52.7 +lon_0=-4.15 +k=1 +x_0=64859.6557 +y_0=122266.5277 +ellps=GRS80 +units=m +no_defs +type=crs
EPSG,10184,DoPw22 Grid + ODN height,+proj=tmerc +lat_0=52.7 +lon_0=-4.15 +k=1 +x_0=64859.6557 +y_0=122266.5277 +ellps=GRS80 +units=m +vunits=m +no_defs +type=crs
EPSG,10185,ShAb07-IRF,+proj=longlat +ellps=GRS80 +no_defs +type=crs
EPSG,10188,ShAb07 Grid,+proj=tmerc +lat_0=52.6 +lon_0=-3.35 +k=1 +x_0=56023.5377 +y_0=24567.6764 +ellps=GRS80 +units=m +no_defs +type=crs
EPSG,10189,ShAb07 Grid + ODN height,+proj=tmerc +lat_0=52.6 +lon_0=-3.35 +k=1 +x_0=56023.5377 +y_0=24567.6764 +ellps=GRS80 +units=m +vunits=m +no_defs +type=crs
EPSG,10190,NGA 2022 height,+vunits=m +no_defs +type=crs
EPSG,10191,CNH22-IRF,+proj=longlat +ellps=GRS80 +no_defs +type=crs
EPSG,10194,CNH22 Grid,+proj=lcc +lat_0=53.25 +lon_0=-3.5 +lat_1=53.1 +lat_2=53.4 +x_0=212548.8756 +y_0=495230.9254 +ellps=GRS80 +units=m +no_defs +type=crs
EPSG,10195,CNH22 Grid + ODN height,+proj=lcc +lat_0=53.25 +lon_0=-3.5 +lat_1=53.1 +lat_2=53.4 +x_0=212548.8756 +y_0=495230.9254 +ellps=GRS80 +units=m +vunits=m +no_defs +type=crs
EPSG,10196,CWS13-IRF,+proj=longlat +ellps=GRS80 +no_defs +type=crs
EPSG,10199,CWS13 Grid,+proj=tmerc +lat_0=52.4 +lon_0=-2.9 +k=1 +x_0=199668.0926 +y_0=89354.3229 +ellps=GRS80 +units=m +no_defs +type=crs
EPSG,10200,CWS13 Grid + ODN height,+proj=tmerc +lat_0=52.4 +lon_0=-2.9 +k=1 +x_0=199668.0926 +y_0=89354.3229 +ellps=GRS80 +units=m +vunits=m +no_defs +type=crs
EPSG,10204,DIBA15-IRF,+proj=longlat +ellps=GRS80 +no_defs +type=crs
EPSG,10207,DIBA15 Grid,+proj=tmerc +lat_0=51.85 +lon_0=-1.3 +k=1 +x_0=511622.854 +y_0=324737.4633 +ellps=GRS80 +units=m +no_defs +type=crs
EPSG,10208,DIBA15 Grid + ODN height,+proj=tmerc +lat_0=51.85 +lon_0=-1.3 +k=1 +x_0=511622.854 +y_0=324737.4633 +ellps=GRS80 +units=m +vunits=m +no_defs +type=crs
EPSG,10209,GWPBS22-IRF,+proj=longlat +ellps=GRS80 +no_defs +type=crs
EPSG,10212,GWPBS22 Grid,+proj=lcc +lat_0=51.65 +lon_0=-2.65 +lat_1=51.4 +lat_2=51.9 +x_0=168854.016 +y_0=193447.117 +ellps=GRS80 +units=m +no_defs +type=crs
EPSG,10213,GWPBS22 Grid + ODN height,+proj=lcc +lat_0=51.65 +lon_0=-2.65 +lat_1=51.4 +lat_2=51.9 +x_0=168854.016 +y_0=193447.117 +ellps=GRS80 +units=m +vunits=m +no_defs +type=crs
EPSG,10214,GWWAB22-IRF,+proj=longlat +ellps=GRS80 +no_defs +type=crs
EPSG,10217,GWWAB22 Grid,+proj=lcc +lat_0=51.65 +lon_0=-2.65 +lat_1=51.4 +lat_2=51.9 +x_0=168854.016 +y_0=193447.117 +ellps=GRS80 +units=m +no_defs +type=crs
EPSG,10218,GWWAB22 Grid + ODN height,+proj=lcc +lat_0=51.65 +lon_0=-2.65 +lat_1=51.4 +lat_2=51.9 +x_0=168854.016 +y_0=193447.117 +ellps=GRS80 +units=m +vunits=m +no_defs +type=crs
EPSG,10219,GWWWA22-IRF,+proj=longlat +ellps=GRS80 +no_defs +type=crs
EPSG,10222,GWWWA22 Grid,+proj=lcc +lat_0=51.65 +lon_0=-2.65 +lat_1=51.4 +lat_2=51.9 +x_0=168854.016 +y_0=193447.117 +ellps=GRS80 +units=m +no_defs +type=crs
EPSG,10223,GWWWA22 Grid + ODN height,+proj=lcc +lat_0=51.65 +lon_0=-2.65 +lat_1=51.4 +lat_2=51.9 +x_0=168854.016 +y_0=193447.117 +ellps=GRS80 +units=m +vunits=m +no_defs +type=crs
EPSG,10224,MALS09-IRF,+proj=longlat +ellps=GRS80 +no_defs +type=crs
EPSG,10227,MALS09 Grid,+proj=tmerc +lat_0=52.2 +lon_0=-1.15 +k=1 +x_0=175262.1809 +y_0=174688.2508 +ellps=GRS80 +units=m +no_defs +type=crs
EPSG,10228,MALS09 Grid + ODN height,+proj=tmerc +lat_0=52.2 +lon_0=-1.15 +k=1 +x_0=175262.1809 +y_0=174688.2508 +ellps=GRS80 +units=m +vunits=m +no_defs +type=crs
EPSG,10229,OxWo08-IRF,+proj=longlat +ellps=GRS80 +no_defs +type=crs
EPSG,10235,OxWo08 Grid,+proj=tmerc +lat_0=51.95 +lon_0=-1.7 +k=1 +x_0=134791.6965 +y_0=121872.5056 +ellps=GRS80 +units=m +no_defs +type=crs
EPSG,10236,OxWo08 Grid + ODN height,+proj=tmerc +lat_0=51.95 +lon_0=-1.7 +k=1 +x_0=134791.6965 +y_0=121872.5056 +ellps=GRS80 +units=m +vunits=m +no_defs +type=crs
EPSG,10237,SYC20-IRF,+proj=longlat +ellps=GRS80 +no_defs +type=crs
EPSG,10240,SYC20 Grid,+proj=tmerc +lat_0=52.9 +lon_0=-2.6 +k=1 +x_0=110094.4312 +y_0=120623.8396 +ellps=GRS80 +units=m +no_defs +type=crs
EPSG,10241,SYC20 Grid + ODN height,+proj=tmerc +lat_0=52.9 +lon_0=-2.6 +k=1 +x_0=110094.4312 +y_0=120623.8396 +ellps=GRS80 +units=m +vunits=m +no_defs +type=crs
EPSG,10245,Slovenia 1996 + SVS2010 height,+proj=longlat +ellps=GRS80 +vunits=m +no_defs +type=crs
EPSG,10246,Slovenia 1996 / Slovene National Grid + SVS2010 height,+proj=tmerc +lat_0=0 +lon_0=15 +k=0.9999 +x_0=500000 +y_0=-5000000 +ellps=GRS80 +units=m +vunits=m +no_defs +type=crs
EPSG,10249,S34S-IRF,+proj=longlat +ellps=intl +no_defs +type=crs
EPSG,10250,S34S reconstruction east-orientated,+proj=tmerc +lat_0=0 +lon_0=10.37 +k=1 +x_0=-210327 +y_0=-6034310 +ellps=intl +units=m +no_defs +type=crs
EPSG,10252,S45B-IRF,+proj=longlat +ellps=intl +no_defs +type=crs
EPSG,10254,S45B reconstruction east-orientated,+proj=tmerc +lat_0=55.11171 +lon_0=14.88927 +k=1 +x_0=-50000 +y_0=50000 +ellps=intl +units=m +no_defs +type=crs
EPSG,10256,GS-IRF,+proj=longlat +a=6377019.27 +rf=300 +no_defs +type=crs
EPSG,10258,GS reconstruction east-orientated,+proj=lcc +lat_1=56 +k_0=1 +lat_0=55 +lon_0=10.37775 +x_0=0 +y_0=0 +a=6377019.27 +rf=300 +units=m +no_defs +type=crs
EPSG,10260,GSB-IRF,+proj=longlat +a=6377019.27 +rf=300 +no_defs +type=crs
EPSG,10262,GSB reconstruction east-orientated,+proj=lcc +lat_1=56 +k_0=1 +lat_0=55 +lon_0=14.92775 +x_0=-18831.46 +y_0=5614.621 +a=6377019.27 +rf=300 +units=m +no_defs +type=crs
EPSG,10265,KK-IRF,+proj=longlat +a=6377019.27 +rf=300 +no_defs +type=crs
EPSG,10266,KK reconstruction east-orientated,+proj=lcc +lat_1=56 +k_0=1 +lat_0=55 +lon_0=10.37775 +x_0=0 +y_0=0 +a=6377019.27 +rf=300 +units=m +no_defs +type=crs
EPSG,10268,Ostenfeld-IRF,+proj=longlat +ellps=bessel +no_defs +type=crs
EPSG,10270,Ostenfeld reconstruction,+proj=tmerc +lat_0=54.4685 +lon_0=9.233 +k=1 +x_0=0 +y_0=0 +ellps=bessel +units=m +no_defs +type=crs
EPSG,10272,SMITB20-IRF,+proj=longlat +ellps=GRS80 +no_defs +type=crs
EPSG,10275,SMITB20 Grid,+proj=tmerc +lat_0=50.75 +lon_0=-3.85 +k=1 +x_0=110693.666 +y_0=102089.2943 +ellps=GRS80 +units=m +no_defs +type=crs
EPSG,10276,SMITB20 Grid + ODN height,+proj=tmerc +lat_0=50.75 +lon_0=-3.85 +k=1 +x_0=110693.666 +y_0=102089.2943 +ellps=GRS80 +units=m +vunits=m +no_defs +type=crs
EPSG,10277,RBEPP12-IRF,+proj=longlat +ellps=GRS80 +no_defs +type=crs
EPSG,10280,RBEPP12 Grid,+proj=lcc +lat_0=50.85 +lon_0=-3.25 +lat_1=50.3 +lat_2=51.45 +x_0=372382.8292 +y_0=217764.7796 +ellps=GRS80 +units=m +no_defs +type=crs
EPSG,10281,RBEPP12 Grid + ODN height,+proj=lcc +lat_0=50.85 +lon_0=-3.25 +lat_1=50.3 +lat_2=51.45 +x_0=372382.8292 +y_0=217764.7796 +ellps=GRS80 +units=m +vunits=m +no_defs +type=crs
EPSG,10282,ETRS89/DREF91/2016,+proj=geocent +ellps=GRS80 +units=m +no_defs +type=crs
EPSG,10283,ETRS89/DREF91/2016,+proj=longlat +ellps=GRS80 +no_defs +type=crs
EPSG,10284,ETRS89/DREF91/2016,+proj=longlat +ellps=GRS80 +no_defs +type=crs
EPSG,10285,ETRS89/DREF91/2016 / 3-degree Gauss-Kruger zone 3,+proj=tmerc +lat_0=0 +lon_0=9 +k=1 +x_0=3500000 +y_0=0 +ellps=GRS80 +units=m +no_defs +type=crs
EPSG,10286,ETRS89/DREF91/2016 / UTM zone 31N (N-zE),+proj=tmerc +lat_0=0 +lon_0=3 +k=0.9996 +x_0=31500000 +y_0=0 +ellps=GRS80 +units=m +no_defs +type=crs
EPSG,10287,ETRS89/DREF91/2016 / UTM zone 31N (zE-N),+proj=tmerc +lat_0=0 +lon_0=3 +k=0.9996 +x_0=31500000 +y_0=0 +ellps=GRS80 +units=m +no_defs +type=crs
EPSG,10288,ETRS89/DREF91/2016 / UTM zone 32N (N-zE),+proj=tmerc +lat_0=0 +lon_0=9 +k=0.9996 +x_0=32500000 +y_0=0 +ellps=GRS80 +units=m +no_defs +type=crs
EPSG,10289,ETRS89/DREF91/2016 / UTM zone 32N (zE-N),+proj=tmerc +lat_0=0 +lon_0=9 +k=0.9996 +x_0=32500000 +y_0=0 +ellps=GRS80 +units=m +no_defs +type=crs
EPSG,10290,ETRS89/DREF91/2016 / UTM zone 33N (N-zE),+proj=tmerc +lat_0=0 +lon_0=15 +k=0.9996 +x_0=33500000 +y_0=0 +ellps=GRS80 +units=m +no_defs +type=crs
EPSG,10291,ETRS89/DREF91/2016 / UTM zone 33N (zE-N),+proj=tmerc +lat_0=0 +lon_0=15 +k=0.9996 +x_0=33500000 +y_0=0 +ellps=GRS80 +units=m +no_defs +type=crs
EPSG,10293,ETRS89/DREF91/2016 + DHHN2016 height,+proj=longlat +ellps=GRS80 +vunits=m +no_defs +type=crs
EPSG,10297,RGSH2020,+proj=geocent +ellps=GRS80 +units=m +no_defs +type=crs
EPSG,10298,RGSH2020,+proj=longlat +ellps=GRS80 +no_defs +type=crs
EPSG,10299,RGSH2020,+proj=longlat +ellps=GRS80 +no_defs +type=crs
EPSG,10300,RGNC91-93 (lon-lat),+proj=longlat +ellps=GRS80 +no_defs +type=crs
EPSG,10303,LKS-2020,+proj=geocent +ellps=GRS80 +units=m +no_defs +type=crs
EPSG,10304,LKS-2020,+proj=longlat +ellps=GRS80 +no_defs +type=crs
EPSG,10305,LKS-2020,+proj=longlat +ellps=GRS80 +no_defs +type=crs
EPSG,10306,LKS-2020 / Latvia TM,+proj=tmerc +lat_0=0 +lon_0=24 +k=0.9996 +x_0=500000 +y_0=-6000000 +ellps=GRS80 +units=m +no_defs +type=crs
EPSG,10307,RGNC91-93 (lon-lat),+proj=longlat +ellps=GRS80 +no_defs +type=crs
EPSG,10308,RGNC15,+proj=geocent +ellps=GRS80 +units=m +no_defs +type=crs
EPSG,10309,RGNC15,+proj=longlat +ellps=GRS80 +no_defs +type=crs
EPSG,10310,RGNC15,+proj=longlat +ellps=GRS80 +no_defs +type=crs
EPSG,10311,RGNC15 (lon-lat),+proj=longlat +ellps=GRS80 +no_defs +type=crs
EPSG,10312,RGNC15 (lon-lat),+proj=longlat +ellps=GRS80 +no_defs +type=crs
EPSG,10314,RGNC15 / Lambert New Caledonia 2015,+proj=lcc +lat_0=-21.5 +lon_0=166 +lat_1=-20.6666666666667 +lat_2=-22.3333333333333 +x_0=2400000 +y_0=2300000 +ellps=GRS80 +units=m +no_defs +type=crs
EPSG,10315,RGNC15 / UTM zone 57S,+proj=utm +zone=57 +south +ellps=GRS80 +units=m +no_defs +type=crs
EPSG,10316,RGNC15 / UTM zone 58S,+proj=utm +zone=58 +south +ellps=GRS80 +units=m +no_defs +type=crs
EPSG,10317,RGNC15 / UTM zone 59S,+proj=utm +zone=59 +south +ellps=GRS80 +units=m +no_defs +type=crs
EPSG,10318,RGNC15 (lon-lat) + NGNC08 height,+proj=longlat +ellps=GRS80 +vunits=m +no_defs +type=crs
EPSG,10326,BH_ETRS89,+proj=geocent +ellps=GRS80 +units=m +no_defs +type=crs
EPSG,10327,BH_ETRS89,+proj=longlat +ellps=GRS80 +no_defs +type=crs
EPSG,10328,BH_ETRS89,+proj=longlat +ellps=GRS80 +no_defs +type=crs
EPSG,10329,BH_ETRS89 / TM,+proj=tmerc +lat_0=0 +lon_0=18 +k=0.9999 +x_0=500000 +y_0=0 +ellps=GRS80 +units=m +no_defs +type=crs
EPSG,10345,Hughes 1980,+proj=longlat +a=6378273 +b=6356889.449 +no_defs +type=crs
EPSG,10346,NSIDC Authalic Sphere,+proj=longlat +R=6371228 +no_defs +type=crs
EPSG,10349,ZH Portugal depth,+vunits=m +no_defs +type=crs
EPSG,10352,Formentera height,+vunits=m +no_defs +type=crs
EPSG,10353,Alboran height,+vunits=m +no_defs +type=crs
EPSG,10354,Melilla height,+vunits=m +no_defs +type=crs
EPSG,10355,ETRS89 + Formentera height,+proj=longlat +ellps=GRS80 +vunits=m +no_defs +type=crs
EPSG,10356,ETRS89 + Alboran height,+proj=longlat +ellps=GRS80 +vunits=m +no_defs +type=crs
EPSG,10357,ETRS89 + Melilla height,+proj=longlat +ellps=GRS80 +vunits=m +no_defs +type=crs
EPSG,10364,Cascais depth,+vunits=m +no_defs +type=crs
EPSG,10365,KGD2002 + KVD1964 height,+proj=longlat +ellps=GRS80 +vunits=m +no_defs +type=crs
EPSG,10370,Cais da Pontinha depth,+vunits=m +no_defs +type=crs
EPSG,10371,Cais da Vila depth,+vunits=m +no_defs +type=crs
EPSG,10372,Santa Cruz das Flores depth,+vunits=m +no_defs +type=crs
EPSG,10373,Horta depth,+vunits=m +no_defs +type=crs
EPSG,10374,Cais da Madalena depth,+vunits=m +no_defs +type=crs
EPSG,10375,Cais das Velas depth,+vunits=m +no_defs +type=crs
EPSG,10376,Santa Cruz da Graciosa depth,+vunits=m +no_defs +type=crs
EPSG,10377,Cais da Figueirinha depth,+vunits=m +no_defs +type=crs
EPSG,10378,Ponta Delgada depth,+vunits=m +no_defs +type=crs
EPSG,10379,Cais da Vila do Porto depth,+vunits=m +no_defs +type=crs
EPSG,10412,NAD83(CSRS)v8,+proj=geocent +ellps=GRS80 +units=m +no_defs +type=crs
EPSG,10413,NAD83(CSRS)v8,+proj=longlat +ellps=GRS80 +no_defs +type=crs
EPSG,10414,NAD83(CSRS)v8,+proj=longlat +ellps=GRS80 +no_defs +type=crs
EPSG,10448,GDA94 / ALB94,+proj=tmerc +lat_0=0 +lon_0=117.883333333333 +k=1.0000044 +x_0=50000 +y_0=4000000 +ellps=GRS80 +units=m +no_defs +type=crs
EPSG,10449,GDA94 / BIO94,+proj=tmerc +lat_0=0 +lon_0=115.25 +k=1.0000022 +x_0=60000 +y_0=2600000 +ellps=GRS80 +units=m +no_defs +type=crs
EPSG,10450,GDA94 / BRO94,+proj=tmerc +lat_0=0 +lon_0=122.333333333333 +k=1.00000298 +x_0=50000 +y_0=2200000 +ellps=GRS80 +units=m +no_defs +type=crs
EPSG,10451,GDA94 / BCG94,+proj=tmerc +lat_0=0 +lon_0=115.433333333333 +k=0.99999592 +x_0=50000 +y_0=3900000 +ellps=GRS80 +units=m +no_defs +type=crs
EPSG,10452,GDA94 / CARN94,+proj=tmerc +lat_0=0 +lon_0=113.666666666667 +k=0.99999796 +x_0=50000 +y_0=2950000 +ellps=GRS80 +units=m +no_defs +type=crs
EPSG,10453,GDA94 / COL94,+proj=tmerc +lat_0=0 +lon_0=115.933333333333 +k=1.000019 +x_0=40000 +y_0=4000000 +ellps=GRS80 +units=m +no_defs +type=crs
EPSG,10454,GDA94 / ESP94,+proj=tmerc +lat_0=0 +lon_0=121.883333333333 +k=1.0000055 +x_0=50000 +y_0=3950000 +ellps=GRS80 +units=m +no_defs +type=crs
EPSG,10455,GDA94 / EXM94,+proj=tmerc +lat_0=0 +lon_0=114.066666666667 +k=1.00000236 +x_0=50000 +y_0=2650000 +ellps=GRS80 +units=m +no_defs +type=crs
EPSG,10456,GDA94 / GCG94,+proj=tmerc +lat_0=0 +lon_0=114.583333333333 +k=1.00000628 +x_0=50000 +y_0=3350000 +ellps=GRS80 +units=m +no_defs +type=crs
EPSG,10457,GDA94 / GOLD94,+proj=tmerc +lat_0=0 +lon_0=121.5 +k=1.00004949 +x_0=60000 +y_0=3700000 +ellps=GRS80 +units=m +no_defs +type=crs
EPSG,10458,GDA94 / JCG94,+proj=tmerc +lat_0=0 +lon_0=114.983333333333 +k=1.00000314 +x_0=50000 +y_0=3550000 +ellps=GRS80 +units=m +no_defs +type=crs
EPSG,10459,GDA94 / KALB94,+proj=tmerc +lat_0=0 +lon_0=114.315277777778 +k=1.000014 +x_0=55000 +y_0=3600000 +ellps=GRS80 +units=m +no_defs +type=crs
EPSG,10460,GDA94 / KAR94,+proj=tmerc +lat_0=0 +lon_0=116.933333333333 +k=0.9999989 +x_0=50000 +y_0=2450000 +ellps=GRS80 +units=m +no_defs +type=crs
EPSG,10461,GDA94 / KUN94,+proj=tmerc +lat_0=0 +lon_0=128.75 +k=1.0000165 +x_0=50000 +y_0=2000000 +ellps=GRS80 +units=m +no_defs +type=crs
EPSG,10462,GDA94 / LCG94,+proj=tmerc +lat_0=0 +lon_0=115.366666666667 +k=1.00000157 +x_0=50000 +y_0=3650000 +ellps=GRS80 +units=m +no_defs +type=crs
EPSG,10463,GDA94 / MRCG94,+proj=tmerc +lat_0=0 +lon_0=115.166666666667 +k=1.0000055 +x_0=50000 +y_0=3950000 +ellps=GRS80 +units=m +no_defs +type=crs
EPSG,10464,GDA94 / PCG94,+proj=tmerc +lat_0=0 +lon_0=115.816666666667 +k=0.99999906 +x_0=50000 +y_0=3800000 +ellps=GRS80 +units=m +no_defs +type=crs
EPSG,10465,GDA94 / PHG94,+proj=tmerc +lat_0=0 +lon_0=118.6 +k=1.00000135 +x_0=50000 +y_0=2400000 +ellps=GRS80 +units=m +no_defs +type=crs
EPSG,10468,COV23-IRF,+proj=longlat +ellps=GRS80 +no_defs +type=crs
EPSG,10471,COV23 Grid,+proj=tmerc +lat_0=52.4 +lon_0=-1.55 +k=1 +x_0=116887.9989 +y_0=102194.9369 +ellps=GRS80 +units=m +no_defs +type=crs
EPSG,10472,COV23 Grid + ODN height,+proj=tmerc +lat_0=52.4 +lon_0=-1.55 +k=1 +x_0=116887.9989 +y_0=102194.9369 +ellps=GRS80 +units=m +vunits=m +no_defs +type=crs
EPSG,10473,BBT2000,+proj=geocent +ellps=WGS84 +units=m +no_defs +type=crs
EPSG,10474,BBT2000,+proj=longlat +ellps=WGS84 +no_defs +type=crs
EPSG,10475,BBT2000,+proj=longlat +ellps=WGS84 +no_defs +type=crs
EPSG,10477,BBT2000 / BBT-TM,+proj=tmerc +lat_0=46.9807763055556 +lon_0=11.52849375 +k=1.000121 +x_0=20000 +y_0=100000 +ellps=WGS84 +units=m +no_defs +type=crs
EPSG,10481,NAD83 / TWDB GM,+proj=aea +lat_0=31.25 +lon_0=-100 +lat_1=27.5 +lat_2=35 +x_0=1500000 +y_0=6000000 +datum=NAD83 +units=us-ft +no_defs +type=crs
EPSG,10482,DVR90(2000) height,+vunits=m +no_defs +type=crs
EPSG,10483,DVR90(2002) height,+vunits=m +no_defs +type=crs
EPSG,10484,DVR90(2013) height,+vunits=m +no_defs +type=crs
EPSG,10485,DVR90(2023) height,+vunits=m +no_defs +type=crs
EPSG,10486,ETRS89 + DVR90(2002) height,+proj=longlat +ellps=GRS80 +vunits=m +no_defs +type=crs
EPSG,10487,ETRS89 + DVR90(2013) height,+proj=longlat +ellps=GRS80 +vunits=m +no_defs +type=crs
EPSG,10488,ETRS89 + DVR90(2023) height,+proj=longlat +ellps=GRS80 +vunits=m +no_defs +type=crs
EPSG,10497,RGF93 v2 / Lambert-93 + NGF-IGN69 height,+proj=lcc +lat_0=46.5 +lon_0=3 +lat_1=49 +lat_2=44 +x_0=700000 +y_0=6600000 +ellps=GRS80 +units=m +vunits=m +no_defs +type=crs
EPSG,10498,RGF93 v2 / Lambert-93 + NGF-IGN78 height,+proj=lcc +lat_0=46.5 +lon_0=3 +lat_1=49 +lat_2=44 +x_0=700000 +y_0=6600000 +ellps=GRS80 +units=m +vunits=m +no_defs +type=crs
EPSG,10499,RGF93 v2b / Lambert-93 + NGF-IGN69 height,+proj=lcc +lat_0=46.5 +lon_0=3 +lat_1=49 +lat_2=44 +x_0=700000 +y_0=6600000 +ellps=GRS80 +units=m +vunits=m +no_defs +type=crs
EPSG,10500,RGF93 v2b / Lambert-93 + NGF-IGN78 height,+proj=lcc +lat_0=46.5 +lon_0=3 +lat_1=49 +lat_2=44 +x_0=700000 +y_0=6600000 +ellps=GRS80 +units=m +vunits=m +no_defs +type=crs
EPSG,10507,RGF93 v2b + NGF-IGN78 height,+proj=longlat +ellps=GRS80 +vunits=m +no_defs +type=crs
EPSG,10516,NAD83(2011) / Adjusted Jackson (ftUS),+proj=tmerc +lat_0=44.2533353222222 +lon_0=-90.8442965138889 +k=1.0000353 +x_0=27000 +y_0=24999.9998983998 +ellps=GRS80 +units=us-ft +no_defs +type=crs
EPSG,10545,ETRS89 + Cascais height,+proj=longlat +ellps=GRS80 +vunits=m +no_defs +type=crs
EPSG,10547,DKMSL(2022) depth,+vunits=m +no_defs +type=crs
EPSG,10548,DKLAT(2022) depth,+vunits=m +no_defs +type=crs
EPSG,10549,DKMSL(2023) depth,+vunits=m +no_defs +type=crs
EPSG,10550,DKLAT(2023) depth,+vunits=m +no_defs +type=crs
EPSG,10551,DKMSL depth ,+vunits=m +no_defs +type=crs
EPSG,10552,DKLAT depth,+vunits=m +no_defs +type=crs
EPSG,10553,ETRS89 + DKMSL(2022) depth,+proj=longlat +ellps=GRS80 +vunits=m +no_defs +type=crs
EPSG,10554,ETRS89 + DKLAT(2022) depth,+proj=longlat +ellps=GRS80 +vunits=m +no_defs +type=crs
EPSG,10555,ETRS89 + DKMSL(2023) depth,+proj=longlat +ellps=GRS80 +vunits=m +no_defs +type=crs
EPSG,10556,ETRS89 + DKLAT(2023) depth,+proj=longlat +ellps=GRS80 +vunits=m +no_defs +type=crs
EPSG,10565,GLLMSL(2022) height,+vunits=m +no_defs +type=crs
EPSG,10569,ETRF2020,+proj=geocent +ellps=GRS80 +units=m +no_defs +type=crs
EPSG,10570,ETRF2020,+proj=longlat +ellps=GRS80 +no_defs +type=crs
EPSG,10571,ETRF2020,+proj=longlat +ellps=GRS80 +no_defs +type=crs
EPSG,10588,CGVD28(HTv2.0) height,+vunits=m +no_defs +type=crs
EPSG,10592,WGS 84 / GLANCE Africa,+proj=laea +lat_0=5 +lon_0=20 +x_0=0 +y_0=0 +datum=WGS84 +units=m +no_defs +type=crs
EPSG,10594,WGS 84 / GLANCE Asia,+proj=laea +lat_0=45 +lon_0=100 +x_0=0 +y_0=0 +datum=WGS84 +units=m +no_defs +type=crs
EPSG,10596,WGS 84 / GLANCE Europe,+proj=laea +lat_0=55 +lon_0=20 +x_0=0 +y_0=0 +datum=WGS84 +units=m +no_defs +type=crs
EPSG,10598,WGS 84 / GLANCE North America,+proj=laea +lat_0=50 +lon_0=-100 +x_0=0 +y_0=0 +datum=WGS84 +units=m +no_defs +type=crs
EPSG,10601,WGS 84 / GLANCE Oceania,+proj=laea +lat_0=-15 +lon_0=135 +x_0=0 +y_0=0 +datum=WGS84 +units=m +no_defs +type=crs
EPSG,10603,WGS 84 / GLANCE South America,+proj=laea +lat_0=-15 +lon_0=-60 +x_0=0 +y_0=0 +datum=WGS84 +units=m +no_defs +type=crs
EPSG,10604,WGS 84 (G2296),+proj=geocent +ellps=WGS84 +units=m +no_defs +type=crs
EPSG,10605,WGS 84 (G2296),+proj=longlat +ellps=WGS84 +no_defs +type=crs
EPSG,10606,WGS 84 (G2296),+proj=longlat +ellps=WGS84 +no_defs +type=crs
EPSG,10622,NAD83(2011) / San Francisco SFO-B18 (ftUS),+proj=ortho +lat_0=37.6289686531 +lon_0=-122.3939412704 +alpha=27.7928209333 +k=0.9999968 +x_0=0 +y_0=0 +ellps=GRS80 +units=us-ft +no_defs +type=crs
EPSG,10623,ECML14-IRF,+proj=longlat +ellps=GRS80 +no_defs +type=crs
EPSG,10626,ECML14 Grid,+proj=tmerc +lat_0=53.8 +lon_0=-1.6 +k=1 +x_0=108021.121 +y_0=263196.8721 +ellps=GRS80 +units=m +no_defs +type=crs
EPSG,10627,ECML14 Grid + ODN height,+proj=tmerc +lat_0=53.8 +lon_0=-1.6 +k=1 +x_0=108021.121 +y_0=263196.8721 +ellps=GRS80 +units=m +vunits=m +no_defs +type=crs
EPSG,10628,WC05-IRF,+proj=longlat +ellps=GRS80 +no_defs +type=crs
EPSG,10632,WC05 Grid,+proj=tmerc +lat_0=53.45 +lon_0=-2.15 +k=1 +x_0=209900.2337 +y_0=401958.2494 +ellps=GRS80 +units=m +no_defs +type=crs
EPSG,10633,RGAF09 / UTM zone 20N + Martinique 1987 height,+proj=utm +zone=20 +ellps=GRS80 +units=m +vunits=m +no_defs +type=crs
EPSG,10649,GLMSL(2023) depth,+vunits=m +no_defs +type=crs
EPSG,10650,GLLAT(2023) depth,+vunits=m +no_defs +type=crs
EPSG,10651,GR96 + GLMSL(2023) depth,+proj=longlat +ellps=GRS80 +vunits=m +no_defs +type=crs
EPSG,10652,GR96 + GLLAT(2023) depth,+proj=longlat +ellps=GRS80 +vunits=m +no_defs +type=crs
EPSG,10659,ETRF2000 + EOMA 1980 height,+proj=longlat +ellps=GRS80 +vunits=m +no_defs +type=crs
EPSG,10660,HD72 / EOV + EOMA 1980 height,+proj=somerc +lat_0=47.1443937222222 +lon_0=19.0485717777778 +k_0=0.99993 +x_0=650000 +y_0=200000 +ellps=GRS67 +units=m +vunits=m +no_defs +type=crs
EPSG,10665,SIRGAS 2000 / Porto Alegre TM,+proj=tmerc +lat_0=0 +lon_0=-51 +k=0.999995 +x_0=300000 +y_0=5000000 +ellps=GRS80 +units=m +no_defs +type=crs
EPSG,10669,RGM23,+proj=geocent +ellps=GRS80 +units=m +no_defs +type=crs
EPSG,10670,RGM23,+proj=longlat +ellps=GRS80 +no_defs +type=crs
EPSG,10671,RGM23,+proj=longlat +ellps=GRS80 +no_defs +type=crs
EPSG,10672,RGM23 (lon-lat),+proj=longlat +ellps=GRS80 +no_defs +type=crs
EPSG,10673,RGM23 (lon-lat),+proj=longlat +ellps=GRS80 +no_defs +type=crs
EPSG,10674,RGM23 / UTM zone 38S,+proj=utm +zone=38 +south +ellps=GRS80 +units=m +no_defs +type=crs
EPSG,10678,BSCD2000 depth,+vunits=m +no_defs +type=crs
EPSG,10679,ETRS89 + BSCD2000 depth,+proj=longlat +ellps=GRS80 +vunits=m +no_defs +type=crs
EPSG,10686,Slovenia 1996 + SVS2000 height,+proj=longlat +ellps=GRS80 +vunits=m +no_defs +type=crs
EPSG,10687,Slovenia 1996 / Slovene National Grid + SVS2000 height,+proj=tmerc +lat_0=0 +lon_0=15 +k=0.9999 +x_0=500000 +y_0=-5000000 +ellps=GRS80 +units=m +vunits=m +no_defs +type=crs
EPSG,10731,ETRS89/DREF91/2016 / UTM zone 31N,+proj=utm +zone=31 +ellps=GRS80 +units=m +no_defs +type=crs
EPSG,10732,ETRS89/DREF91/2016 / UTM zone 32N,+proj=utm +zone=32 +ellps=GRS80 +units=m +no_defs +type=crs
EPSG,10733,ETRS89/DREF91/2016 / UTM zone 33N,+proj=utm +zone=33 +ellps=GRS80 +units=m +no_defs +type=crs
EPSG,11114,MAGNA-SIRGAS 2018 / Colombia Far West zone,+proj=tmerc +lat_0=4.59620322222222 +lon_0=-80.0775077694444 +k=1 +x_0=1000000 +y_0=1000000 +ellps=GRS80 +units=m +no_defs +type=crs
EPSG,11115,MAGNA-SIRGAS 2018 / Colombia West zone,+proj=tmerc +lat_0=4.59620322222222 +lon_0=-77.0775077694444 +k=1 +x_0=1000000 +y_0=1000000 +ellps=GRS80 +units=m +no_defs +type=crs
EPSG,11116,MAGNA-SIRGAS 2018 / Colombia Bogota zone,+proj=tmerc +lat_0=4.59620322222222 +lon_0=-74.0775077694444 +k=1 +x_0=1000000 +y_0=1000000 +ellps=GRS80 +units=m +no_defs +type=crs
EPSG,11117,MAGNA-SIRGAS 2018 / Colombia East Central zone,+proj=tmerc +lat_0=4.59620322222222 +lon_0=-71.0775077694444 +k=1 +x_0=1000000 +y_0=1000000 +ellps=GRS80 +units=m +no_defs +type=crs
EPSG,11118,MAGNA-SIRGAS 2018 / Colombia East zone,+proj=tmerc +lat_0=4.59620322222222 +lon_0=-68.0775077694444 +k=1 +x_0=1000000 +y_0=1000000 +ellps=GRS80 +units=m +no_defs +type=crs
EPSG,20000,SVD2006 height,+vunits=m +no_defs +type=crs
EPSG,20001,ETRS89 + SVD2006 height,+proj=longlat +ellps=GRS80 +vunits=m +no_defs +type=crs
EPSG,20002,MWC18 Grid,+proj=tmerc +lat_0=53.35 +lon_0=-2.55 +k=1 +x_0=171975.9382 +y_0=116744.6938 +ellps=GRS80 +units=m +no_defs +type=crs
EPSG,20003,MWC18 Grid + ODN height,+proj=tmerc +lat_0=53.35 +lon_0=-2.55 +k=1 +x_0=171975.9382 +y_0=116744.6938 +ellps=GRS80 +units=m +vunits=m +no_defs +type=crs
EPSG,20004,Pulkovo 1995 / Gauss-Kruger zone 4,+proj=tmerc +lat_0=0 +lon_0=21 +k=1 +x_0=4500000 +y_0=0 +ellps=krass +units=m +no_defs +type=crs
EPSG,20005,Pulkovo 1995 / Gauss-Kruger zone 5,+proj=tmerc +lat_0=0 +lon_0=27 +k=1 +x_0=5500000 +y_0=0 +ellps=krass +units=m +no_defs +type=crs
EPSG,20006,Pulkovo 1995 / Gauss-Kruger zone 6,+proj=tmerc +lat_0=0 +lon_0=33 +k=1 +x_0=6500000 +y_0=0 +ellps=krass +units=m +no_defs +type=crs
EPSG,20007,Pulkovo 1995 / Gauss-Kruger zone 7,+proj=tmerc +lat_0=0 +lon_0=39 +k=1 +x_0=7500000 +y_0=0 +ellps=krass +units=m +no_defs +type=crs
EPSG,20008,Pulkovo 1995 / Gauss-Kruger zone 8,+proj=tmerc +lat_0=0 +lon_0=45 +k=1 +x_0=8500000 +y_0=0 +ellps=krass +units=m +no_defs +type=crs
EPSG,20009,Pulkovo 1995 / Gauss-Kruger zone 9,+proj=tmerc +lat_0=0 +lon_0=51 +k=1 +x_0=9500000 +y_0=0 +ellps=krass +units=m +no_defs +type=crs
EPSG,20010,Pulkovo 1995 / Gauss-Kruger zone 10,+proj=tmerc +lat_0=0 +lon_0=57 +k=1 +x_0=10500000 +y_0=0 +ellps=krass +units=m +no_defs +type=crs
EPSG,20011,Pulkovo 1995 / Gauss-Kruger zone 11,+proj=tmerc +lat_0=0 +lon_0=63 +k=1 +x_0=11500000 +y_0=0 +ellps=krass +units=m +no_defs +type=crs
EPSG,20012,Pulkovo 1995 / Gauss-Kruger zone 12,+proj=tmerc +lat_0=0 +lon_0=69 +k=1 +x_0=12500000 +y_0=0 +ellps=krass +units=m +no_defs +type=crs
EPSG,20013,Pulkovo 1995 / Gauss-Kruger zone 13,+proj=tmerc +lat_0=0 +lon_0=75 +k=1 +x_0=13500000 +y_0=0 +ellps=krass +units=m +no_defs +type=crs
EPSG,20014,Pulkovo 1995 / Gauss-Kruger zone 14,+proj=tmerc +lat_0=0 +lon_0=81 +k=1 +x_0=14500000 +y_0=0 +ellps=krass +units=m +no_defs +type=crs
EPSG,20015,Pulkovo 1995 / Gauss-Kruger zone 15,+proj=tmerc +lat_0=0 +lon_0=87 +k=1 +x_0=15500000 +y_0=0 +ellps=krass +units=m +no_defs +type=crs
EPSG,20016,Pulkovo 1995 / Gauss-Kruger zone 16,+proj=tmerc +lat_0=0 +lon_0=93 +k=1 +x_0=16500000 +y_0=0 +ellps=krass +units=m +no_defs +type=crs
EPSG,20017,Pulkovo 1995 / Gauss-Kruger zone 17,+proj=tmerc +lat_0=0 +lon_0=99 +k=1 +x_0=17500000 +y_0=0 +ellps=krass +units=m +no_defs +type=crs
EPSG,20018,Pulkovo 1995 / Gauss-Kruger zone 18,+proj=tmerc +lat_0=0 +lon_0=105 +k=1 +x_0=18500000 +y_0=0 +ellps=krass +units=m +no_defs +type=crs
EPSG,20019,Pulkovo 1995 / Gauss-Kruger zone 19,+proj=tmerc +lat_0=0 +lon_0=111 +k=1 +x_0=19500000 +y_0=0 +ellps=krass +units=m +no_defs +type=crs
EPSG,20020,Pulkovo 1995 / Gauss-Kruger zone 20,+proj=tmerc +lat_0=0 +lon_0=117 +k=1 +x_0=20500000 +y_0=0 +ellps=krass +units=m +no_defs +type=crs
EPSG,20021,Pulkovo 1995 / Gauss-Kruger zone 21,+proj=tmerc +lat_0=0 +lon_0=123 +k=1 +x_0=21500000 +y_0=0 +ellps=krass +units=m +no_defs +type=crs
EPSG,20022,Pulkovo 1995 / Gauss-Kruger zone 22,+proj=tmerc +lat_0=0 +lon_0=129 +k=1 +x_0=22500000 +y_0=0 +ellps=krass +units=m +no_defs +type=crs
EPSG,20023,Pulkovo 1995 / Gauss-Kruger zone 23,+proj=tmerc +lat_0=0 +lon_0=135 +k=1 +x_0=23500000 +y_0=0 +ellps=krass +units=m +no_defs +type=crs
EPSG,20024,Pulkovo 1995 / Gauss-Kruger zone 24,+proj=tmerc +lat_0=0 +lon_0=141 +k=1 +x_0=24500000 +y_0=0 +ellps=krass +units=m +no_defs +type=crs
EPSG,20025,Pulkovo 1995 / Gauss-Kruger zone 25,+proj=tmerc +lat_0=0 +lon_0=147 +k=1 +x_0=25500000 +y_0=0 +ellps=krass +units=m +no_defs +type=crs
EPSG,20026,Pulkovo 1995 / Gauss-Kruger zone 26,+proj=tmerc +lat_0=0 +lon_0=153 +k=1 +x_0=26500000 +y_0=0 +ellps=krass +units=m +no_defs +type=crs
EPSG,20027,Pulkovo 1995 / Gauss-Kruger zone 27,+proj=tmerc +lat_0=0 +lon_0=159 +k=1 +x_0=27500000 +y_0=0 +ellps=krass +units=m +no_defs +type=crs
EPSG,20028,Pulkovo 1995 / Gauss-Kruger zone 28,+proj=tmerc +lat_0=0 +lon_0=165 +k=1 +x_0=28500000 +y_0=0 +ellps=krass +units=m +no_defs +type=crs
EPSG,20029,Pulkovo 1995 / Gauss-Kruger zone 29,+proj=tmerc +lat_0=0 +lon_0=171 +k=1 +x_0=29500000 +y_0=0 +ellps=krass +units=m +no_defs +type=crs
EPSG,20030,Pulkovo 1995 / Gauss-Kruger zone 30,+proj=tmerc +lat_0=0 +lon_0=177 +k=1 +x_0=30500000 +y_0=0 +ellps=krass +units=m +no_defs +type=crs
EPSG,20031,Pulkovo 1995 / Gauss-Kruger zone 31,+proj=tmerc +lat_0=0 +lon_0=-177 +k=1 +x_0=31500000 +y_0=0 +ellps=krass +units=m +no_defs +type=crs
EPSG,20032,Pulkovo 1995 / Gauss-Kruger zone 32,+proj=tmerc +lat_0=0 +lon_0=-171 +k=1 +x_0=32500000 +y_0=0 +ellps=krass +units=m +no_defs +type=crs
EPSG,20033,MWC18-IRF,+proj=longlat +ellps=GRS80 +no_defs +type=crs
EPSG,20034,CGVD2013a(2002) height,+vunits=m +no_defs +type=crs
EPSG,20035,CGVD2013a(1997) height,+vunits=m +no_defs +type=crs
EPSG,20036,INAGeoid2020 v2 height,+vunits=m +no_defs +type=crs
EPSG,20037,NAD83(CSRS)v4 + CGVD2013a(2002) height,+proj=longlat +ellps=GRS80 +vunits=m +no_defs +type=crs
EPSG,20038,NAD83(CSRS)v3 + CGVD2013a(1997) height,+proj=longlat +ellps=GRS80 +vunits=m +no_defs +type=crs
EPSG,20039,SIRGAS-Chile 2021,+proj=geocent +ellps=GRS80 +units=m +no_defs +type=crs
EPSG,20040,SIRGAS-Chile 2021,+proj=longlat +ellps=GRS80 +no_defs +type=crs
EPSG,20041,SIRGAS-Chile 2021,+proj=longlat +ellps=GRS80 +no_defs +type=crs
EPSG,20042,SIRGAS-Chile 2021 / UTM zone 12S,+proj=utm +zone=12 +south +ellps=GRS80 +units=m +no_defs +type=crs
EPSG,20043,SRGI2013 + INAGeoid2020 v2 height,+proj=longlat +ellps=WGS84 +vunits=m +no_defs +type=crs
EPSG,20044,MAGNA-SIRGAS 2018,+proj=geocent +ellps=GRS80 +units=m +no_defs +type=crs
EPSG,20045,MAGNA-SIRGAS 2018,+proj=longlat +ellps=GRS80 +no_defs +type=crs
EPSG,20046,MAGNA-SIRGAS 2018,+proj=longlat +ellps=GRS80 +no_defs +type=crs
EPSG,20047,GDA2020 / BCSG2020,+proj=tmerc +lat_0=-28 +lon_0=153 +k=0.99999 +x_0=150000 +y_0=200000 +ellps=GRS80 +units=m +no_defs +type=crs
EPSG,20048,SIRGAS-Chile 2021 / UTM zone 18S,+proj=utm +zone=18 +south +ellps=GRS80 +units=m +no_defs +type=crs
EPSG,20049,SIRGAS-Chile 2021 / UTM zone 19S,+proj=utm +zone=19 +south +ellps=GRS80 +units=m +no_defs +type=crs
EPSG,20050,NAD83(2011) / Amtrak NECCS21 (ft),+proj=omerc +lat_0=40.8333333333333 +lonc=-74 +alpha=58 +gamma=58 +k=0.99999 +x_0=457200 +y_0=457200 +ellps=GRS80 +units=ft +no_defs +type=crs
EPSG,20135,Adindan / UTM zone 35N,+proj=utm +zone=35 +a=6378249.145 +rf=293.465 +units=m +no_defs +type=crs
EPSG,20136,Adindan / UTM zone 36N,+proj=utm +zone=36 +a=6378249.145 +rf=293.465 +units=m +no_defs +type=crs
EPSG,20137,Adindan / UTM zone 37N,+proj=utm +zone=37 +a=6378249.145 +rf=293.465 +units=m +no_defs +type=crs
EPSG,20138,Adindan / UTM zone 38N,+proj=utm +zone=38 +a=6378249.145 +rf=293.465 +units=m +no_defs +type=crs
EPSG,20249,AGD66 / AMG zone 49,+proj=utm +zone=49 +south +ellps=aust_SA +units=m +no_defs +type=crs
EPSG,20250,AGD66 / AMG zone 50,+proj=utm +zone=50 +south +ellps=aust_SA +units=m +no_defs +type=crs
EPSG,20251,AGD66 / AMG zone 51,+proj=utm +zone=51 +south +ellps=aust_SA +units=m +no_defs +type=crs
EPSG,20252,AGD66 / AMG zone 52,+proj=utm +zone=52 +south +ellps=aust_SA +units=m +no_defs +type=crs
EPSG,20253,AGD66 / AMG zone 53,+proj=utm +zone=53 +south +ellps=aust_SA +units=m +no_defs +type=crs
EPSG,20254,AGD66 / AMG zone 54,+proj=utm +zone=54 +south +ellps=aust_SA +units=m +no_defs +type=crs
EPSG,20255,AGD66 / AMG zone 55,+proj=utm +zone=55 +south +ellps=aust_SA +units=m +no_defs +type=crs
EPSG,20256,AGD66 / AMG zone 56,+proj=utm +zone=56 +south +ellps=aust_SA +units=m +no_defs +type=crs
EPSG,20257,AGD66 / AMG zone 57,+proj=utm +zone=57 +south +ellps=aust_SA +units=m +no_defs +type=crs
EPSG,20258,AGD66 / AMG zone 58,+proj=utm +zone=58 +south +ellps=aust_SA +units=m +no_defs +type=crs
EPSG,20349,AGD84 / AMG zone 49,+proj=utm +zone=49 +south +ellps=aust_SA +units=m +no_defs +type=crs
EPSG,20350,AGD84 / AMG zone 50,+proj=utm +zone=50 +south +ellps=aust_SA +units=m +no_defs +type=crs
EPSG,20351,AGD84 / AMG zone 51,+proj=utm +zone=51 +south +ellps=aust_SA +units=m +no_defs +type=crs
EPSG,20352,AGD84 / AMG zone 52,+proj=utm +zone=52 +south +ellps=aust_SA +units=m +no_defs +type=crs
EPSG,20353,AGD84 / AMG zone 53,+proj=utm +zone=53 +south +ellps=aust_SA +units=m +no_defs +type=crs
EPSG,20354,AGD84 / AMG zone 54,+proj=utm +zone=54 +south +ellps=aust_SA +units=m +no_defs +type=crs
EPSG,20355,AGD84 / AMG zone 55,+proj=utm +zone=55 +south +ellps=aust_SA +units=m +no_defs +type=crs
EPSG,20356,AGD84 / AMG zone 56,+proj=utm +zone=56 +south +ellps=aust_SA +units=m +no_defs +type=crs
EPSG,20436,Ain el Abd / UTM zone 36N,+proj=utm +zone=36 +ellps=intl +units=m +no_defs +type=crs
EPSG,20437,Ain el Abd / UTM zone 37N,+proj=utm +zone=37 +ellps=intl +units=m +no_defs +type=crs
EPSG,20438,Ain el Abd / UTM zone 38N,+proj=utm +zone=38 +ellps=intl +units=m +no_defs +type=crs
EPSG,20439,Ain el Abd / UTM zone 39N,+proj=utm +zone=39 +ellps=intl +units=m +no_defs +type=crs
EPSG,20440,Ain el Abd / UTM zone 40N,+proj=utm +zone=40 +ellps=intl +units=m +no_defs +type=crs
EPSG,20499,Ain el Abd / Bahrain Grid,+proj=utm +zone=39 +ellps=intl +units=m +no_defs +type=crs
EPSG,20538,Afgooye / UTM zone 38N,+proj=utm +zone=38 +ellps=krass +units=m +no_defs +type=crs
EPSG,20539,Afgooye / UTM zone 39N,+proj=utm +zone=39 +ellps=krass +units=m +no_defs +type=crs
EPSG,20790,Lisbon (Lisbon) / Portuguese National Grid,+proj=tmerc +lat_0=39.6666666666667 +lon_0=1 +k=1 +x_0=200000 +y_0=300000 +ellps=intl +pm=lisbon +units=m +no_defs +type=crs
EPSG,20791,Lisbon (Lisbon) / Portuguese Grid,+proj=tmerc +lat_0=39.6666666666667 +lon_0=1 +k=1 +x_0=0 +y_0=0 +ellps=intl +pm=lisbon +units=m +no_defs +type=crs
EPSG,20822,Aratu / UTM zone 22S,+proj=utm +zone=22 +south +ellps=intl +units=m +no_defs +type=crs
EPSG,20823,Aratu / UTM zone 23S,+proj=utm +zone=23 +south +ellps=intl +units=m +no_defs +type=crs
EPSG,20824,Aratu / UTM zone 24S,+proj=utm +zone=24 +south +ellps=intl +units=m +no_defs +type=crs
EPSG,20904,GSK-2011 / Gauss-Kruger zone 4,+proj=tmerc +lat_0=0 +lon_0=21 +k=1 +x_0=4500000 +y_0=0 +ellps=GSK2011 +units=m +no_defs +type=crs
EPSG,20905,GSK-2011 / Gauss-Kruger zone 5,+proj=tmerc +lat_0=0 +lon_0=27 +k=1 +x_0=5500000 +y_0=0 +ellps=GSK2011 +units=m +no_defs +type=crs
EPSG,20906,GSK-2011 / Gauss-Kruger zone 6,+proj=tmerc +lat_0=0 +lon_0=33 +k=1 +x_0=6500000 +y_0=0 +ellps=GSK2011 +units=m +no_defs +type=crs
EPSG,20907,GSK-2011 / Gauss-Kruger zone 7,+proj=tmerc +lat_0=0 +lon_0=39 +k=1 +x_0=7500000 +y_0=0 +ellps=GSK2011 +units=m +no_defs +type=crs
EPSG,20908,GSK-2011 / Gauss-Kruger zone 8,+proj=tmerc +lat_0=0 +lon_0=45 +k=1 +x_0=8500000 +y_0=0 +ellps=GSK2011 +units=m +no_defs +type=crs
EPSG,20909,GSK-2011 / Gauss-Kruger zone 9,+proj=tmerc +lat_0=0 +lon_0=51 +k=1 +x_0=9500000 +y_0=0 +ellps=GSK2011 +units=m +no_defs +type=crs
EPSG,20910,GSK-2011 / Gauss-Kruger zone 10,+proj=tmerc +lat_0=0 +lon_0=57 +k=1 +x_0=10500000 +y_0=0 +ellps=GSK2011 +units=m +no_defs +type=crs
EPSG,20911,GSK-2011 / Gauss-Kruger zone 11,+proj=tmerc +lat_0=0 +lon_0=63 +k=1 +x_0=11500000 +y_0=0 +ellps=GSK2011 +units=m +no_defs +type=crs
EPSG,20912,GSK-2011 / Gauss-Kruger zone 12,+proj=tmerc +lat_0=0 +lon_0=69 +k=1 +x_0=12500000 +y_0=0 +ellps=GSK2011 +units=m +no_defs +type=crs
EPSG,20913,GSK-2011 / Gauss-Kruger zone 13,+proj=tmerc +lat_0=0 +lon_0=75 +k=1 +x_0=13500000 +y_0=0 +ellps=GSK2011 +units=m +no_defs +type=crs
EPSG,20914,GSK-2011 / Gauss-Kruger zone 14,+proj=tmerc +lat_0=0 +lon_0=81 +k=1 +x_0=14500000 +y_0=0 +ellps=GSK2011 +units=m +no_defs +type=crs
EPSG,20915,GSK-2011 / Gauss-Kruger zone 15,+proj=tmerc +lat_0=0 +lon_0=87 +k=1 +x_0=15500000 +y_0=0 +ellps=GSK2011 +units=m +no_defs +type=crs
EPSG,20916,GSK-2011 / Gauss-Kruger zone 16,+proj=tmerc +lat_0=0 +lon_0=93 +k=1 +x_0=16500000 +y_0=0 +ellps=GSK2011 +units=m +no_defs +type=crs
EPSG,20917,GSK-2011 / Gauss-Kruger zone 17,+proj=tmerc +lat_0=0 +lon_0=99 +k=1 +x_0=17500000 +y_0=0 +ellps=GSK2011 +units=m +no_defs +type=crs
EPSG,20918,GSK-2011 / Gauss-Kruger zone 18,+proj=tmerc +lat_0=0 +lon_0=105 +k=1 +x_0=18500000 +y_0=0 +ellps=GSK2011 +units=m +no_defs +type=crs
EPSG,20919,GSK-2011 / Gauss-Kruger zone 19,+proj=tmerc +lat_0=0 +lon_0=111 +k=1 +x_0=19500000 +y_0=0 +ellps=GSK2011 +units=m +no_defs +type=crs
EPSG,20920,GSK-2011 / Gauss-Kruger zone 20,+proj=tmerc +lat_0=0 +lon_0=117 +k=1 +x_0=20500000 +y_0=0 +ellps=GSK2011 +units=m +no_defs +type=crs
EPSG,20921,GSK-2011 / Gauss-Kruger zone 21,+proj=tmerc +lat_0=0 +lon_0=123 +k=1 +x_0=21500000 +y_0=0 +ellps=GSK2011 +units=m +no_defs +type=crs
EPSG,20922,GSK-2011 / Gauss-Kruger zone 22,+proj=tmerc +lat_0=0 +lon_0=129 +k=1 +x_0=22500000 +y_0=0 +ellps=GSK2011 +units=m +no_defs +type=crs
EPSG,20923,GSK-2011 / Gauss-Kruger zone 23,+proj=tmerc +lat_0=0 +lon_0=135 +k=1 +x_0=23500000 +y_0=0 +ellps=GSK2011 +units=m +no_defs +type=crs
EPSG,20924,GSK-2011 / Gauss-Kruger zone 24,+proj=tmerc +lat_0=0 +lon_0=141 +k=1 +x_0=24500000 +y_0=0 +ellps=GSK2011 +units=m +no_defs +type=crs
EPSG,20925,GSK-2011 / Gauss-Kruger zone 25,+proj=tmerc +lat_0=0 +lon_0=147 +k=1 +x_0=25500000 +y_0=0 +ellps=GSK2011 +units=m +no_defs +type=crs
EPSG,20926,GSK-2011 / Gauss-Kruger zone 26,+proj=tmerc +lat_0=0 +lon_0=153 +k=1 +x_0=26500000 +y_0=0 +ellps=GSK2011 +units=m +no_defs +type=crs
EPSG,20927,GSK-2011 / Gauss-Kruger zone 27,+proj=tmerc +lat_0=0 +lon_0=159 +k=1 +x_0=27500000 +y_0=0 +ellps=GSK2011 +units=m +no_defs +type=crs
EPSG,20928,GSK-2011 / Gauss-Kruger zone 28,+proj=tmerc +lat_0=0 +lon_0=165 +k=1 +x_0=28500000 +y_0=0 +ellps=GSK2011 +units=m +no_defs +type=crs
EPSG,20929,GSK-2011 / Gauss-Kruger zone 29,+proj=tmerc +lat_0=0 +lon_0=171 +k=1 +x_0=29500000 +y_0=0 +ellps=GSK2011 +units=m +no_defs +type=crs
EPSG,20930,GSK-2011 / Gauss-Kruger zone 30,+proj=tmerc +lat_0=0 +lon_0=177 +k=1 +x_0=30500000 +y_0=0 +ellps=GSK2011 +units=m +no_defs +type=crs
EPSG,20931,GSK-2011 / Gauss-Kruger zone 31,+proj=tmerc +lat_0=0 +lon_0=-177 +k=1 +x_0=31500000 +y_0=0 +ellps=GSK2011 +units=m +no_defs +type=crs
EPSG,20932,GSK-2011 / Gauss-Kruger zone 32,+proj=tmerc +lat_0=0 +lon_0=-171 +k=1 +x_0=32500000 +y_0=0 +ellps=GSK2011 +units=m +no_defs +type=crs
EPSG,20934,Arc 1950 / UTM zone 34S,+proj=utm +zone=34 +south +a=6378249.145 +rf=293.4663077 +units=m +no_defs +type=crs
EPSG,20935,Arc 1950 / UTM zone 35S,+proj=utm +zone=35 +south +a=6378249.145 +rf=293.4663077 +units=m +no_defs +type=crs
EPSG,20936,Arc 1950 / UTM zone 36S,+proj=utm +zone=36 +south +a=6378249.145 +rf=293.4663077 +units=m +no_defs +type=crs
EPSG,21004,GSK-2011 / Gauss-Kruger CM 21E,+proj=tmerc +lat_0=0 +lon_0=21 +k=1 +x_0=500000 +y_0=0 +ellps=GSK2011 +units=m +no_defs +type=crs
EPSG,21005,GSK-2011 / Gauss-Kruger CM 27E,+proj=tmerc +lat_0=0 +lon_0=27 +k=1 +x_0=500000 +y_0=0 +ellps=GSK2011 +units=m +no_defs +type=crs
EPSG,21006,GSK-2011 / Gauss-Kruger CM 33E,+proj=tmerc +lat_0=0 +lon_0=33 +k=1 +x_0=500000 +y_0=0 +ellps=GSK2011 +units=m +no_defs +type=crs
EPSG,21007,GSK-2011 / Gauss-Kruger CM 39E,+proj=tmerc +lat_0=0 +lon_0=39 +k=1 +x_0=500000 +y_0=0 +ellps=GSK2011 +units=m +no_defs +type=crs
EPSG,21008,GSK-2011 / Gauss-Kruger CM 45E,+proj=tmerc +lat_0=0 +lon_0=45 +k=1 +x_0=500000 +y_0=0 +ellps=GSK2011 +units=m +no_defs +type=crs
EPSG,21009,GSK-2011 / Gauss-Kruger CM 51E,+proj=tmerc +lat_0=0 +lon_0=51 +k=1 +x_0=500000 +y_0=0 +ellps=GSK2011 +units=m +no_defs +type=crs
EPSG,21010,GSK-2011 / Gauss-Kruger CM 57E,+proj=tmerc +lat_0=0 +lon_0=57 +k=1 +x_0=500000 +y_0=0 +ellps=GSK2011 +units=m +no_defs +type=crs
EPSG,21011,GSK-2011 / Gauss-Kruger CM 63E,+proj=tmerc +lat_0=0 +lon_0=63 +k=1 +x_0=500000 +y_0=0 +ellps=GSK2011 +units=m +no_defs +type=crs
EPSG,21012,GSK-2011 / Gauss-Kruger CM 69E,+proj=tmerc +lat_0=0 +lon_0=69 +k=1 +x_0=500000 +y_0=0 +ellps=GSK2011 +units=m +no_defs +type=crs
EPSG,21013,GSK-2011 / Gauss-Kruger CM 75E,+proj=tmerc +lat_0=0 +lon_0=75 +k=1 +x_0=500000 +y_0=0 +ellps=GSK2011 +units=m +no_defs +type=crs
EPSG,21014,GSK-2011 / Gauss-Kruger CM 81E,+proj=tmerc +lat_0=0 +lon_0=81 +k=1 +x_0=500000 +y_0=0 +ellps=GSK2011 +units=m +no_defs +type=crs
EPSG,21015,GSK-2011 / Gauss-Kruger CM 87E,+proj=tmerc +lat_0=0 +lon_0=87 +k=1 +x_0=500000 +y_0=0 +ellps=GSK2011 +units=m +no_defs +type=crs
EPSG,21016,GSK-2011 / Gauss-Kruger CM 93E,+proj=tmerc +lat_0=0 +lon_0=93 +k=1 +x_0=500000 +y_0=0 +ellps=GSK2011 +units=m +no_defs +type=crs
EPSG,21017,GSK-2011 / Gauss-Kruger CM 99E,+proj=tmerc +lat_0=0 +lon_0=99 +k=1 +x_0=500000 +y_0=0 +ellps=GSK2011 +units=m +no_defs +type=crs
EPSG,21018,GSK-2011 / Gauss-Kruger CM 105E,+proj=tmerc +lat_0=0 +lon_0=105 +k=1 +x_0=500000 +y_0=0 +ellps=GSK2011 +units=m +no_defs +type=crs
EPSG,21019,GSK-2011 / Gauss-Kruger CM 111E,+proj=tmerc +lat_0=0 +lon_0=111 +k=1 +x_0=500000 +y_0=0 +ellps=GSK2011 +units=m +no_defs +type=crs
EPSG,21020,GSK-2011 / Gauss-Kruger CM 117E,+proj=tmerc +lat_0=0 +lon_0=117 +k=1 +x_0=500000 +y_0=0 +ellps=GSK2011 +units=m +no_defs +type=crs
EPSG,21021,GSK-2011 / Gauss-Kruger CM 123E,+proj=tmerc +lat_0=0 +lon_0=123 +k=1 +x_0=500000 +y_0=0 +ellps=GSK2011 +units=m +no_defs +type=crs
EPSG,21022,GSK-2011 / Gauss-Kruger CM 129E,+proj=tmerc +lat_0=0 +lon_0=129 +k=1 +x_0=500000 +y_0=0 +ellps=GSK2011 +units=m +no_defs +type=crs
EPSG,21023,GSK-2011 / Gauss-Kruger CM 135E,+proj=tmerc +lat_0=0 +lon_0=135 +k=1 +x_0=500000 +y_0=0 +ellps=GSK2011 +units=m +no_defs +type=crs
EPSG,21024,GSK-2011 / Gauss-Kruger CM 141E,+proj=tmerc +lat_0=0 +lon_0=141 +k=1 +x_0=500000 +y_0=0 +ellps=GSK2011 +units=m +no_defs +type=crs
EPSG,21025,GSK-2011 / Gauss-Kruger CM 147E,+proj=tmerc +lat_0=0 +lon_0=147 +k=1 +x_0=500000 +y_0=0 +ellps=GSK2011 +units=m +no_defs +type=crs
EPSG,21026,GSK-2011 / Gauss-Kruger CM 153E,+proj=tmerc +lat_0=0 +lon_0=153 +k=1 +x_0=500000 +y_0=0 +ellps=GSK2011 +units=m +no_defs +type=crs
EPSG,21027,GSK-2011 / Gauss-Kruger CM 159E,+proj=tmerc +lat_0=0 +lon_0=159 +k=1 +x_0=500000 +y_0=0 +ellps=GSK2011 +units=m +no_defs +type=crs
EPSG,21028,GSK-2011 / Gauss-Kruger CM 165E,+proj=tmerc +lat_0=0 +lon_0=165 +k=1 +x_0=500000 +y_0=0 +ellps=GSK2011 +units=m +no_defs +type=crs
EPSG,21029,GSK-2011 / Gauss-Kruger CM 171E,+proj=tmerc +lat_0=0 +lon_0=171 +k=1 +x_0=500000 +y_0=0 +ellps=GSK2011 +units=m +no_defs +type=crs
EPSG,21030,GSK-2011 / Gauss-Kruger CM 177E,+proj=tmerc +lat_0=0 +lon_0=177 +k=1 +x_0=500000 +y_0=0 +ellps=GSK2011 +units=m +no_defs +type=crs
EPSG,21031,GSK-2011 / Gauss-Kruger CM 177W,+proj=tmerc +lat_0=0 +lon_0=-177 +k=1 +x_0=500000 +y_0=0 +ellps=GSK2011 +units=m +no_defs +type=crs
EPSG,21032,GSK-2011 / Gauss-Kruger CM 171W,+proj=tmerc +lat_0=0 +lon_0=-171 +k=1 +x_0=500000 +y_0=0 +ellps=GSK2011 +units=m +no_defs +type=crs
EPSG,21035,Arc 1960 / UTM zone 35S,+proj=utm +zone=35 +south +a=6378249.145 +rf=293.465 +units=m +no_defs +type=crs
EPSG,21036,Arc 1960 / UTM zone 36S,+proj=utm +zone=36 +south +a=6378249.145 +rf=293.465 +units=m +no_defs +type=crs
EPSG,21037,Arc 1960 / UTM zone 37S,+proj=utm +zone=37 +south +a=6378249.145 +rf=293.465 +units=m +no_defs +type=crs
EPSG,21095,Arc 1960 / UTM zone 35N,+proj=utm +zone=35 +a=6378249.145 +rf=293.465 +units=m +no_defs +type=crs
EPSG,21096,Arc 1960 / UTM zone 36N,+proj=utm +zone=36 +a=6378249.145 +rf=293.465 +units=m +no_defs +type=crs
EPSG,21097,Arc 1960 / UTM zone 37N,+proj=utm +zone=37 +a=6378249.145 +rf=293.465 +units=m +no_defs +type=crs
EPSG,21148,Batavia / UTM zone 48S,+proj=utm +zone=48 +south +ellps=bessel +units=m +no_defs +type=crs
EPSG,21149,Batavia / UTM zone 49S,+proj=utm +zone=49 +south +ellps=bessel +units=m +no_defs +type=crs
EPSG,21150,Batavia / UTM zone 50S,+proj=utm +zone=50 +south +ellps=bessel +units=m +no_defs +type=crs
EPSG,21207,GSK-2011 / GSK 3GK zone 7,+proj=tmerc +lat_0=0 +lon_0=21 +k=1 +x_0=7250000 +y_0=0 +ellps=GSK2011 +units=m +no_defs +type=crs
EPSG,21208,GSK-2011 / GSK 3GK zone 8,+proj=tmerc +lat_0=0 +lon_0=24 +k=1 +x_0=8250000 +y_0=0 +ellps=GSK2011 +units=m +no_defs +type=crs
EPSG,21209,GSK-2011 / GSK 3GK zone 9,+proj=tmerc +lat_0=0 +lon_0=27 +k=1 +x_0=9250000 +y_0=0 +ellps=GSK2011 +units=m +no_defs +type=crs
EPSG,21210,GSK-2011 / GSK 3GK zone 10,+proj=tmerc +lat_0=0 +lon_0=30 +k=1 +x_0=10250000 +y_0=0 +ellps=GSK2011 +units=m +no_defs +type=crs
EPSG,21211,GSK-2011 / GSK 3GK zone 11,+proj=tmerc +lat_0=0 +lon_0=33 +k=1 +x_0=11250000 +y_0=0 +ellps=GSK2011 +units=m +no_defs +type=crs
EPSG,21212,GSK-2011 / GSK 3GK zone 12,+proj=tmerc +lat_0=0 +lon_0=36 +k=1 +x_0=12250000 +y_0=0 +ellps=GSK2011 +units=m +no_defs +type=crs
EPSG,21213,GSK-2011 / GSK 3GK zone 13,+proj=tmerc +lat_0=0 +lon_0=39 +k=1 +x_0=13250000 +y_0=0 +ellps=GSK2011 +units=m +no_defs +type=crs
EPSG,21214,GSK-2011 / GSK 3GK zone 14,+proj=tmerc +lat_0=0 +lon_0=42 +k=1 +x_0=14250000 +y_0=0 +ellps=GSK2011 +units=m +no_defs +type=crs
EPSG,21215,GSK-2011 / GSK 3GK zone 15,+proj=tmerc +lat_0=0 +lon_0=45 +k=1 +x_0=15250000 +y_0=0 +ellps=GSK2011 +units=m +no_defs +type=crs
EPSG,21216,GSK-2011 / GSK 3GK zone 16,+proj=tmerc +lat_0=0 +lon_0=48 +k=1 +x_0=16250000 +y_0=0 +ellps=GSK2011 +units=m +no_defs +type=crs
EPSG,21217,GSK-2011 / GSK 3GK zone 17,+proj=tmerc +lat_0=0 +lon_0=51 +k=1 +x_0=17250000 +y_0=0 +ellps=GSK2011 +units=m +no_defs +type=crs
EPSG,21218,GSK-2011 / GSK 3GK zone 18,+proj=tmerc +lat_0=0 +lon_0=54 +k=1 +x_0=18250000 +y_0=0 +ellps=GSK2011 +units=m +no_defs +type=crs
EPSG,21219,GSK-2011 / GSK 3GK zone 19,+proj=tmerc +lat_0=0 +lon_0=57 +k=1 +x_0=19250000 +y_0=0 +ellps=GSK2011 +units=m +no_defs +type=crs
EPSG,21220,GSK-2011 / GSK 3GK zone 20,+proj=tmerc +lat_0=0 +lon_0=60 +k=1 +x_0=20250000 +y_0=0 +ellps=GSK2011 +units=m +no_defs +type=crs
EPSG,21221,GSK-2011 / GSK 3GK zone 21,+proj=tmerc +lat_0=0 +lon_0=63 +k=1 +x_0=21250000 +y_0=0 +ellps=GSK2011 +units=m +no_defs +type=crs
EPSG,21222,GSK-2011 / GSK 3GK zone 22,+proj=tmerc +lat_0=0 +lon_0=66 +k=1 +x_0=22250000 +y_0=0 +ellps=GSK2011 +units=m +no_defs +type=crs
EPSG,21223,GSK-2011 / GSK 3GK zone 23,+proj=tmerc +lat_0=0 +lon_0=69 +k=1 +x_0=23250000 +y_0=0 +ellps=GSK2011 +units=m +no_defs +type=crs
EPSG,21224,GSK-2011 / GSK 3GK zone 24,+proj=tmerc +lat_0=0 +lon_0=72 +k=1 +x_0=24250000 +y_0=0 +ellps=GSK2011 +units=m +no_defs +type=crs
EPSG,21225,GSK-2011 / GSK 3GK zone 25,+proj=tmerc +lat_0=0 +lon_0=75 +k=1 +x_0=25250000 +y_0=0 +ellps=GSK2011 +units=m +no_defs +type=crs
EPSG,21226,GSK-2011 / GSK 3GK zone 26,+proj=tmerc +lat_0=0 +lon_0=78 +k=1 +x_0=26250000 +y_0=0 +ellps=GSK2011 +units=m +no_defs +type=crs
EPSG,21227,GSK-2011 / GSK 3GK zone 27,+proj=tmerc +lat_0=0 +lon_0=81 +k=1 +x_0=27250000 +y_0=0 +ellps=GSK2011 +units=m +no_defs +type=crs
EPSG,21228,GSK-2011 / GSK 3GK zone 28,+proj=tmerc +lat_0=0 +lon_0=84 +k=1 +x_0=28250000 +y_0=0 +ellps=GSK2011 +units=m +no_defs +type=crs
EPSG,21229,GSK-2011 / GSK 3GK zone 29,+proj=tmerc +lat_0=0 +lon_0=87 +k=1 +x_0=29250000 +y_0=0 +ellps=GSK2011 +units=m +no_defs +type=crs
EPSG,21230,GSK-2011 / GSK 3GK zone 30,+proj=tmerc +lat_0=0 +lon_0=90 +k=1 +x_0=30250000 +y_0=0 +ellps=GSK2011 +units=m +no_defs +type=crs
EPSG,21231,GSK-2011 / GSK 3GK zone 31,+proj=tmerc +lat_0=0 +lon_0=93 +k=1 +x_0=31250000 +y_0=0 +ellps=GSK2011 +units=m +no_defs +type=crs
EPSG,21232,GSK-2011 / GSK 3GK zone 32,+proj=tmerc +lat_0=0 +lon_0=96 +k=1 +x_0=32250000 +y_0=0 +ellps=GSK2011 +units=m +no_defs +type=crs
EPSG,21233,GSK-2011 / GSK 3GK zone 33,+proj=tmerc +lat_0=0 +lon_0=99 +k=1 +x_0=33250000 +y_0=0 +ellps=GSK2011 +units=m +no_defs +type=crs
EPSG,21234,GSK-2011 / GSK 3GK zone 34,+proj=tmerc +lat_0=0 +lon_0=102 +k=1 +x_0=34250000 +y_0=0 +ellps=GSK2011 +units=m +no_defs +type=crs
EPSG,21235,GSK-2011 / GSK 3GK zone 35,+proj=tmerc +lat_0=0 +lon_0=105 +k=1 +x_0=35250000 +y_0=0 +ellps=GSK2011 +units=m +no_defs +type=crs
EPSG,21236,GSK-2011 / GSK 3GK zone 36,+proj=tmerc +lat_0=0 +lon_0=108 +k=1 +x_0=36250000 +y_0=0 +ellps=GSK2011 +units=m +no_defs +type=crs
EPSG,21237,GSK-2011 / GSK 3GK zone 37,+proj=tmerc +lat_0=0 +lon_0=111 +k=1 +x_0=37250000 +y_0=0 +ellps=GSK2011 +units=m +no_defs +type=crs
EPSG,21238,GSK-2011 / GSK 3GK zone 38,+proj=tmerc +lat_0=0 +lon_0=114 +k=1 +x_0=38250000 +y_0=0 +ellps=GSK2011 +units=m +no_defs +type=crs
EPSG,21239,GSK-2011 / GSK 3GK zone 39,+proj=tmerc +lat_0=0 +lon_0=117 +k=1 +x_0=39250000 +y_0=0 +ellps=GSK2011 +units=m +no_defs +type=crs
EPSG,21240,GSK-2011 / GSK 3GK zone 40,+proj=tmerc +lat_0=0 +lon_0=120 +k=1 +x_0=40250000 +y_0=0 +ellps=GSK2011 +units=m +no_defs +type=crs
EPSG,21241,GSK-2011 / GSK 3GK zone 41,+proj=tmerc +lat_0=0 +lon_0=123 +k=1 +x_0=41250000 +y_0=0 +ellps=GSK2011 +units=m +no_defs +type=crs
EPSG,21242,GSK-2011 / GSK 3GK zone 42,+proj=tmerc +lat_0=0 +lon_0=126 +k=1 +x_0=42250000 +y_0=0 +ellps=GSK2011 +units=m +no_defs +type=crs
EPSG,21243,GSK-2011 / GSK 3GK zone 43,+proj=tmerc +lat_0=0 +lon_0=129 +k=1 +x_0=43250000 +y_0=0 +ellps=GSK2011 +units=m +no_defs +type=crs
EPSG,21244,GSK-2011 / GSK 3GK zone 44,+proj=tmerc +lat_0=0 +lon_0=132 +k=1 +x_0=44250000 +y_0=0 +ellps=GSK2011 +units=m +no_defs +type=crs
EPSG,21245,GSK-2011 / GSK 3GK zone 45,+proj=tmerc +lat_0=0 +lon_0=135 +k=1 +x_0=45250000 +y_0=0 +ellps=GSK2011 +units=m +no_defs +type=crs
EPSG,21246,GSK-2011 / GSK 3GK zone 46,+proj=tmerc +lat_0=0 +lon_0=138 +k=1 +x_0=46250000 +y_0=0 +ellps=GSK2011 +units=m +no_defs +type=crs
EPSG,21247,GSK-2011 / GSK 3GK zone 47,+proj=tmerc +lat_0=0 +lon_0=141 +k=1 +x_0=47250000 +y_0=0 +ellps=GSK2011 +units=m +no_defs +type=crs
EPSG,21248,GSK-2011 / GSK 3GK zone 48,+proj=tmerc +lat_0=0 +lon_0=144 +k=1 +x_0=48250000 +y_0=0 +ellps=GSK2011 +units=m +no_defs +type=crs
EPSG,21249,GSK-2011 / GSK 3GK zone 49,+proj=tmerc +lat_0=0 +lon_0=147 +k=1 +x_0=49250000 +y_0=0 +ellps=GSK2011 +units=m +no_defs +type=crs
EPSG,21250,GSK-2011 / GSK 3GK zone 50,+proj=tmerc +lat_0=0 +lon_0=150 +k=1 +x_0=50250000 +y_0=0 +ellps=GSK2011 +units=m +no_defs +type=crs
EPSG,21251,GSK-2011 / GSK 3GK zone 51,+proj=tmerc +lat_0=0 +lon_0=153 +k=1 +x_0=51250000 +y_0=0 +ellps=GSK2011 +units=m +no_defs +type=crs
EPSG,21252,GSK-2011 / GSK 3GK zone 52,+proj=tmerc +lat_0=0 +lon_0=156 +k=1 +x_0=52250000 +y_0=0 +ellps=GSK2011 +units=m +no_defs +type=crs
EPSG,21253,GSK-2011 / GSK 3GK zone 53,+proj=tmerc +lat_0=0 +lon_0=159 +k=1 +x_0=53250000 +y_0=0 +ellps=GSK2011 +units=m +no_defs +type=crs
EPSG,21254,GSK-2011 / GSK 3GK zone 54,+proj=tmerc +lat_0=0 +lon_0=162 +k=1 +x_0=54250000 +y_0=0 +ellps=GSK2011 +units=m +no_defs +type=crs
EPSG,21255,GSK-2011 / GSK 3GK zone 55,+proj=tmerc +lat_0=0 +lon_0=165 +k=1 +x_0=55250000 +y_0=0 +ellps=GSK2011 +units=m +no_defs +type=crs
EPSG,21256,GSK-2011 / GSK 3GK zone 56,+proj=tmerc +lat_0=0 +lon_0=168 +k=1 +x_0=56250000 +y_0=0 +ellps=GSK2011 +units=m +no_defs +type=crs
EPSG,21257,GSK-2011 / GSK 3GK zone 57,+proj=tmerc +lat_0=0 +lon_0=171 +k=1 +x_0=57250000 +y_0=0 +ellps=GSK2011 +units=m +no_defs +type=crs
EPSG,21258,GSK-2011 / GSK 3GK zone 58,+proj=tmerc +lat_0=0 +lon_0=174 +k=1 +x_0=58250000 +y_0=0 +ellps=GSK2011 +units=m +no_defs +type=crs
EPSG,21259,GSK-2011 / GSK 3GK zone 59,+proj=tmerc +lat_0=0 +lon_0=177 +k=1 +x_0=59250000 +y_0=0 +ellps=GSK2011 +units=m +no_defs +type=crs
EPSG,21260,GSK-2011 / GSK 3GK zone 60,+proj=tmerc +lat_0=0 +lon_0=180 +k=1 +x_0=60250000 +y_0=0 +ellps=GSK2011 +units=m +no_defs +type=crs
EPSG,21261,GSK-2011 / GSK 3GK zone 61,+proj=tmerc +lat_0=0 +lon_0=-177 +k=1 +x_0=61250000 +y_0=0 +ellps=GSK2011 +units=m +no_defs +type=crs
EPSG,21262,GSK-2011 / GSK 3GK zone 62,+proj=tmerc +lat_0=0 +lon_0=-174 +k=1 +x_0=62250000 +y_0=0 +ellps=GSK2011 +units=m +no_defs +type=crs
EPSG,21263,GSK-2011 / GSK 3GK zone 63,+proj=tmerc +lat_0=0 +lon_0=-171 +k=1 +x_0=63250000 +y_0=0 +ellps=GSK2011 +units=m +no_defs +type=crs
EPSG,21264,GSK-2011 / GSK 3GK zone 64,+proj=tmerc +lat_0=0 +lon_0=-168 +k=1 +x_0=64250000 +y_0=0 +ellps=GSK2011 +units=m +no_defs +type=crs
EPSG,21291,Barbados 1938 / British West Indies Grid,+proj=tmerc +lat_0=0 +lon_0=-62 +k=0.9995 +x_0=400000 +y_0=0 +a=6378249.145 +rf=293.465 +units=m +no_defs +type=crs
EPSG,21292,Barbados 1938 / Barbados National Grid,+proj=tmerc +lat_0=13.1763888888889 +lon_0=-59.5597222222222 +k=0.9999986 +x_0=30000 +y_0=75000 +a=6378249.145 +rf=293.465 +units=m +no_defs +type=crs
EPSG,21307,GSK-2011 / GSK 3GK CM 21E,+proj=tmerc +lat_0=0 +lon_0=21 +k=1 +x_0=250000 +y_0=0 +ellps=GSK2011 +units=m +no_defs +type=crs
EPSG,21308,GSK-2011 / GSK 3GK CM 24E,+proj=tmerc +lat_0=0 +lon_0=24 +k=1 +x_0=250000 +y_0=0 +ellps=GSK2011 +units=m +no_defs +type=crs
EPSG,21309,GSK-2011 / GSK 3GK CM 27E,+proj=tmerc +lat_0=0 +lon_0=27 +k=1 +x_0=250000 +y_0=0 +ellps=GSK2011 +units=m +no_defs +type=crs
EPSG,21310,GSK-2011 / GSK 3GK CM 30E,+proj=tmerc +lat_0=0 +lon_0=30 +k=1 +x_0=250000 +y_0=0 +ellps=GSK2011 +units=m +no_defs +type=crs
EPSG,21311,GSK-2011 / GSK 3GK CM 33E,+proj=tmerc +lat_0=0 +lon_0=33 +k=1 +x_0=250000 +y_0=0 +ellps=GSK2011 +units=m +no_defs +type=crs
EPSG,21312,GSK-2011 / GSK 3GK CM 36E,+proj=tmerc +lat_0=0 +lon_0=36 +k=1 +x_0=250000 +y_0=0 +ellps=GSK2011 +units=m +no_defs +type=crs
EPSG,21313,GSK-2011 / GSK 3GK CM 39E,+proj=tmerc +lat_0=0 +lon_0=39 +k=1 +x_0=250000 +y_0=0 +ellps=GSK2011 +units=m +no_defs +type=crs
EPSG,21314,GSK-2011 / GSK 3GK CM 42E,+proj=tmerc +lat_0=0 +lon_0=42 +k=1 +x_0=250000 +y_0=0 +ellps=GSK2011 +units=m +no_defs +type=crs
EPSG,21315,GSK-2011 / GSK 3GK CM 45E,+proj=tmerc +lat_0=0 +lon_0=45 +k=1 +x_0=250000 +y_0=0 +ellps=GSK2011 +units=m +no_defs +type=crs
EPSG,21316,GSK-2011 / GSK 3GK CM 48E,+proj=tmerc +lat_0=0 +lon_0=48 +k=1 +x_0=250000 +y_0=0 +ellps=GSK2011 +units=m +no_defs +type=crs
EPSG,21317,GSK-2011 / GSK 3GK CM 51E,+proj=tmerc +lat_0=0 +lon_0=51 +k=1 +x_0=250000 +y_0=0 +ellps=GSK2011 +units=m +no_defs +type=crs
EPSG,21318,GSK-2011 / GSK 3GK CM 54E,+proj=tmerc +lat_0=0 +lon_0=54 +k=1 +x_0=250000 +y_0=0 +ellps=GSK2011 +units=m +no_defs +type=crs
EPSG,21319,GSK-2011 / GSK 3GK CM 57E,+proj=tmerc +lat_0=0 +lon_0=57 +k=1 +x_0=250000 +y_0=0 +ellps=GSK2011 +units=m +no_defs +type=crs
EPSG,21320,GSK-2011 / GSK 3GK CM 60E,+proj=tmerc +lat_0=0 +lon_0=60 +k=1 +x_0=250000 +y_0=0 +ellps=GSK2011 +units=m +no_defs +type=crs
EPSG,21321,GSK-2011 / GSK 3GK CM 63E,+proj=tmerc +lat_0=0 +lon_0=63 +k=1 +x_0=250000 +y_0=0 +ellps=GSK2011 +units=m +no_defs +type=crs
EPSG,21322,GSK-2011 / GSK 3GK CM 66E,+proj=tmerc +lat_0=0 +lon_0=66 +k=1 +x_0=250000 +y_0=0 +ellps=GSK2011 +units=m +no_defs +type=crs
EPSG,21323,GSK-2011 / GSK 3GK CM 69E,+proj=tmerc +lat_0=0 +lon_0=69 +k=1 +x_0=250000 +y_0=0 +ellps=GSK2011 +units=m +no_defs +type=crs
EPSG,21324,GSK-2011 / GSK 3GK CM 72E,+proj=tmerc +lat_0=0 +lon_0=72 +k=1 +x_0=250000 +y_0=0 +ellps=GSK2011 +units=m +no_defs +type=crs
EPSG,21325,GSK-2011 / GSK 3GK CM 75E,+proj=tmerc +lat_0=0 +lon_0=75 +k=1 +x_0=250000 +y_0=0 +ellps=GSK2011 +units=m +no_defs +type=crs
EPSG,21326,GSK-2011 / GSK 3GK CM 78E,+proj=tmerc +lat_0=0 +lon_0=78 +k=1 +x_0=250000 +y_0=0 +ellps=GSK2011 +units=m +no_defs +type=crs
EPSG,21327,GSK-2011 / GSK 3GK CM 81E,+proj=tmerc +lat_0=0 +lon_0=81 +k=1 +x_0=250000 +y_0=0 +ellps=GSK2011 +units=m +no_defs +type=crs
EPSG,21328,GSK-2011 / GSK 3GK CM 84E,+proj=tmerc +lat_0=0 +lon_0=84 +k=1 +x_0=250000 +y_0=0 +ellps=GSK2011 +units=m +no_defs +type=crs
EPSG,21329,GSK-2011 / GSK 3GK CM 87E,+proj=tmerc +lat_0=0 +lon_0=87 +k=1 +x_0=250000 +y_0=0 +ellps=GSK2011 +units=m +no_defs +type=crs
EPSG,21330,GSK-2011 / GSK 3GK CM 90E,+proj=tmerc +lat_0=0 +lon_0=90 +k=1 +x_0=250000 +y_0=0 +ellps=GSK2011 +units=m +no_defs +type=crs
EPSG,21331,GSK-2011 / GSK 3GK CM 93E,+proj=tmerc +lat_0=0 +lon_0=93 +k=1 +x_0=250000 +y_0=0 +ellps=GSK2011 +units=m +no_defs +type=crs
EPSG,21332,GSK-2011 / GSK 3GK CM 96E,+proj=tmerc +lat_0=0 +lon_0=96 +k=1 +x_0=250000 +y_0=0 +ellps=GSK2011 +units=m +no_defs +type=crs
EPSG,21333,GSK-2011 / GSK 3GK CM 99E,+proj=tmerc +lat_0=0 +lon_0=99 +k=1 +x_0=250000 +y_0=0 +ellps=GSK2011 +units=m +no_defs +type=crs
EPSG,21334,GSK-2011 / GSK 3GK CM 102E,+proj=tmerc +lat_0=0 +lon_0=102 +k=1 +x_0=250000 +y_0=0 +ellps=GSK2011 +units=m +no_defs +type=crs
EPSG,21335,GSK-2011 / GSK 3GK CM 105E,+proj=tmerc +lat_0=0 +lon_0=105 +k=1 +x_0=250000 +y_0=0 +ellps=GSK2011 +units=m +no_defs +type=crs
EPSG,21336,GSK-2011 / GSK 3GK CM 108E,+proj=tmerc +lat_0=0 +lon_0=108 +k=1 +x_0=250000 +y_0=0 +ellps=GSK2011 +units=m +no_defs +type=crs
EPSG,21337,GSK-2011 / GSK 3GK CM 111E,+proj=tmerc +lat_0=0 +lon_0=111 +k=1 +x_0=250000 +y_0=0 +ellps=GSK2011 +units=m +no_defs +type=crs
EPSG,21338,GSK-2011 / GSK 3GK CM 114E,+proj=tmerc +lat_0=0 +lon_0=114 +k=1 +x_0=250000 +y_0=0 +ellps=GSK2011 +units=m +no_defs +type=crs
EPSG,21339,GSK-2011 / GSK 3GK CM 117E,+proj=tmerc +lat_0=0 +lon_0=117 +k=1 +x_0=250000 +y_0=0 +ellps=GSK2011 +units=m +no_defs +type=crs
EPSG,21340,GSK-2011 / GSK 3GK CM 120E,+proj=tmerc +lat_0=0 +lon_0=120 +k=1 +x_0=250000 +y_0=0 +ellps=GSK2011 +units=m +no_defs +type=crs
EPSG,21341,GSK-2011 / GSK 3GK CM 123E,+proj=tmerc +lat_0=0 +lon_0=123 +k=1 +x_0=250000 +y_0=0 +ellps=GSK2011 +units=m +no_defs +type=crs
EPSG,21342,GSK-2011 / GSK 3GK CM 126E,+proj=tmerc +lat_0=0 +lon_0=126 +k=1 +x_0=250000 +y_0=0 +ellps=GSK2011 +units=m +no_defs +type=crs
EPSG,21343,GSK-2011 / GSK 3GK CM 129E,+proj=tmerc +lat_0=0 +lon_0=129 +k=1 +x_0=250000 +y_0=0 +ellps=GSK2011 +units=m +no_defs +type=crs
EPSG,21344,GSK-2011 / GSK 3GK CM 132E,+proj=tmerc +lat_0=0 +lon_0=132 +k=1 +x_0=250000 +y_0=0 +ellps=GSK2011 +units=m +no_defs +type=crs
EPSG,21345,GSK-2011 / GSK 3GK CM 135E,+proj=tmerc +lat_0=0 +lon_0=135 +k=1 +x_0=250000 +y_0=0 +ellps=GSK2011 +units=m +no_defs +type=crs
EPSG,21346,GSK-2011 / GSK 3GK CM 138E,+proj=tmerc +lat_0=0 +lon_0=138 +k=1 +x_0=250000 +y_0=0 +ellps=GSK2011 +units=m +no_defs +type=crs
EPSG,21347,GSK-2011 / GSK 3GK CM 141E,+proj=tmerc +lat_0=0 +lon_0=141 +k=1 +x_0=250000 +y_0=0 +ellps=GSK2011 +units=m +no_defs +type=crs
EPSG,21348,GSK-2011 / GSK 3GK CM 144E,+proj=tmerc +lat_0=0 +lon_0=144 +k=1 +x_0=250000 +y_0=0 +ellps=GSK2011 +units=m +no_defs +type=crs
EPSG,21349,GSK-2011 / GSK 3GK CM 147E,+proj=tmerc +lat_0=0 +lon_0=147 +k=1 +x_0=250000 +y_0=0 +ellps=GSK2011 +units=m +no_defs +type=crs
EPSG,21350,GSK-2011 / GSK 3GK CM 150E,+proj=tmerc +lat_0=0 +lon_0=150 +k=1 +x_0=250000 +y_0=0 +ellps=GSK2011 +units=m +no_defs +type=crs
EPSG,21351,GSK-2011 / GSK 3GK CM 153E,+proj=tmerc +lat_0=0 +lon_0=153 +k=1 +x_0=250000 +y_0=0 +ellps=GSK2011 +units=m +no_defs +type=crs
EPSG,21352,GSK-2011 / GSK 3GK CM 156E,+proj=tmerc +lat_0=0 +lon_0=156 +k=1 +x_0=250000 +y_0=0 +ellps=GSK2011 +units=m +no_defs +type=crs
EPSG,21353,GSK-2011 / GSK 3GK CM 159E,+proj=tmerc +lat_0=0 +lon_0=159 +k=1 +x_0=250000 +y_0=0 +ellps=GSK2011 +units=m +no_defs +type=crs
EPSG,21354,GSK-2011 / GSK 3GK CM 162E,+proj=tmerc +lat_0=0 +lon_0=162 +k=1 +x_0=250000 +y_0=0 +ellps=GSK2011 +units=m +no_defs +type=crs
EPSG,21355,GSK-2011 / GSK 3GK CM 165E,+proj=tmerc +lat_0=0 +lon_0=165 +k=1 +x_0=250000 +y_0=0 +ellps=GSK2011 +units=m +no_defs +type=crs
EPSG,21356,GSK-2011 / GSK 3GK CM 168E,+proj=tmerc +lat_0=0 +lon_0=168 +k=1 +x_0=250000 +y_0=0 +ellps=GSK2011 +units=m +no_defs +type=crs
EPSG,21357,GSK-2011 / GSK 3GK CM 171E,+proj=tmerc +lat_0=0 +lon_0=171 +k=1 +x_0=250000 +y_0=0 +ellps=GSK2011 +units=m +no_defs +type=crs
EPSG,21358,GSK-2011 / GSK 3GK CM 174E,+proj=tmerc +lat_0=0 +lon_0=174 +k=1 +x_0=250000 +y_0=0 +ellps=GSK2011 +units=m +no_defs +type=crs
EPSG,21359,GSK-2011 / GSK 3GK CM 177E,+proj=tmerc +lat_0=0 +lon_0=177 +k=1 +x_0=250000 +y_0=0 +ellps=GSK2011 +units=m +no_defs +type=crs
EPSG,21360,GSK-2011 / GSK 3GK CM 180E,+proj=tmerc +lat_0=0 +lon_0=180 +k=1 +x_0=250000 +y_0=0 +ellps=GSK2011 +units=m +no_defs +type=crs
EPSG,21361,GSK-2011 / GSK 3GK CM 177W,+proj=tmerc +lat_0=0 +lon_0=-177 +k=1 +x_0=250000 +y_0=0 +ellps=GSK2011 +units=m +no_defs +type=crs
EPSG,21362,GSK-2011 / GSK 3GK CM 174W,+proj=tmerc +lat_0=0 +lon_0=-174 +k=1 +x_0=250000 +y_0=0 +ellps=GSK2011 +units=m +no_defs +type=crs
EPSG,21363,GSK-2011 / GSK 3GK CM 171W,+proj=tmerc +lat_0=0 +lon_0=-171 +k=1 +x_0=250000 +y_0=0 +ellps=GSK2011 +units=m +no_defs +type=crs
EPSG,21364,GSK-2011 / GSK 3GK CM 168W,+proj=tmerc +lat_0=0 +lon_0=-168 +k=1 +x_0=250000 +y_0=0 +ellps=GSK2011 +units=m +no_defs +type=crs
EPSG,21413,Beijing 1954 / Gauss-Kruger zone 13,+proj=tmerc +lat_0=0 +lon_0=75 +k=1 +x_0=13500000 +y_0=0 +ellps=krass +units=m +no_defs +type=crs
EPSG,21414,Beijing 1954 / Gauss-Kruger zone 14,+proj=tmerc +lat_0=0 +lon_0=81 +k=1 +x_0=14500000 +y_0=0 +ellps=krass +units=m +no_defs +type=crs
EPSG,21415,Beijing 1954 / Gauss-Kruger zone 15,+proj=tmerc +lat_0=0 +lon_0=87 +k=1 +x_0=15500000 +y_0=0 +ellps=krass +units=m +no_defs +type=crs
EPSG,21416,Beijing 1954 / Gauss-Kruger zone 16,+proj=tmerc +lat_0=0 +lon_0=93 +k=1 +x_0=16500000 +y_0=0 +ellps=krass +units=m +no_defs +type=crs
EPSG,21417,Beijing 1954 / Gauss-Kruger zone 17,+proj=tmerc +lat_0=0 +lon_0=99 +k=1 +x_0=17500000 +y_0=0 +ellps=krass +units=m +no_defs +type=crs
EPSG,21418,Beijing 1954 / Gauss-Kruger zone 18,+proj=tmerc +lat_0=0 +lon_0=105 +k=1 +x_0=18500000 +y_0=0 +ellps=krass +units=m +no_defs +type=crs
EPSG,21419,Beijing 1954 / Gauss-Kruger zone 19,+proj=tmerc +lat_0=0 +lon_0=111 +k=1 +x_0=19500000 +y_0=0 +ellps=krass +units=m +no_defs +type=crs
EPSG,21420,Beijing 1954 / Gauss-Kruger zone 20,+proj=tmerc +lat_0=0 +lon_0=117 +k=1 +x_0=20500000 +y_0=0 +ellps=krass +units=m +no_defs +type=crs
EPSG,21421,Beijing 1954 / Gauss-Kruger zone 21,+proj=tmerc +lat_0=0 +lon_0=123 +k=1 +x_0=21500000 +y_0=0 +ellps=krass +units=m +no_defs +type=crs
EPSG,21422,Beijing 1954 / Gauss-Kruger zone 22,+proj=tmerc +lat_0=0 +lon_0=129 +k=1 +x_0=22500000 +y_0=0 +ellps=krass +units=m +no_defs +type=crs
EPSG,21423,Beijing 1954 / Gauss-Kruger zone 23,+proj=tmerc +lat_0=0 +lon_0=135 +k=1 +x_0=23500000 +y_0=0 +ellps=krass +units=m +no_defs +type=crs
EPSG,21453,Beijing 1954 / Gauss-Kruger CM 75E,+proj=tmerc +lat_0=0 +lon_0=75 +k=1 +x_0=500000 +y_0=0 +ellps=krass +units=m +no_defs +type=crs
EPSG,21454,Beijing 1954 / Gauss-Kruger CM 81E,+proj=tmerc +lat_0=0 +lon_0=81 +k=1 +x_0=500000 +y_0=0 +ellps=krass +units=m +no_defs +type=crs
EPSG,21455,Beijing 1954 / Gauss-Kruger CM 87E,+proj=tmerc +lat_0=0 +lon_0=87 +k=1 +x_0=500000 +y_0=0 +ellps=krass +units=m +no_defs +type=crs
EPSG,21456,Beijing 1954 / Gauss-Kruger CM 93E,+proj=tmerc +lat_0=0 +lon_0=93 +k=1 +x_0=500000 +y_0=0 +ellps=krass +units=m +no_defs +type=crs
EPSG,21457,Beijing 1954 / Gauss-Kruger CM 99E,+proj=tmerc +lat_0=0 +lon_0=99 +k=1 +x_0=500000 +y_0=0 +ellps=krass +units=m +no_defs +type=crs
EPSG,21458,Beijing 1954 / Gauss-Kruger CM 105E,+proj=tmerc +lat_0=0 +lon_0=105 +k=1 +x_0=500000 +y_0=0 +ellps=krass +units=m +no_defs +type=crs
EPSG,21459,Beijing 1954 / Gauss-Kruger CM 111E,+proj=tmerc +lat_0=0 +lon_0=111 +k=1 +x_0=500000 +y_0=0 +ellps=krass +units=m +no_defs +type=crs
EPSG,21460,Beijing 1954 / Gauss-Kruger CM 117E,+proj=tmerc +lat_0=0 +lon_0=117 +k=1 +x_0=500000 +y_0=0 +ellps=krass +units=m +no_defs +type=crs
EPSG,21461,Beijing 1954 / Gauss-Kruger CM 123E,+proj=tmerc +lat_0=0 +lon_0=123 +k=1 +x_0=500000 +y_0=0 +ellps=krass +units=m +no_defs +type=crs
EPSG,21462,Beijing 1954 / Gauss-Kruger CM 129E,+proj=tmerc +lat_0=0 +lon_0=129 +k=1 +x_0=500000 +y_0=0 +ellps=krass +units=m +no_defs +type=crs
EPSG,21463,Beijing 1954 / Gauss-Kruger CM 135E,+proj=tmerc +lat_0=0 +lon_0=135 +k=1 +x_0=500000 +y_0=0 +ellps=krass +units=m +no_defs +type=crs
EPSG,21500,BD50 (Brussels) / Belge Lambert 50,+proj=lcc +lat_0=90 +lon_0=0 +lat_1=49.8333333333333 +lat_2=51.1666666666667 +x_0=150000 +y_0=5400000 +ellps=intl +pm=brussels +units=m +no_defs +type=crs
EPSG,21780,CH1903 (Bern) / LV03C,+proj=somerc +lat_0=46.9524055555556 +lon_0=0 +k_0=1 +x_0=0 +y_0=0 +ellps=bessel +pm=bern +units=m +no_defs +type=crs
EPSG,21781,CH1903 / LV03,+proj=somerc +lat_0=46.9524055555556 +lon_0=7.43958333333333 +k_0=1 +x_0=600000 +y_0=200000 +ellps=bessel +units=m +no_defs +type=crs
EPSG,21782,CH1903 / LV03C-G,+proj=somerc +lat_0=46.9524055555556 +lon_0=7.43958333333333 +k_0=1 +x_0=0 +y_0=0 +ellps=bessel +units=m +no_defs +type=crs
EPSG,21818,Bogota 1975 / UTM zone 18N,+proj=utm +zone=18 +ellps=intl +units=m +no_defs +type=crs
EPSG,21896,Bogota 1975 / Colombia West zone,+proj=tmerc +lat_0=4.59904722222222 +lon_0=-77.0809166666667 +k=1 +x_0=1000000 +y_0=1000000 +ellps=intl +units=m +no_defs +type=crs
EPSG,21897,Bogota 1975 / Colombia Bogota zone,+proj=tmerc +lat_0=4.59904722222222 +lon_0=-74.0809166666667 +k=1 +x_0=1000000 +y_0=1000000 +ellps=intl +units=m +no_defs +type=crs
EPSG,21898,Bogota 1975 / Colombia East Central zone,+proj=tmerc +lat_0=4.59904722222222 +lon_0=-71.0809166666667 +k=1 +x_0=1000000 +y_0=1000000 +ellps=intl +units=m +no_defs +type=crs
EPSG,21899,Bogota 1975 / Colombia East zone,+proj=tmerc +lat_0=4.59904722222222 +lon_0=-68.0809166666667 +k=1 +x_0=1000000 +y_0=1000000 +ellps=intl +units=m +no_defs +type=crs
EPSG,22032,Camacupa 1948 / UTM zone 32S,+proj=utm +zone=32 +south +a=6378249.145 +rf=293.465 +units=m +no_defs +type=crs
EPSG,22033,Camacupa 1948 / UTM zone 33S,+proj=utm +zone=33 +south +a=6378249.145 +rf=293.465 +units=m +no_defs +type=crs
EPSG,22091,Camacupa 1948 / TM 11.30 SE,+proj=tmerc +lat_0=0 +lon_0=11.5 +k=0.9996 +x_0=500000 +y_0=10000000 +a=6378249.145 +rf=293.465 +units=m +no_defs +type=crs
EPSG,22092,Camacupa 1948 / TM 12 SE,+proj=tmerc +lat_0=0 +lon_0=12 +k=0.9996 +x_0=500000 +y_0=10000000 +a=6378249.145 +rf=293.465 +units=m +no_defs +type=crs
EPSG,22171,POSGAR 98 / Argentina 1,+proj=tmerc +lat_0=-90 +lon_0=-72 +k=1 +x_0=1500000 +y_0=0 +ellps=GRS80 +units=m +no_defs +type=crs
EPSG,22172,POSGAR 98 / Argentina 2,+proj=tmerc +lat_0=-90 +lon_0=-69 +k=1 +x_0=2500000 +y_0=0 +ellps=GRS80 +units=m +no_defs +type=crs
EPSG,22173,POSGAR 98 / Argentina 3,+proj=tmerc +lat_0=-90 +lon_0=-66 +k=1 +x_0=3500000 +y_0=0 +ellps=GRS80 +units=m +no_defs +type=crs
EPSG,22174,POSGAR 98 / Argentina 4,+proj=tmerc +lat_0=-90 +lon_0=-63 +k=1 +x_0=4500000 +y_0=0 +ellps=GRS80 +units=m +no_defs +type=crs
EPSG,22175,POSGAR 98 / Argentina 5,+proj=tmerc +lat_0=-90 +lon_0=-60 +k=1 +x_0=5500000 +y_0=0 +ellps=GRS80 +units=m +no_defs +type=crs
EPSG,22176,POSGAR 98 / Argentina 6,+proj=tmerc +lat_0=-90 +lon_0=-57 +k=1 +x_0=6500000 +y_0=0 +ellps=GRS80 +units=m +no_defs +type=crs
EPSG,22177,POSGAR 98 / Argentina 7,+proj=tmerc +lat_0=-90 +lon_0=-54 +k=1 +x_0=7500000 +y_0=0 +ellps=GRS80 +units=m +no_defs +type=crs
EPSG,22181,POSGAR 94 / Argentina 1,+proj=tmerc +lat_0=-90 +lon_0=-72 +k=1 +x_0=1500000 +y_0=0 +ellps=WGS84 +units=m +no_defs +type=crs
EPSG,22182,POSGAR 94 / Argentina 2,+proj=tmerc +lat_0=-90 +lon_0=-69 +k=1 +x_0=2500000 +y_0=0 +ellps=WGS84 +units=m +no_defs +type=crs
EPSG,22183,POSGAR 94 / Argentina 3,+proj=tmerc +lat_0=-90 +lon_0=-66 +k=1 +x_0=3500000 +y_0=0 +ellps=WGS84 +units=m +no_defs +type=crs
EPSG,22184,POSGAR 94 / Argentina 4,+proj=tmerc +lat_0=-90 +lon_0=-63 +k=1 +x_0=4500000 +y_0=0 +ellps=WGS84 +units=m +no_defs +type=crs
EPSG,22185,POSGAR 94 / Argentina 5,+proj=tmerc +lat_0=-90 +lon_0=-60 +k=1 +x_0=5500000 +y_0=0 +ellps=WGS84 +units=m +no_defs +type=crs
EPSG,22186,POSGAR 94 / Argentina 6,+proj=tmerc +lat_0=-90 +lon_0=-57 +k=1 +x_0=6500000 +y_0=0 +ellps=WGS84 +units=m +no_defs +type=crs
EPSG,22187,POSGAR 94 / Argentina 7,+proj=tmerc +lat_0=-90 +lon_0=-54 +k=1 +x_0=7500000 +y_0=0 +ellps=WGS84 +units=m +no_defs +type=crs
EPSG,22191,Campo Inchauspe / Argentina 1,+proj=tmerc +lat_0=-90 +lon_0=-72 +k=1 +x_0=1500000 +y_0=0 +ellps=intl +units=m +no_defs +type=crs
EPSG,22192,Campo Inchauspe / Argentina 2,+proj=tmerc +lat_0=-90 +lon_0=-69 +k=1 +x_0=2500000 +y_0=0 +ellps=intl +units=m +no_defs +type=crs
EPSG,22193,Campo Inchauspe / Argentina 3,+proj=tmerc +lat_0=-90 +lon_0=-66 +k=1 +x_0=3500000 +y_0=0 +ellps=intl +units=m +no_defs +type=crs
EPSG,22194,Campo Inchauspe / Argentina 4,+proj=tmerc +lat_0=-90 +lon_0=-63 +k=1 +x_0=4500000 +y_0=0 +ellps=intl +units=m +no_defs +type=crs
EPSG,22195,Campo Inchauspe / Argentina 5,+proj=tmerc +lat_0=-90 +lon_0=-60 +k=1 +x_0=5500000 +y_0=0 +ellps=intl +units=m +no_defs +type=crs
EPSG,22196,Campo Inchauspe / Argentina 6,+proj=tmerc +lat_0=-90 +lon_0=-57 +k=1 +x_0=6500000 +y_0=0 +ellps=intl +units=m +no_defs +type=crs
EPSG,22197,Campo Inchauspe / Argentina 7,+proj=tmerc +lat_0=-90 +lon_0=-54 +k=1 +x_0=7500000 +y_0=0 +ellps=intl +units=m +no_defs +type=crs
EPSG,22207,NAD83(CSRS)v2 / UTM zone 7N,+proj=utm +zone=7 +ellps=GRS80 +units=m +no_defs +type=crs
EPSG,22208,NAD83(CSRS)v2 / UTM zone 8N,+proj=utm +zone=8 +ellps=GRS80 +units=m +no_defs +type=crs
EPSG,22209,NAD83(CSRS)v2 / UTM zone 9N,+proj=utm +zone=9 +ellps=GRS80 +units=m +no_defs +type=crs
EPSG,22210,NAD83(CSRS)v2 / UTM zone 10N,+proj=utm +zone=10 +ellps=GRS80 +units=m +no_defs +type=crs
EPSG,22211,NAD83(CSRS)v2 / UTM zone 11N,+proj=utm +zone=11 +ellps=GRS80 +units=m +no_defs +type=crs
EPSG,22212,NAD83(CSRS)v2 / UTM zone 12N,+proj=utm +zone=12 +ellps=GRS80 +units=m +no_defs +type=crs
EPSG,22213,NAD83(CSRS)v2 / UTM zone 13N,+proj=utm +zone=13 +ellps=GRS80 +units=m +no_defs +type=crs
EPSG,22214,NAD83(CSRS)v2 / UTM zone 14N,+proj=utm +zone=14 +ellps=GRS80 +units=m +no_defs +type=crs
EPSG,22215,NAD83(CSRS)v2 / UTM zone 15N,+proj=utm +zone=15 +ellps=GRS80 +units=m +no_defs +type=crs
EPSG,22216,NAD83(CSRS)v2 / UTM zone 16N,+proj=utm +zone=16 +ellps=GRS80 +units=m +no_defs +type=crs
EPSG,22217,NAD83(CSRS)v2 / UTM zone 17N,+proj=utm +zone=17 +ellps=GRS80 +units=m +no_defs +type=crs
EPSG,22218,NAD83(CSRS)v2 / UTM zone 18N,+proj=utm +zone=18 +ellps=GRS80 +units=m +no_defs +type=crs
EPSG,22219,NAD83(CSRS)v2 / UTM zone 19N,+proj=utm +zone=19 +ellps=GRS80 +units=m +no_defs +type=crs
EPSG,22220,NAD83(CSRS)v2 / UTM zone 20N,+proj=utm +zone=20 +ellps=GRS80 +units=m +no_defs +type=crs
EPSG,22221,NAD83(CSRS)v2 / UTM zone 21N,+proj=utm +zone=21 +ellps=GRS80 +units=m +no_defs +type=crs
EPSG,22222,NAD83(CSRS)v2 / UTM zone 22N,+proj=utm +zone=22 +ellps=GRS80 +units=m +no_defs +type=crs
EPSG,22229,RGSH2020 / UTM zone 29N,+proj=utm +zone=29 +ellps=GRS80 +units=m +no_defs +type=crs
EPSG,22230,RGSH2020 / UTM zone 30N,+proj=utm +zone=30 +ellps=GRS80 +units=m +no_defs +type=crs
EPSG,22231,RGSH2020 / UTM zone 31N,+proj=utm +zone=31 +ellps=GRS80 +units=m +no_defs +type=crs
EPSG,22232,RGSH2020 / UTM zone 32N,+proj=utm +zone=32 +ellps=GRS80 +units=m +no_defs +type=crs
EPSG,22234,Cape / UTM zone 34S,+proj=utm +zone=34 +south +a=6378249.145 +rf=293.4663077 +units=m +no_defs +type=crs
EPSG,22235,Cape / UTM zone 35S,+proj=utm +zone=35 +south +a=6378249.145 +rf=293.4663077 +units=m +no_defs +type=crs
EPSG,22239,NAD83(CSRS)v2 / PEI Stereographic,+proj=sterea +lat_0=47.25 +lon_0=-63 +k=0.999912 +x_0=400000 +y_0=800000 +ellps=GRS80 +units=m +no_defs +type=crs
EPSG,22240,NAD83(CSRS)v2 / NB Stereographic,+proj=sterea +lat_0=46.5 +lon_0=-66.5 +k=0.999912 +x_0=2500000 +y_0=7500000 +ellps=GRS80 +units=m +no_defs +type=crs
EPSG,22243,NAD83(CSRS)v2 / SCoPQ zone 3,+proj=tmerc +lat_0=0 +lon_0=-58.5 +k=0.9999 +x_0=304800 +y_0=0 +ellps=GRS80 +units=m +no_defs +type=crs
EPSG,22244,NAD83(CSRS)v2 / SCoPQ zone 4,+proj=tmerc +lat_0=0 +lon_0=-61.5 +k=0.9999 +x_0=304800 +y_0=0 +ellps=GRS80 +units=m +no_defs +type=crs
EPSG,22245,NAD83(CSRS)v2 / SCoPQ zone 5,+proj=tmerc +lat_0=0 +lon_0=-64.5 +k=0.9999 +x_0=304800 +y_0=0 +ellps=GRS80 +units=m +no_defs +type=crs
EPSG,22246,NAD83(CSRS)v2 / SCoPQ zone 6,+proj=tmerc +lat_0=0 +lon_0=-67.5 +k=0.9999 +x_0=304800 +y_0=0 +ellps=GRS80 +units=m +no_defs +type=crs
EPSG,22247,NAD83(CSRS)v2 / SCoPQ zone 7,+proj=tmerc +lat_0=0 +lon_0=-70.5 +k=0.9999 +x_0=304800 +y_0=0 +ellps=GRS80 +units=m +no_defs +type=crs
EPSG,22248,NAD83(CSRS)v2 / SCoPQ zone 8,+proj=tmerc +lat_0=0 +lon_0=-73.5 +k=0.9999 +x_0=304800 +y_0=0 +ellps=GRS80 +units=m +no_defs +type=crs
EPSG,22249,NAD83(CSRS)v2 / SCoPQ zone 9,+proj=tmerc +lat_0=0 +lon_0=-76.5 +k=0.9999 +x_0=304800 +y_0=0 +ellps=GRS80 +units=m +no_defs +type=crs
EPSG,22250,NAD83(CSRS)v2 / SCoPQ zone 10,+proj=tmerc +lat_0=0 +lon_0=-79.5 +k=0.9999 +x_0=304800 +y_0=0 +ellps=GRS80 +units=m +no_defs +type=crs
EPSG,22262,NAD83(CSRS)v2 / Alberta 3TM ref merid 111 W,+proj=tmerc +lat_0=0 +lon_0=-111 +k=0.9999 +x_0=0 +y_0=0 +ellps=GRS80 +units=m +no_defs +type=crs
EPSG,22263,NAD83(CSRS)v2 / Alberta 3TM ref merid 114 W,+proj=tmerc +lat_0=0 +lon_0=-114 +k=0.9999 +x_0=0 +y_0=0 +ellps=GRS80 +units=m +no_defs +type=crs
EPSG,22264,NAD83(CSRS)v2 / Alberta 3TM ref merid 117 W,+proj=tmerc +lat_0=0 +lon_0=-117 +k=0.9999 +x_0=0 +y_0=0 +ellps=GRS80 +units=m +no_defs +type=crs
EPSG,22265,NAD83(CSRS)v2 / Alberta 3TM ref merid 120 W,+proj=tmerc +lat_0=0 +lon_0=-120 +k=0.9999 +x_0=0 +y_0=0 +ellps=GRS80 +units=m +no_defs +type=crs
EPSG,22275,Cape / Lo15,+proj=tmerc +axis=wsu +lat_0=0 +lon_0=15 +k=1 +x_0=0 +y_0=0 +a=6378249.145 +rf=293.4663077 +units=m +no_defs +type=crs
EPSG,22277,Cape / Lo17,+proj=tmerc +axis=wsu +lat_0=0 +lon_0=17 +k=1 +x_0=0 +y_0=0 +a=6378249.145 +rf=293.4663077 +units=m +no_defs +type=crs
EPSG,22279,Cape / Lo19,+proj=tmerc +axis=wsu +lat_0=0 +lon_0=19 +k=1 +x_0=0 +y_0=0 +a=6378249.145 +rf=293.4663077 +units=m +no_defs +type=crs
EPSG,22281,Cape / Lo21,+proj=tmerc +axis=wsu +lat_0=0 +lon_0=21 +k=1 +x_0=0 +y_0=0 +a=6378249.145 +rf=293.4663077 +units=m +no_defs +type=crs
EPSG,22283,Cape / Lo23,+proj=tmerc +axis=wsu +lat_0=0 +lon_0=23 +k=1 +x_0=0 +y_0=0 +a=6378249.145 +rf=293.4663077 +units=m +no_defs +type=crs
EPSG,22285,Cape / Lo25,+proj=tmerc +axis=wsu +lat_0=0 +lon_0=25 +k=1 +x_0=0 +y_0=0 +a=6378249.145 +rf=293.4663077 +units=m +no_defs +type=crs
EPSG,22287,Cape / Lo27,+proj=tmerc +axis=wsu +lat_0=0 +lon_0=27 +k=1 +x_0=0 +y_0=0 +a=6378249.145 +rf=293.4663077 +units=m +no_defs +type=crs
EPSG,22289,Cape / Lo29,+proj=tmerc +axis=wsu +lat_0=0 +lon_0=29 +k=1 +x_0=0 +y_0=0 +a=6378249.145 +rf=293.4663077 +units=m +no_defs +type=crs
EPSG,22291,Cape / Lo31,+proj=tmerc +axis=wsu +lat_0=0 +lon_0=31 +k=1 +x_0=0 +y_0=0 +a=6378249.145 +rf=293.4663077 +units=m +no_defs +type=crs
EPSG,22293,Cape / Lo33,+proj=tmerc +axis=wsu +lat_0=0 +lon_0=33 +k=1 +x_0=0 +y_0=0 +a=6378249.145 +rf=293.4663077 +units=m +no_defs +type=crs
EPSG,22307,NAD83(CSRS)v3 / UTM zone 7N,+proj=utm +zone=7 +ellps=GRS80 +units=m +no_defs +type=crs
EPSG,22308,NAD83(CSRS)v3 / UTM zone 8N,+proj=utm +zone=8 +ellps=GRS80 +units=m +no_defs +type=crs
EPSG,22309,NAD83(CSRS)v3 / UTM zone 9N,+proj=utm +zone=9 +ellps=GRS80 +units=m +no_defs +type=crs
EPSG,22310,NAD83(CSRS)v3 / UTM zone 10N,+proj=utm +zone=10 +ellps=GRS80 +units=m +no_defs +type=crs
EPSG,22311,NAD83(CSRS)v3 / UTM zone 11N,+proj=utm +zone=11 +ellps=GRS80 +units=m +no_defs +type=crs
EPSG,22312,NAD83(CSRS)v3 / UTM zone 12N,+proj=utm +zone=12 +ellps=GRS80 +units=m +no_defs +type=crs
EPSG,22313,NAD83(CSRS)v3 / UTM zone 13N,+proj=utm +zone=13 +ellps=GRS80 +units=m +no_defs +type=crs
EPSG,22314,NAD83(CSRS)v3 / UTM zone 14N,+proj=utm +zone=14 +ellps=GRS80 +units=m +no_defs +type=crs
EPSG,22315,NAD83(CSRS)v3 / UTM zone 15N,+proj=utm +zone=15 +ellps=GRS80 +units=m +no_defs +type=crs
EPSG,22316,NAD83(CSRS)v3 / UTM zone 16N,+proj=utm +zone=16 +ellps=GRS80 +units=m +no_defs +type=crs
EPSG,22317,NAD83(CSRS)v3 / UTM zone 17N,+proj=utm +zone=17 +ellps=GRS80 +units=m +no_defs +type=crs
EPSG,22318,NAD83(CSRS)v3 / UTM zone 18N,+proj=utm +zone=18 +ellps=GRS80 +units=m +no_defs +type=crs
EPSG,22319,NAD83(CSRS)v3 / UTM zone 19N,+proj=utm +zone=19 +ellps=GRS80 +units=m +no_defs +type=crs
EPSG,22320,NAD83(CSRS)v3 / UTM zone 20N,+proj=utm +zone=20 +ellps=GRS80 +units=m +no_defs +type=crs
EPSG,22321,NAD83(CSRS)v3 / UTM zone 21N,+proj=utm +zone=21 +ellps=GRS80 +units=m +no_defs +type=crs
EPSG,22322,NAD83(CSRS)v3 / UTM zone 22N,+proj=utm +zone=22 +ellps=GRS80 +units=m +no_defs +type=crs
EPSG,22332,Carthage / UTM zone 32N,+proj=utm +zone=32 +ellps=clrk80ign +units=m +no_defs +type=crs
EPSG,22337,NAD83(CSRS)v3 / MTM NS 1997 zone 5,+proj=tmerc +lat_0=0 +lon_0=-64.5 +k=0.9999 +x_0=15500000 +y_0=0 +ellps=GRS80 +units=m +no_defs +type=crs
EPSG,22338,NAD83(CSRS)v3 / MTM NS 1997 zone 4,+proj=tmerc +lat_0=0 +lon_0=-61.5 +k=0.9999 +x_0=14500000 +y_0=0 +ellps=GRS80 +units=m +no_defs +type=crs
EPSG,22348,NAD83(CSRS)v3 / MTM zone 8,+proj=tmerc +lat_0=0 +lon_0=-73.5 +k=0.9999 +x_0=304800 +y_0=0 +ellps=GRS80 +units=m +no_defs +type=crs
EPSG,22349,NAD83(CSRS)v3 / MTM zone 9,+proj=tmerc +lat_0=0 +lon_0=-76.5 +k=0.9999 +x_0=304800 +y_0=0 +ellps=GRS80 +units=m +no_defs +type=crs
EPSG,22350,NAD83(CSRS)v3 / MTM zone 10,+proj=tmerc +lat_0=0 +lon_0=-79.5 +k=0.9999 +x_0=304800 +y_0=0 +ellps=GRS80 +units=m +no_defs +type=crs
EPSG,22351,NAD83(CSRS)v3 / MTM zone 11,+proj=tmerc +lat_0=0 +lon_0=-82.5 +k=0.9999 +x_0=304800 +y_0=0 +ellps=GRS80 +units=m +no_defs +type=crs
EPSG,22352,NAD83(CSRS)v3 / MTM zone 12,+proj=tmerc +lat_0=0 +lon_0=-81 +k=0.9999 +x_0=304800 +y_0=0 +ellps=GRS80 +units=m +no_defs +type=crs
EPSG,22353,NAD83(CSRS)v3 / MTM zone 13,+proj=tmerc +lat_0=0 +lon_0=-84 +k=0.9999 +x_0=304800 +y_0=0 +ellps=GRS80 +units=m +no_defs +type=crs
EPSG,22354,NAD83(CSRS)v3 / MTM zone 14,+proj=tmerc +lat_0=0 +lon_0=-87 +k=0.9999 +x_0=304800 +y_0=0 +ellps=GRS80 +units=m +no_defs +type=crs
EPSG,22355,NAD83(CSRS)v3 / MTM zone 15,+proj=tmerc +lat_0=0 +lon_0=-90 +k=0.9999 +x_0=304800 +y_0=0 +ellps=GRS80 +units=m +no_defs +type=crs
EPSG,22356,NAD83(CSRS)v3 / MTM zone 16,+proj=tmerc +lat_0=0 +lon_0=-93 +k=0.9999 +x_0=304800 +y_0=0 +ellps=GRS80 +units=m +no_defs +type=crs
EPSG,22357,NAD83(CSRS)v3 / MTM zone 17,+proj=tmerc +lat_0=0 +lon_0=-96 +k=0.9999 +x_0=304800 +y_0=0 +ellps=GRS80 +units=m +no_defs +type=crs
EPSG,22391,Carthage / Nord Tunisie,+proj=lcc +lat_1=36 +lat_0=36 +lon_0=9.9 +k_0=0.999625544 +x_0=500000 +y_0=300000 +ellps=clrk80ign +units=m +no_defs +type=crs
EPSG,22392,Carthage / Sud Tunisie,+proj=lcc +lat_1=33.3 +lat_0=33.3 +lon_0=9.9 +k_0=0.999625769 +x_0=500000 +y_0=300000 +ellps=clrk80ign +units=m +no_defs +type=crs
EPSG,22407,NAD83(CSRS)v4 / UTM zone 7N,+proj=utm +zone=7 +ellps=GRS80 +units=m +no_defs +type=crs
EPSG,22408,NAD83(CSRS)v4 / UTM zone 8N,+proj=utm +zone=8 +ellps=GRS80 +units=m +no_defs +type=crs
EPSG,22409,NAD83(CSRS)v4 / UTM zone 9N,+proj=utm +zone=9 +ellps=GRS80 +units=m +no_defs +type=crs
EPSG,22410,NAD83(CSRS)v4 / UTM zone 10N,+proj=utm +zone=10 +ellps=GRS80 +units=m +no_defs +type=crs
EPSG,22411,NAD83(CSRS)v4 / UTM zone 11N,+proj=utm +zone=11 +ellps=GRS80 +units=m +no_defs +type=crs
EPSG,22412,NAD83(CSRS)v4 / UTM zone 12N,+proj=utm +zone=12 +ellps=GRS80 +units=m +no_defs +type=crs
EPSG,22413,NAD83(CSRS)v4 / UTM zone 13N,+proj=utm +zone=13 +ellps=GRS80 +units=m +no_defs +type=crs
EPSG,22414,NAD83(CSRS)v4 / UTM zone 14N,+proj=utm +zone=14 +ellps=GRS80 +units=m +no_defs +type=crs
EPSG,22415,NAD83(CSRS)v4 / UTM zone 15N,+proj=utm +zone=15 +ellps=GRS80 +units=m +no_defs +type=crs
EPSG,22416,NAD83(CSRS)v4 / UTM zone 16N,+proj=utm +zone=16 +ellps=GRS80 +units=m +no_defs +type=crs
EPSG,22417,NAD83(CSRS)v4 / UTM zone 17N,+proj=utm +zone=17 +ellps=GRS80 +units=m +no_defs +type=crs
EPSG,22418,NAD83(CSRS)v4 / UTM zone 18N,+proj=utm +zone=18 +ellps=GRS80 +units=m +no_defs +type=crs
EPSG,22419,NAD83(CSRS)v4 / UTM zone 19N,+proj=utm +zone=19 +ellps=GRS80 +units=m +no_defs +type=crs
EPSG,22420,NAD83(CSRS)v4 / UTM zone 20N,+proj=utm +zone=20 +ellps=GRS80 +units=m +no_defs +type=crs
EPSG,22421,NAD83(CSRS)v4 / UTM zone 21N,+proj=utm +zone=21 +ellps=GRS80 +units=m +no_defs +type=crs
EPSG,22422,NAD83(CSRS)v4 / UTM zone 22N,+proj=utm +zone=22 +ellps=GRS80 +units=m +no_defs +type=crs
EPSG,22462,NAD83(CSRS)v4 / Alberta 3TM ref merid 111 W,+proj=tmerc +lat_0=0 +lon_0=-111 +k=0.9999 +x_0=0 +y_0=0 +ellps=GRS80 +units=m +no_defs +type=crs
EPSG,22463,NAD83(CSRS)v4 / Alberta 3TM ref merid 114 W,+proj=tmerc +lat_0=0 +lon_0=-114 +k=0.9999 +x_0=0 +y_0=0 +ellps=GRS80 +units=m +no_defs +type=crs
EPSG,22464,NAD83(CSRS)v4 / Alberta 3TM ref merid 117 W,+proj=tmerc +lat_0=0 +lon_0=-117 +k=0.9999 +x_0=0 +y_0=0 +ellps=GRS80 +units=m +no_defs +type=crs
EPSG,22465,NAD83(CSRS)v4 / Alberta 3TM ref merid 120 W,+proj=tmerc +lat_0=0 +lon_0=-120 +k=0.9999 +x_0=0 +y_0=0 +ellps=GRS80 +units=m +no_defs +type=crs
EPSG,22521,Corrego Alegre 1970-72 / UTM zone 21S,+proj=utm +zone=21 +south +ellps=intl +units=m +no_defs +type=crs
EPSG,22522,Corrego Alegre 1970-72 / UTM zone 22S,+proj=utm +zone=22 +south +ellps=intl +units=m +no_defs +type=crs
EPSG,22523,Corrego Alegre 1970-72 / UTM zone 23S,+proj=utm +zone=23 +south +ellps=intl +units=m +no_defs +type=crs
EPSG,22524,Corrego Alegre 1970-72 / UTM zone 24S,+proj=utm +zone=24 +south +ellps=intl +units=m +no_defs +type=crs
EPSG,22525,Corrego Alegre 1970-72 / UTM zone 25S,+proj=utm +zone=25 +south +ellps=intl +units=m +no_defs +type=crs
EPSG,22607,NAD83(CSRS)v6 / UTM zone 7N,+proj=utm +zone=7 +ellps=GRS80 +units=m +no_defs +type=crs
EPSG,22608,NAD83(CSRS)v6 / UTM zone 8N,+proj=utm +zone=8 +ellps=GRS80 +units=m +no_defs +type=crs
EPSG,22609,NAD83(CSRS)v6 / UTM zone 9N,+proj=utm +zone=9 +ellps=GRS80 +units=m +no_defs +type=crs
EPSG,22610,NAD83(CSRS)v6 / UTM zone 10N,+proj=utm +zone=10 +ellps=GRS80 +units=m +no_defs +type=crs
EPSG,22611,NAD83(CSRS)v6 / UTM zone 11N,+proj=utm +zone=11 +ellps=GRS80 +units=m +no_defs +type=crs
EPSG,22612,NAD83(CSRS)v6 / UTM zone 12N,+proj=utm +zone=12 +ellps=GRS80 +units=m +no_defs +type=crs
EPSG,22613,NAD83(CSRS)v6 / UTM zone 13N,+proj=utm +zone=13 +ellps=GRS80 +units=m +no_defs +type=crs
EPSG,22614,NAD83(CSRS)v6 / UTM zone 14N,+proj=utm +zone=14 +ellps=GRS80 +units=m +no_defs +type=crs
EPSG,22615,NAD83(CSRS)v6 / UTM zone 15N,+proj=utm +zone=15 +ellps=GRS80 +units=m +no_defs +type=crs
EPSG,22616,NAD83(CSRS)v6 / UTM zone 16N,+proj=utm +zone=16 +ellps=GRS80 +units=m +no_defs +type=crs
EPSG,22617,NAD83(CSRS)v6 / UTM zone 17N,+proj=utm +zone=17 +ellps=GRS80 +units=m +no_defs +type=crs
EPSG,22618,NAD83(CSRS)v6 / UTM zone 18N,+proj=utm +zone=18 +ellps=GRS80 +units=m +no_defs +type=crs
EPSG,22619,NAD83(CSRS)v6 / UTM zone 19N,+proj=utm +zone=19 +ellps=GRS80 +units=m +no_defs +type=crs
EPSG,22620,NAD83(CSRS)v6 / UTM zone 20N,+proj=utm +zone=20 +ellps=GRS80 +units=m +no_defs +type=crs
EPSG,22621,NAD83(CSRS)v6 / UTM zone 21N,+proj=utm +zone=21 +ellps=GRS80 +units=m +no_defs +type=crs
EPSG,22622,NAD83(CSRS)v6 / UTM zone 22N,+proj=utm +zone=22 +ellps=GRS80 +units=m +no_defs +type=crs
EPSG,22639,NAD83(CSRS)v6 / PEI Stereographic,+proj=sterea +lat_0=47.25 +lon_0=-63 +k=0.999912 +x_0=400000 +y_0=800000 +ellps=GRS80 +units=m +no_defs +type=crs
EPSG,22641,NAD83(CSRS)v6 / MTM zone 1,+proj=tmerc +lat_0=0 +lon_0=-53 +k=0.9999 +x_0=304800 +y_0=0 +ellps=GRS80 +units=m +no_defs +type=crs
EPSG,22642,NAD83(CSRS)v6 / MTM zone 2,+proj=tmerc +lat_0=0 +lon_0=-56 +k=0.9999 +x_0=304800 +y_0=0 +ellps=GRS80 +units=m +no_defs +type=crs
EPSG,22643,NAD83(CSRS)v6 / MTM zone 3,+proj=tmerc +lat_0=0 +lon_0=-58.5 +k=0.9999 +x_0=304800 +y_0=0 +ellps=GRS80 +units=m +no_defs +type=crs
EPSG,22644,NAD83(CSRS)v6 / MTM zone 4,+proj=tmerc +lat_0=0 +lon_0=-61.5 +k=0.9999 +x_0=304800 +y_0=0 +ellps=GRS80 +units=m +no_defs +type=crs
EPSG,22645,NAD83(CSRS)v6 / MTM zone 5,+proj=tmerc +lat_0=0 +lon_0=-64.5 +k=0.9999 +x_0=304800 +y_0=0 +ellps=GRS80 +units=m +no_defs +type=crs
EPSG,22646,NAD83(CSRS)v6 / MTM zone 6,+proj=tmerc +lat_0=0 +lon_0=-67.5 +k=0.9999 +x_0=304800 +y_0=0 +ellps=GRS80 +units=m +no_defs +type=crs
EPSG,22648,NAD83(CSRS)v6 / MTM zone 8,+proj=tmerc +lat_0=0 +lon_0=-73.5 +k=0.9999 +x_0=304800 +y_0=0 +ellps=GRS80 +units=m +no_defs +type=crs
EPSG,22649,NAD83(CSRS)v6 / MTM zone 9,+proj=tmerc +lat_0=0 +lon_0=-76.5 +k=0.9999 +x_0=304800 +y_0=0 +ellps=GRS80 +units=m +no_defs +type=crs
EPSG,22650,NAD83(CSRS)v6 / MTM zone 10,+proj=tmerc +lat_0=0 +lon_0=-79.5 +k=0.9999 +x_0=304800 +y_0=0 +ellps=GRS80 +units=m +no_defs +type=crs
EPSG,22651,NAD83(CSRS)v6 / MTM zone 11,+proj=tmerc +lat_0=0 +lon_0=-82.5 +k=0.9999 +x_0=304800 +y_0=0 +ellps=GRS80 +units=m +no_defs +type=crs
EPSG,22652,NAD83(CSRS)v6 / MTM zone 12,+proj=tmerc +lat_0=0 +lon_0=-81 +k=0.9999 +x_0=304800 +y_0=0 +ellps=GRS80 +units=m +no_defs +type=crs
EPSG,22653,NAD83(CSRS)v6 / MTM zone 13,+proj=tmerc +lat_0=0 +lon_0=-84 +k=0.9999 +x_0=304800 +y_0=0 +ellps=GRS80 +units=m +no_defs +type=crs
EPSG,22654,NAD83(CSRS)v6 / MTM zone 14,+proj=tmerc +lat_0=0 +lon_0=-87 +k=0.9999 +x_0=304800 +y_0=0 +ellps=GRS80 +units=m +no_defs +type=crs
EPSG,22655,NAD83(CSRS)v6 / MTM zone 15,+proj=tmerc +lat_0=0 +lon_0=-90 +k=0.9999 +x_0=304800 +y_0=0 +ellps=GRS80 +units=m +no_defs +type=crs
EPSG,22656,NAD83(CSRS)v6 / MTM zone 16,+proj=tmerc +lat_0=0 +lon_0=-93 +k=0.9999 +x_0=304800 +y_0=0 +ellps=GRS80 +units=m +no_defs +type=crs
EPSG,22657,NAD83(CSRS)v6 / MTM zone 17,+proj=tmerc +lat_0=0 +lon_0=-96 +k=0.9999 +x_0=304800 +y_0=0 +ellps=GRS80 +units=m +no_defs +type=crs
EPSG,22707,NAD83(CSRS)v7 / UTM zone 7N,+proj=utm +zone=7 +ellps=GRS80 +units=m +no_defs +type=crs
EPSG,22708,NAD83(CSRS)v7 / UTM zone 8N,+proj=utm +zone=8 +ellps=GRS80 +units=m +no_defs +type=crs
EPSG,22709,NAD83(CSRS)v7 / UTM zone 9N,+proj=utm +zone=9 +ellps=GRS80 +units=m +no_defs +type=crs
EPSG,22710,NAD83(CSRS)v7 / UTM zone 10N,+proj=utm +zone=10 +ellps=GRS80 +units=m +no_defs +type=crs
EPSG,22711,NAD83(CSRS)v7 / UTM zone 11N,+proj=utm +zone=11 +ellps=GRS80 +units=m +no_defs +type=crs
EPSG,22712,NAD83(CSRS)v7 / UTM zone 12N,+proj=utm +zone=12 +ellps=GRS80 +units=m +no_defs +type=crs
EPSG,22713,NAD83(CSRS)v7 / UTM zone 13N,+proj=utm +zone=13 +ellps=GRS80 +units=m +no_defs +type=crs
EPSG,22714,NAD83(CSRS)v7 / UTM zone 14N,+proj=utm +zone=14 +ellps=GRS80 +units=m +no_defs +type=crs
EPSG,22715,NAD83(CSRS)v7 / UTM zone 15N,+proj=utm +zone=15 +ellps=GRS80 +units=m +no_defs +type=crs
EPSG,22716,NAD83(CSRS)v7 / UTM zone 16N,+proj=utm +zone=16 +ellps=GRS80 +units=m +no_defs +type=crs
EPSG,22717,NAD83(CSRS)v7 / UTM zone 17N,+proj=utm +zone=17 +ellps=GRS80 +units=m +no_defs +type=crs
EPSG,22718,NAD83(CSRS)v7 / UTM zone 18N,+proj=utm +zone=18 +ellps=GRS80 +units=m +no_defs +type=crs
EPSG,22719,NAD83(CSRS)v7 / UTM zone 19N,+proj=utm +zone=19 +ellps=GRS80 +units=m +no_defs +type=crs
EPSG,22720,NAD83(CSRS)v7 / UTM zone 20N,+proj=utm +zone=20 +ellps=GRS80 +units=m +no_defs +type=crs
EPSG,22721,NAD83(CSRS)v7 / UTM zone 21N,+proj=utm +zone=21 +ellps=GRS80 +units=m +no_defs +type=crs
EPSG,22722,NAD83(CSRS)v7 / UTM zone 22N,+proj=utm +zone=22 +ellps=GRS80 +units=m +no_defs +type=crs
EPSG,22739,NAD83(CSRS)v7 / PEI Stereographic,+proj=sterea +lat_0=47.25 +lon_0=-63 +k=0.999912 +x_0=400000 +y_0=800000 +ellps=GRS80 +units=m +no_defs +type=crs
EPSG,22762,NAD83(CSRS)v7 / Alberta 3TM ref merid 111 W,+proj=tmerc +lat_0=0 +lon_0=-111 +k=0.9999 +x_0=0 +y_0=0 +ellps=GRS80 +units=m +no_defs +type=crs
EPSG,22763,NAD83(CSRS)v7 / Alberta 3TM ref merid 114 W,+proj=tmerc +lat_0=0 +lon_0=-114 +k=0.9999 +x_0=0 +y_0=0 +ellps=GRS80 +units=m +no_defs +type=crs
EPSG,22764,NAD83(CSRS)v7 / Alberta 3TM ref merid 117 W,+proj=tmerc +lat_0=0 +lon_0=-117 +k=0.9999 +x_0=0 +y_0=0 +ellps=GRS80 +units=m +no_defs +type=crs
EPSG,22765,NAD83(CSRS)v7 / Alberta 3TM ref merid 120 W,+proj=tmerc +lat_0=0 +lon_0=-120 +k=0.9999 +x_0=0 +y_0=0 +ellps=GRS80 +units=m +no_defs +type=crs
EPSG,22770,Deir ez Zor / Syria Lambert,+proj=lcc +lat_1=34.65 +lat_0=34.65 +lon_0=37.35 +k_0=0.9996256 +x_0=300000 +y_0=300000 +ellps=clrk80ign +units=m +no_defs +type=crs
EPSG,22780,Deir ez Zor / Levant Stereographic,+proj=sterea +lat_0=34.2 +lon_0=39.15 +k=0.9995341 +x_0=0 +y_0=0 +ellps=clrk80ign +units=m +no_defs +type=crs
EPSG,22807,NAD83(CSRS)v8 / UTM zone 7N,+proj=utm +zone=7 +ellps=GRS80 +units=m +no_defs +type=crs
EPSG,22808,NAD83(CSRS)v8 / UTM zone 8N,+proj=utm +zone=8 +ellps=GRS80 +units=m +no_defs +type=crs
EPSG,22809,NAD83(CSRS)v8 / UTM zone 9N,+proj=utm +zone=9 +ellps=GRS80 +units=m +no_defs +type=crs
EPSG,22810,NAD83(CSRS)v8 / UTM zone 10N,+proj=utm +zone=10 +ellps=GRS80 +units=m +no_defs +type=crs
EPSG,22811,NAD83(CSRS)v8 / UTM zone 11N,+proj=utm +zone=11 +ellps=GRS80 +units=m +no_defs +type=crs
EPSG,22812,NAD83(CSRS)v8 / UTM zone 12N,+proj=utm +zone=12 +ellps=GRS80 +units=m +no_defs +type=crs
EPSG,22813,NAD83(CSRS)v8 / UTM zone 13N,+proj=utm +zone=13 +ellps=GRS80 +units=m +no_defs +type=crs
EPSG,22814,NAD83(CSRS)v8 / UTM zone 14N,+proj=utm +zone=14 +ellps=GRS80 +units=m +no_defs +type=crs
EPSG,22815,NAD83(CSRS)v8 / UTM zone 15N,+proj=utm +zone=15 +ellps=GRS80 +units=m +no_defs +type=crs
EPSG,22816,NAD83(CSRS)v8 / UTM zone 16N,+proj=utm +zone=16 +ellps=GRS80 +units=m +no_defs +type=crs
EPSG,22817,NAD83(CSRS)v8 / UTM zone 17N,+proj=utm +zone=17 +ellps=GRS80 +units=m +no_defs +type=crs
EPSG,22818,NAD83(CSRS)v8 / UTM zone 18N,+proj=utm +zone=18 +ellps=GRS80 +units=m +no_defs +type=crs
EPSG,22819,NAD83(CSRS)v8 / UTM zone 19N,+proj=utm +zone=19 +ellps=GRS80 +units=m +no_defs +type=crs
EPSG,22820,NAD83(CSRS)v8 / UTM zone 20N,+proj=utm +zone=20 +ellps=GRS80 +units=m +no_defs +type=crs
EPSG,22821,NAD83(CSRS)v8 / UTM zone 21N,+proj=utm +zone=21 +ellps=GRS80 +units=m +no_defs +type=crs
EPSG,22822,NAD83(CSRS)v8 / UTM zone 22N,+proj=utm +zone=22 +ellps=GRS80 +units=m +no_defs +type=crs
EPSG,22991,Egypt 1907 / Blue Belt,+proj=tmerc +lat_0=30 +lon_0=35 +k=1 +x_0=300000 +y_0=1100000 +ellps=helmert +units=m +no_defs +type=crs
EPSG,22992,Egypt 1907 / Red Belt,+proj=tmerc +lat_0=30 +lon_0=31 +k=1 +x_0=615000 +y_0=810000 +ellps=helmert +units=m +no_defs +type=crs
EPSG,22993,Egypt 1907 / Purple Belt,+proj=tmerc +lat_0=30 +lon_0=27 +k=1 +x_0=700000 +y_0=200000 +ellps=helmert +units=m +no_defs +type=crs
EPSG,22994,Egypt 1907 / Extended Purple Belt,+proj=tmerc +lat_0=30 +lon_0=27 +k=1 +x_0=700000 +y_0=1200000 +ellps=helmert +units=m +no_defs +type=crs
EPSG,23028,ED50 / UTM zone 28N,+proj=utm +zone=28 +ellps=intl +units=m +no_defs +type=crs
EPSG,23029,ED50 / UTM zone 29N,+proj=utm +zone=29 +ellps=intl +units=m +no_defs +type=crs
EPSG,23030,ED50 / UTM zone 30N,+proj=utm +zone=30 +ellps=intl +units=m +no_defs +type=crs
EPSG,23031,ED50 / UTM zone 31N,+proj=utm +zone=31 +ellps=intl +units=m +no_defs +type=crs
EPSG,23032,ED50 / UTM zone 32N,+proj=utm +zone=32 +ellps=intl +units=m +no_defs +type=crs
EPSG,23033,ED50 / UTM zone 33N,+proj=utm +zone=33 +ellps=intl +units=m +no_defs +type=crs
EPSG,23034,ED50 / UTM zone 34N,+proj=utm +zone=34 +ellps=intl +units=m +no_defs +type=crs
EPSG,23035,ED50 / UTM zone 35N,+proj=utm +zone=35 +ellps=intl +units=m +no_defs +type=crs
EPSG,23036,ED50 / UTM zone 36N,+proj=utm +zone=36 +ellps=intl +units=m +no_defs +type=crs
EPSG,23037,ED50 / UTM zone 37N,+proj=utm +zone=37 +ellps=intl +units=m +no_defs +type=crs
EPSG,23038,ED50 / UTM zone 38N,+proj=utm +zone=38 +ellps=intl +units=m +no_defs +type=crs
EPSG,23090,ED50 / TM 0 N,+proj=tmerc +lat_0=0 +lon_0=0 +k=0.9996 +x_0=500000 +y_0=0 +ellps=intl +units=m +no_defs +type=crs
EPSG,23095,ED50 / TM 5 NE,+proj=tmerc +lat_0=0 +lon_0=5 +k=0.9996 +x_0=500000 +y_0=0 +ellps=intl +units=m +no_defs +type=crs
EPSG,23239,Fahud / UTM zone 39N,+proj=utm +zone=39 +a=6378249.145 +rf=293.465 +units=m +no_defs +type=crs
EPSG,23240,Fahud / UTM zone 40N,+proj=utm +zone=40 +a=6378249.145 +rf=293.465 +units=m +no_defs +type=crs
EPSG,23301,NAD83(2011) / ICS83-Freeport (ftUS),+proj=lcc +lat_1=42.2 +lat_0=42.2 +lon_0=-89.95 +k_0=1.000029 +x_0=549860.2997206 +y_0=230124.460248921 +ellps=GRS80 +units=us-ft +no_defs +type=crs
EPSG,23302,NAD83(2011) / ICS83-Rockford (ftUS),+proj=tmerc +lat_0=41.25 +lon_0=-89.25 +k=1.000029 +x_0=860147.320294641 +y_0=149961.8999238 +ellps=GRS80 +units=us-ft +no_defs +type=crs
EPSG,23303,NAD83(2011) / ICS83-Aurora (ftUS),+proj=tmerc +lat_0=41.25 +lon_0=-88.5 +k=1.00003 +x_0=1150012.7000254 +y_0=149961.8999238 +ellps=GRS80 +units=us-ft +no_defs +type=crs
EPSG,23304,NAD83(2011) / ICS83-Chicago (ftUS),+proj=tmerc +lat_0=41.25 +lon_0=-87.8 +k=1.000023 +x_0=1449936.499873 +y_0=149961.8999238 +ellps=GRS80 +units=us-ft +no_defs +type=crs
EPSG,23305,NAD83(2011) / ICS83-Moline (ftUS),+proj=lcc +lat_1=41.55 +lat_0=41.55 +lon_0=-90.6 +k_0=1.000024 +x_0=1749860.2997206 +y_0=230124.460248921 +ellps=GRS80 +units=us-ft +no_defs +type=crs
EPSG,23306,NAD83(2011) / ICS83-Sterling (ftUS),+proj=lcc +lat_1=41.55 +lat_0=41.55 +lon_0=-90.05 +k_0=1.00002 +x_0=2050088.9001778 +y_0=230124.460248921 +ellps=GRS80 +units=us-ft +no_defs +type=crs
EPSG,23307,NAD83(2011) / ICS83-Ottawa (ftUS),+proj=lcc +lat_1=41.3 +lat_0=41.3 +lon_0=-89.05 +k_0=1.000023 +x_0=2360071.12014224 +y_0=230124.460248921 +ellps=GRS80 +units=us-ft +no_defs +type=crs
EPSG,23308,NAD83(2011) / ICS83-Joliet (ftUS),+proj=tmerc +lat_0=40.55 +lon_0=-88 +k=1.000022 +x_0=2649936.499873 +y_0=149961.8999238 +ellps=GRS80 +units=us-ft +no_defs +type=crs
EPSG,23309,NAD83(2011) / ICS83-Monmouth (ftUS),+proj=tmerc +lat_0=40.2 +lon_0=-90.85 +k=1.000024 +x_0=2949860.2997206 +y_0=149961.8999238 +ellps=GRS80 +units=us-ft +no_defs +type=crs
EPSG,23310,NAD83(2011) / ICS83-Galesburg (ftUS),+proj=tmerc +lat_0=37.25 +lon_0=-90.1 +k=1.000023 +x_0=70104.1402082804 +y_0=149961.8999238 +ellps=GRS80 +units=us-ft +no_defs +type=crs
EPSG,23311,NAD83(2011) / ICS83-Peoria (ftUS),+proj=tmerc +lat_0=37.4 +lon_0=-89.65 +k=1.000023 +x_0=420015.24003048 +y_0=189585.979171958 +ellps=GRS80 +units=us-ft +no_defs +type=crs
EPSG,23312,NAD83(2011) / ICS83-Eureka (ftUS),+proj=tmerc +lat_0=37.45 +lon_0=-89.3 +k=1.000025 +x_0=840030.48006096 +y_0=130149.860299721 +ellps=GRS80 +units=us-ft +no_defs +type=crs
EPSG,23313,NAD83(2011) / ICS83-Bloomington (ftUS),+proj=lcc +lat_1=40.5 +lat_0=40.5 +lon_0=-88.85 +k_0=1.000031 +x_0=1150012.7000254 +y_0=530048.26009652 +ellps=GRS80 +units=us-ft +no_defs +type=crs
EPSG,23314,NAD83(2011) / ICS83-Pontiac (ftUS),+proj=lcc +lat_1=40.9 +lat_0=40.9 +lon_0=-88.55 +k_0=1.000025 +x_0=1449936.499873 +y_0=530048.26009652 +ellps=GRS80 +units=us-ft +no_defs +type=crs
EPSG,23315,NAD83(2011) / ICS83-Watseka (ftUS),+proj=lcc +lat_1=40.75 +lat_0=40.75 +lon_0=-87.95 +k_0=1.000024 +x_0=1749860.2997206 +y_0=530048.26009652 +ellps=GRS80 +units=us-ft +no_defs +type=crs
EPSG,23316,NAD83(2011) / ICS83-Quincy (ftUS),+proj=tmerc +lat_0=36.75 +lon_0=-91.25 +k=1.000023 +x_0=2050088.9001778 +y_0=149961.8999238 +ellps=GRS80 +units=us-ft +no_defs +type=crs
EPSG,23317,NAD83(2011) / ICS83-Macomb (ftUS),+proj=tmerc +lat_0=36.8 +lon_0=-90.6 +k=1.000024 +x_0=2350012.7000254 +y_0=149961.8999238 +ellps=GRS80 +units=us-ft +no_defs +type=crs
EPSG,23318,NAD83(2011) / ICS83-Lincoln (ftUS),+proj=lcc +lat_1=40.15 +lat_0=40.15 +lon_0=-89.8 +k_0=1.000018 +x_0=2670053.34010668 +y_0=530048.26009652 +ellps=GRS80 +units=us-ft +no_defs +type=crs
EPSG,23319,NAD83(2011) / ICS83-Decatur (ftUS),+proj=tmerc +lat_0=36.3 +lon_0=-88.8 +k=1.000024 +x_0=2949860.2997206 +y_0=149961.8999238 +ellps=GRS80 +units=us-ft +no_defs +type=crs
EPSG,23320,NAD83(2011) / ICS83-Champaign (ftUS),+proj=lcc +lat_1=40.15 +lat_0=40.15 +lon_0=-88 +k_0=1.000026 +x_0=99974.5999491999 +y_0=860147.320294641 +ellps=GRS80 +units=us-ft +no_defs +type=crs
EPSG,23321,NAD83(2011) / ICS83-Jacksonville (ftUS),+proj=lcc +lat_1=39.65 +lat_0=39.65 +lon_0=-90.6 +k_0=1.000023 +x_0=380086.36017272 +y_0=860147.320294641 +ellps=GRS80 +units=us-ft +no_defs +type=crs
EPSG,23322,NAD83(2011) / ICS83-Springfield (ftUS),+proj=lcc +lat_1=39.75 +lat_0=39.75 +lon_0=-89.65 +k_0=1.000022 +x_0=709880.61976124 +y_0=879959.35991872 +ellps=GRS80 +units=us-ft +no_defs +type=crs
EPSG,23323,NAD83(2011) / ICS83-Charleston (ftUS),+proj=lcc +lat_1=39.65 +lat_0=39.65 +lon_0=-88 +k_0=1.000024 +x_0=1150012.7000254 +y_0=840030.48006096 +ellps=GRS80 +units=us-ft +no_defs +type=crs
EPSG,23324,NAD83(2011) / ICS83-Jerseyville (ftUS),+proj=tmerc +lat_0=32.85 +lon_0=-90.5 +k=1.000019 +x_0=1449936.499873 +y_0=149961.8999238 +ellps=GRS80 +units=us-ft +no_defs +type=crs
EPSG,23325,NAD83(2011) / ICS83-Carlinville (ftUS),+proj=lcc +lat_1=39.3 +lat_0=39.3 +lon_0=-90.15 +k_0=1.00002 +x_0=1749860.2997206 +y_0=840030.48006096 +ellps=GRS80 +units=us-ft +no_defs +type=crs
EPSG,23326,NAD83(2011) / ICS83-Taylorville (ftUS),+proj=tmerc +lat_0=33.15 +lon_0=-89.4 +k=1.000023 +x_0=2050088.9001778 +y_0=149961.8999238 +ellps=GRS80 +units=us-ft +no_defs +type=crs
EPSG,23327,NAD83(2011) / ICS83-Effingham (ftUS),+proj=lcc +lat_1=38.95 +lat_0=38.95 +lon_0=-89 +k_0=1.000019 +x_0=2350012.7000254 +y_0=840030.48006096 +ellps=GRS80 +units=us-ft +no_defs +type=crs
EPSG,23328,NAD83(2011) / ICS83-Robinson (ftUS),+proj=lcc +lat_1=39.1 +lat_0=39.1 +lon_0=-88 +k_0=1.000017 +x_0=2649936.499873 +y_0=840030.48006096 +ellps=GRS80 +units=us-ft +no_defs +type=crs
EPSG,23329,NAD83(2011) / ICS83-Belleville (ftUS),+proj=tmerc +lat_0=32.35 +lon_0=-90 +k=1.000016 +x_0=2949860.2997206 +y_0=149961.8999238 +ellps=GRS80 +units=us-ft +no_defs +type=crs
EPSG,23330,NAD83(2011) / ICS83-Mount Vernon (ftUS),+proj=lcc +lat_1=38.45 +lat_0=38.45 +lon_0=-89.15 +k_0=1.000015 +x_0=99974.5999491999 +y_0=1150012.7000254 +ellps=GRS80 +units=us-ft +no_defs +type=crs
EPSG,23331,NAD83(2011) / ICS83-Olney (ftUS),+proj=lcc +lat_1=38.55 +lat_0=38.55 +lon_0=-88.15 +k_0=1.000013 +x_0=380086.36017272 +y_0=1150012.7000254 +ellps=GRS80 +units=us-ft +no_defs +type=crs
EPSG,23332,NAD83(2011) / ICS83-Carbondale (ftUS),+proj=lcc +lat_1=37.9 +lat_0=37.9 +lon_0=-88.95 +k_0=1.000012 +x_0=729997.45999492 +y_0=1150012.7000254 +ellps=GRS80 +units=us-ft +no_defs +type=crs
EPSG,23333,NAD83(2011) / ICS83-Metropolis (ftUS),+proj=lcc +lat_1=37.2 +lat_0=37.2 +lon_0=-88.9 +k_0=1.00001 +x_0=1110083.82016764 +y_0=1170129.54025908 +ellps=GRS80 +units=us-ft +no_defs +type=crs
EPSG,23700,HD72 / EOV,+proj=somerc +lat_0=47.1443937222222 +lon_0=19.0485717777778 +k_0=0.99993 +x_0=650000 +y_0=200000 +ellps=GRS67 +units=m +no_defs +type=crs
EPSG,23830,DGN95 / Indonesia TM-3 zone 46.2,+proj=tmerc +lat_0=0 +lon_0=94.5 +k=0.9999 +x_0=200000 +y_0=1500000 +ellps=WGS84 +units=m +no_defs +type=crs
EPSG,23831,DGN95 / Indonesia TM-3 zone 47.1,+proj=tmerc +lat_0=0 +lon_0=97.5 +k=0.9999 +x_0=200000 +y_0=1500000 +ellps=WGS84 +units=m +no_defs +type=crs
EPSG,23832,DGN95 / Indonesia TM-3 zone 47.2,+proj=tmerc +lat_0=0 +lon_0=100.5 +k=0.9999 +x_0=200000 +y_0=1500000 +ellps=WGS84 +units=m +no_defs +type=crs
EPSG,23833,DGN95 / Indonesia TM-3 zone 48.1,+proj=tmerc +lat_0=0 +lon_0=103.5 +k=0.9999 +x_0=200000 +y_0=1500000 +ellps=WGS84 +units=m +no_defs +type=crs
EPSG,23834,DGN95 / Indonesia TM-3 zone 48.2,+proj=tmerc +lat_0=0 +lon_0=106.5 +k=0.9999 +x_0=200000 +y_0=1500000 +ellps=WGS84 +units=m +no_defs +type=crs
EPSG,23835,DGN95 / Indonesia TM-3 zone 49.1,+proj=tmerc +lat_0=0 +lon_0=109.5 +k=0.9999 +x_0=200000 +y_0=1500000 +ellps=WGS84 +units=m +no_defs +type=crs
EPSG,23836,DGN95 / Indonesia TM-3 zone 49.2,+proj=tmerc +lat_0=0 +lon_0=112.5 +k=0.9999 +x_0=200000 +y_0=1500000 +ellps=WGS84 +units=m +no_defs +type=crs
EPSG,23837,DGN95 / Indonesia TM-3 zone 50.1,+proj=tmerc +lat_0=0 +lon_0=115.5 +k=0.9999 +x_0=200000 +y_0=1500000 +ellps=WGS84 +units=m +no_defs +type=crs
EPSG,23838,DGN95 / Indonesia TM-3 zone 50.2,+proj=tmerc +lat_0=0 +lon_0=118.5 +k=0.9999 +x_0=200000 +y_0=1500000 +ellps=WGS84 +units=m +no_defs +type=crs
EPSG,23839,DGN95 / Indonesia TM-3 zone 51.1,+proj=tmerc +lat_0=0 +lon_0=121.5 +k=0.9999 +x_0=200000 +y_0=1500000 +ellps=WGS84 +units=m +no_defs +type=crs
EPSG,23840,DGN95 / Indonesia TM-3 zone 51.2,+proj=tmerc +lat_0=0 +lon_0=124.5 +k=0.9999 +x_0=200000 +y_0=1500000 +ellps=WGS84 +units=m +no_defs +type=crs
EPSG,23841,DGN95 / Indonesia TM-3 zone 52.1,+proj=tmerc +lat_0=0 +lon_0=127.5 +k=0.9999 +x_0=200000 +y_0=1500000 +ellps=WGS84 +units=m +no_defs +type=crs
EPSG,23842,DGN95 / Indonesia TM-3 zone 52.2,+proj=tmerc +lat_0=0 +lon_0=130.5 +k=0.9999 +x_0=200000 +y_0=1500000 +ellps=WGS84 +units=m +no_defs +type=crs
EPSG,23843,DGN95 / Indonesia TM-3 zone 53.1,+proj=tmerc +lat_0=0 +lon_0=133.5 +k=0.9999 +x_0=200000 +y_0=1500000 +ellps=WGS84 +units=m +no_defs +type=crs
EPSG,23844,DGN95 / Indonesia TM-3 zone 53.2,+proj=tmerc +lat_0=0 +lon_0=136.5 +k=0.9999 +x_0=200000 +y_0=1500000 +ellps=WGS84 +units=m +no_defs +type=crs
EPSG,23845,DGN95 / Indonesia TM-3 zone 54.1,+proj=tmerc +lat_0=0 +lon_0=139.5 +k=0.9999 +x_0=200000 +y_0=1500000 +ellps=WGS84 +units=m +no_defs +type=crs
EPSG,23846,ID74 / UTM zone 46N,+proj=utm +zone=46 +a=6378160 +rf=298.247 +units=m +no_defs +type=crs
EPSG,23847,ID74 / UTM zone 47N,+proj=utm +zone=47 +a=6378160 +rf=298.247 +units=m +no_defs +type=crs
EPSG,23848,ID74 / UTM zone 48N,+proj=utm +zone=48 +a=6378160 +rf=298.247 +units=m +no_defs +type=crs
EPSG,23849,ID74 / UTM zone 49N,+proj=utm +zone=49 +a=6378160 +rf=298.247 +units=m +no_defs +type=crs
EPSG,23850,ID74 / UTM zone 50N,+proj=utm +zone=50 +a=6378160 +rf=298.247 +units=m +no_defs +type=crs
EPSG,23851,ID74 / UTM zone 51N,+proj=utm +zone=51 +a=6378160 +rf=298.247 +units=m +no_defs +type=crs
EPSG,23852,ID74 / UTM zone 52N,+proj=utm +zone=52 +a=6378160 +rf=298.247 +units=m +no_defs +type=crs
EPSG,23866,DGN95 / UTM zone 46N,+proj=utm +zone=46 +ellps=WGS84 +units=m +no_defs +type=crs
EPSG,23867,DGN95 / UTM zone 47N,+proj=utm +zone=47 +ellps=WGS84 +units=m +no_defs +type=crs
EPSG,23868,DGN95 / UTM zone 48N,+proj=utm +zone=48 +ellps=WGS84 +units=m +no_defs +type=crs
EPSG,23869,DGN95 / UTM zone 49N,+proj=utm +zone=49 +ellps=WGS84 +units=m +no_defs +type=crs
EPSG,23870,DGN95 / UTM zone 50N,+proj=utm +zone=50 +ellps=WGS84 +units=m +no_defs +type=crs
EPSG,23871,DGN95 / UTM zone 51N,+proj=utm +zone=51 +ellps=WGS84 +units=m +no_defs +type=crs
EPSG,23872,DGN95 / UTM zone 52N,+proj=utm +zone=52 +ellps=WGS84 +units=m +no_defs +type=crs
EPSG,23877,DGN95 / UTM zone 47S,+proj=utm +zone=47 +south +ellps=WGS84 +units=m +no_defs +type=crs
EPSG,23878,DGN95 / UTM zone 48S,+proj=utm +zone=48 +south +ellps=WGS84 +units=m +no_defs +type=crs
EPSG,23879,DGN95 / UTM zone 49S,+proj=utm +zone=49 +south +ellps=WGS84 +units=m +no_defs +type=crs
EPSG,23880,DGN95 / UTM zone 50S,+proj=utm +zone=50 +south +ellps=WGS84 +units=m +no_defs +type=crs
EPSG,23881,DGN95 / UTM zone 51S,+proj=utm +zone=51 +south +ellps=WGS84 +units=m +no_defs +type=crs
EPSG,23882,DGN95 / UTM zone 52S,+proj=utm +zone=52 +south +ellps=WGS84 +units=m +no_defs +type=crs
EPSG,23883,DGN95 / UTM zone 53S,+proj=utm +zone=53 +south +ellps=WGS84 +units=m +no_defs +type=crs
EPSG,23884,DGN95 / UTM zone 54S,+proj=utm +zone=54 +south +ellps=WGS84 +units=m +no_defs +type=crs
EPSG,23887,ID74 / UTM zone 47S,+proj=utm +zone=47 +south +a=6378160 +rf=298.247 +units=m +no_defs +type=crs
EPSG,23888,ID74 / UTM zone 48S,+proj=utm +zone=48 +south +a=6378160 +rf=298.247 +units=m +no_defs +type=crs
EPSG,23889,ID74 / UTM zone 49S,+proj=utm +zone=49 +south +a=6378160 +rf=298.247 +units=m +no_defs +type=crs
EPSG,23890,ID74 / UTM zone 50S,+proj=utm +zone=50 +south +a=6378160 +rf=298.247 +units=m +no_defs +type=crs
EPSG,23891,ID74 / UTM zone 51S,+proj=utm +zone=51 +south +a=6378160 +rf=298.247 +units=m +no_defs +type=crs
EPSG,23892,ID74 / UTM zone 52S,+proj=utm +zone=52 +south +a=6378160 +rf=298.247 +units=m +no_defs +type=crs
EPSG,23893,ID74 / UTM zone 53S,+proj=utm +zone=53 +south +a=6378160 +rf=298.247 +units=m +no_defs +type=crs
EPSG,23894,ID74 / UTM zone 54S,+proj=utm +zone=54 +south +a=6378160 +rf=298.247 +units=m +no_defs +type=crs
EPSG,23946,Indian 1954 / UTM zone 46N,+proj=utm +zone=46 +ellps=evrst30 +units=m +no_defs +type=crs
EPSG,23947,Indian 1954 / UTM zone 47N,+proj=utm +zone=47 +ellps=evrst30 +units=m +no_defs +type=crs
EPSG,23948,Indian 1954 / UTM zone 48N,+proj=utm +zone=48 +ellps=evrst30 +units=m +no_defs +type=crs
EPSG,24047,Indian 1975 / UTM zone 47N,+proj=utm +zone=47 +ellps=evrst30 +units=m +no_defs +type=crs
EPSG,24048,Indian 1975 / UTM zone 48N,+proj=utm +zone=48 +ellps=evrst30 +units=m +no_defs +type=crs
EPSG,24100,Jamaica 1875 / Jamaica (Old Grid),+proj=lcc +lat_1=18 +lat_0=18 +lon_0=-77 +k_0=1 +x_0=167638.49597 +y_0=121918.90616 +a=6378249.14480801 +b=6356514.96620413 +to_meter=0.3047972654 +no_defs +type=crs
EPSG,24200,JAD69 / Jamaica National Grid,+proj=lcc +lat_1=18 +lat_0=18 +lon_0=-77 +k_0=1 +x_0=250000 +y_0=150000 +ellps=clrk66 +units=m +no_defs +type=crs
EPSG,24305,Kalianpur 1937 / UTM zone 45N,+proj=utm +zone=45 +ellps=evrst30 +units=m +no_defs +type=crs
EPSG,24306,Kalianpur 1937 / UTM zone 46N,+proj=utm +zone=46 +ellps=evrst30 +units=m +no_defs +type=crs
EPSG,24311,Kalianpur 1962 / UTM zone 41N,+proj=utm +zone=41 +a=6377301.243 +rf=300.8017255 +units=m +no_defs +type=crs
EPSG,24312,Kalianpur 1962 / UTM zone 42N,+proj=utm +zone=42 +a=6377301.243 +rf=300.8017255 +units=m +no_defs +type=crs
EPSG,24313,Kalianpur 1962 / UTM zone 43N,+proj=utm +zone=43 +a=6377301.243 +rf=300.8017255 +units=m +no_defs +type=crs
EPSG,24342,Kalianpur 1975 / UTM zone 42N,+proj=utm +zone=42 +a=6377299.151 +rf=300.8017255 +units=m +no_defs +type=crs
EPSG,24343,Kalianpur 1975 / UTM zone 43N,+proj=utm +zone=43 +a=6377299.151 +rf=300.8017255 +units=m +no_defs +type=crs
EPSG,24344,Kalianpur 1975 / UTM zone 44N,+proj=utm +zone=44 +a=6377299.151 +rf=300.8017255 +units=m +no_defs +type=crs
EPSG,24345,Kalianpur 1975 / UTM zone 45N,+proj=utm +zone=45 +a=6377299.151 +rf=300.8017255 +units=m +no_defs +type=crs
EPSG,24346,Kalianpur 1975 / UTM zone 46N,+proj=utm +zone=46 +a=6377299.151 +rf=300.8017255 +units=m +no_defs +type=crs
EPSG,24347,Kalianpur 1975 / UTM zone 47N,+proj=utm +zone=47 +a=6377299.151 +rf=300.8017255 +units=m +no_defs +type=crs
EPSG,24370,Kalianpur 1880 / India zone 0,+proj=lcc +lat_1=39.5 +lat_0=39.5 +lon_0=68 +k_0=0.99846154 +x_0=2153865.73916853 +y_0=2368292.1946281 +a=6377299.36559538 +b=6356098.35900516 +to_meter=0.914398530744441 +no_defs +type=crs
EPSG,24371,Kalianpur 1880 / India zone I,+proj=lcc +lat_1=32.5 +lat_0=32.5 +lon_0=68 +k_0=0.99878641 +x_0=2743195.59223332 +y_0=914398.530744441 +a=6377299.36559538 +b=6356098.35900516 +to_meter=0.914398530744441 +no_defs +type=crs
EPSG,24372,Kalianpur 1880 / India zone IIa,+proj=lcc +lat_1=26 +lat_0=26 +lon_0=74 +k_0=0.99878641 +x_0=2743195.59223332 +y_0=914398.530744441 +a=6377299.36559538 +b=6356098.35900516 +to_meter=0.914398530744441 +no_defs +type=crs
EPSG,24373,Kalianpur 1880 / India zone IIIa,+proj=lcc +lat_1=19 +lat_0=19 +lon_0=80 +k_0=0.99878641 +x_0=2743195.59223332 +y_0=914398.530744441 +a=6377299.36559538 +b=6356098.35900516 +to_meter=0.914398530744441 +no_defs +type=crs
EPSG,24374,Kalianpur 1880 / India zone IVa,+proj=lcc +lat_1=12 +lat_0=12 +lon_0=80 +k_0=0.99878641 +x_0=2743195.59223332 +y_0=914398.530744441 +a=6377299.36559538 +b=6356098.35900516 +to_meter=0.914398530744441 +no_defs +type=crs
EPSG,24375,Kalianpur 1937 / India zone IIb,+proj=lcc +lat_1=26 +lat_0=26 +lon_0=90 +k_0=0.99878641 +x_0=2743185.69 +y_0=914395.23 +ellps=evrst30 +units=m +no_defs +type=crs
EPSG,24376,Kalianpur 1962 / India zone I,+proj=lcc +lat_1=32.5 +lat_0=32.5 +lon_0=68 +k_0=0.99878641 +x_0=2743196.4 +y_0=914398.8 +a=6377301.243 +rf=300.8017255 +units=m +no_defs +type=crs
EPSG,24377,Kalianpur 1962 / India zone IIa,+proj=lcc +lat_1=26 +lat_0=26 +lon_0=74 +k_0=0.99878641 +x_0=2743196.4 +y_0=914398.8 +a=6377301.243 +rf=300.8017255 +units=m +no_defs +type=crs
EPSG,24378,Kalianpur 1975 / India zone I,+proj=lcc +lat_1=32.5 +lat_0=32.5 +lon_0=68 +k_0=0.99878641 +x_0=2743195.5 +y_0=914398.5 +a=6377299.151 +rf=300.8017255 +units=m +no_defs +type=crs
EPSG,24379,Kalianpur 1975 / India zone IIa,+proj=lcc +lat_1=26 +lat_0=26 +lon_0=74 +k_0=0.99878641 +x_0=2743195.5 +y_0=914398.5 +a=6377299.151 +rf=300.8017255 +units=m +no_defs +type=crs
EPSG,24380,Kalianpur 1975 / India zone IIb,+proj=lcc +lat_1=26 +lat_0=26 +lon_0=90 +k_0=0.99878641 +x_0=2743195.5 +y_0=914398.5 +a=6377299.151 +rf=300.8017255 +units=m +no_defs +type=crs
EPSG,24381,Kalianpur 1975 / India zone IIIa,+proj=lcc +lat_1=19 +lat_0=19 +lon_0=80 +k_0=0.99878641 +x_0=2743195.5 +y_0=914398.5 +a=6377299.151 +rf=300.8017255 +units=m +no_defs +type=crs
EPSG,24382,Kalianpur 1880 / India zone IIb,+proj=lcc +lat_1=26 +lat_0=26 +lon_0=90 +k_0=0.99878641 +x_0=2743195.59223332 +y_0=914398.530744441 +a=6377299.36559538 +b=6356098.35900516 +to_meter=0.914398530744441 +no_defs +type=crs
EPSG,24383,Kalianpur 1975 / India zone IVa,+proj=lcc +lat_1=12 +lat_0=12 +lon_0=80 +k_0=0.99878641 +x_0=2743195.5 +y_0=914398.5 +a=6377299.151 +rf=300.8017255 +units=m +no_defs +type=crs
EPSG,24500,Kertau 1968 / Singapore Grid,+proj=cass +lat_0=1.28764666666667 +lon_0=103.853002222222 +x_0=30000 +y_0=30000 +ellps=evrst48 +units=m +no_defs +type=crs
EPSG,24547,Kertau 1968 / UTM zone 47N,+proj=utm +zone=47 +ellps=evrst48 +units=m +no_defs +type=crs
EPSG,24548,Kertau 1968 / UTM zone 48N,+proj=utm +zone=48 +ellps=evrst48 +units=m +no_defs +type=crs
EPSG,24600,KOC Lambert,+proj=lcc +lat_1=32.5 +lat_0=32.5 +lon_0=45 +k_0=0.9987864078 +x_0=1500000 +y_0=1166200 +a=6378249.145 +rf=293.465 +units=m +no_defs +type=crs
EPSG,24718,La Canoa / UTM zone 18N,+proj=utm +zone=18 +ellps=intl +units=m +no_defs +type=crs
EPSG,24719,La Canoa / UTM zone 19N,+proj=utm +zone=19 +ellps=intl +units=m +no_defs +type=crs
EPSG,24720,La Canoa / UTM zone 20N,+proj=utm +zone=20 +ellps=intl +units=m +no_defs +type=crs
EPSG,24817,PSAD56 / UTM zone 17N,+proj=utm +zone=17 +ellps=intl +units=m +no_defs +type=crs
EPSG,24818,PSAD56 / UTM zone 18N,+proj=utm +zone=18 +ellps=intl +units=m +no_defs +type=crs
EPSG,24819,PSAD56 / UTM zone 19N,+proj=utm +zone=19 +ellps=intl +units=m +no_defs +type=crs
EPSG,24820,PSAD56 / UTM zone 20N,+proj=utm +zone=20 +ellps=intl +units=m +no_defs +type=crs
EPSG,24821,PSAD56 / UTM zone 21N,+proj=utm +zone=21 +ellps=intl +units=m +no_defs +type=crs
EPSG,24877,PSAD56 / UTM zone 17S,+proj=utm +zone=17 +south +ellps=intl +units=m +no_defs +type=crs
EPSG,24878,PSAD56 / UTM zone 18S,+proj=utm +zone=18 +south +ellps=intl +units=m +no_defs +type=crs
EPSG,24879,PSAD56 / UTM zone 19S,+proj=utm +zone=19 +south +ellps=intl +units=m +no_defs +type=crs
EPSG,24880,PSAD56 / UTM zone 20S,+proj=utm +zone=20 +south +ellps=intl +units=m +no_defs +type=crs
EPSG,24881,PSAD56 / UTM zone 21S,+proj=utm +zone=21 +south +ellps=intl +units=m +no_defs +type=crs
EPSG,24882,PSAD56 / UTM zone 22S,+proj=utm +zone=22 +south +ellps=intl +units=m +no_defs +type=crs
EPSG,24891,PSAD56 / Peru west zone,+proj=tmerc +lat_0=-6 +lon_0=-80.5 +k=0.99983008 +x_0=222000 +y_0=1426834.743 +ellps=intl +units=m +no_defs +type=crs
EPSG,24892,PSAD56 / Peru central zone,+proj=tmerc +lat_0=-9.5 +lon_0=-76 +k=0.99932994 +x_0=720000 +y_0=1039979.159 +ellps=intl +units=m +no_defs +type=crs
EPSG,24893,PSAD56 / Peru east zone,+proj=tmerc +lat_0=-9.5 +lon_0=-70.5 +k=0.99952992 +x_0=1324000 +y_0=1040084.558 +ellps=intl +units=m +no_defs +type=crs
EPSG,25000,Leigon / Ghana Metre Grid,+proj=tmerc +lat_0=4.66666666666667 +lon_0=-1 +k=0.99975 +x_0=274319.51 +y_0=0 +a=6378249.145 +rf=293.465 +units=m +no_defs +type=crs
EPSG,25231,Lome / UTM zone 31N,+proj=utm +zone=31 +ellps=clrk80ign +units=m +no_defs +type=crs
EPSG,25391,Luzon 1911 / Philippines zone I,+proj=tmerc +lat_0=0 +lon_0=117 +k=0.99995 +x_0=500000 +y_0=0 +ellps=clrk66 +units=m +no_defs +type=crs
EPSG,25392,Luzon 1911 / Philippines zone II,+proj=tmerc +lat_0=0 +lon_0=119 +k=0.99995 +x_0=500000 +y_0=0 +ellps=clrk66 +units=m +no_defs +type=crs
EPSG,25393,Luzon 1911 / Philippines zone III,+proj=tmerc +lat_0=0 +lon_0=121 +k=0.99995 +x_0=500000 +y_0=0 +ellps=clrk66 +units=m +no_defs +type=crs
EPSG,25394,Luzon 1911 / Philippines zone IV,+proj=tmerc +lat_0=0 +lon_0=123 +k=0.99995 +x_0=500000 +y_0=0 +ellps=clrk66 +units=m +no_defs +type=crs
EPSG,25395,Luzon 1911 / Philippines zone V,+proj=tmerc +lat_0=0 +lon_0=125 +k=0.99995 +x_0=500000 +y_0=0 +ellps=clrk66 +units=m +no_defs +type=crs
EPSG,25828,ETRS89 / UTM zone 28N,+proj=utm +zone=28 +ellps=GRS80 +units=m +no_defs +type=crs
EPSG,25829,ETRS89 / UTM zone 29N,+proj=utm +zone=29 +ellps=GRS80 +units=m +no_defs +type=crs
EPSG,25830,ETRS89 / UTM zone 30N,+proj=utm +zone=30 +ellps=GRS80 +units=m +no_defs +type=crs
EPSG,25831,ETRS89 / UTM zone 31N,+proj=utm +zone=31 +ellps=GRS80 +units=m +no_defs +type=crs
EPSG,25832,ETRS89 / UTM zone 32N,+proj=utm +zone=32 +ellps=GRS80 +units=m +no_defs +type=crs
EPSG,25833,ETRS89 / UTM zone 33N,+proj=utm +zone=33 +ellps=GRS80 +units=m +no_defs +type=crs
EPSG,25834,ETRS89 / UTM zone 34N,+proj=utm +zone=34 +ellps=GRS80 +units=m +no_defs +type=crs
EPSG,25835,ETRS89 / UTM zone 35N,+proj=utm +zone=35 +ellps=GRS80 +units=m +no_defs +type=crs
EPSG,25836,ETRS89 / UTM zone 36N,+proj=utm +zone=36 +ellps=GRS80 +units=m +no_defs +type=crs
EPSG,25837,ETRS89 / UTM zone 37N,+proj=utm +zone=37 +ellps=GRS80 +units=m +no_defs +type=crs
EPSG,25884,ETRS89 / TM Baltic93,+proj=tmerc +lat_0=0 +lon_0=24 +k=0.9996 +x_0=500000 +y_0=0 +ellps=GRS80 +units=m +no_defs +type=crs
EPSG,25932,Malongo 1987 / UTM zone 32S,+proj=utm +zone=32 +south +ellps=intl +units=m +no_defs +type=crs
EPSG,26191,Merchich / Nord Maroc,+proj=lcc +lat_1=33.3 +lat_0=33.3 +lon_0=-5.4 +k_0=0.999625769 +x_0=500000 +y_0=300000 +ellps=clrk80ign +units=m +no_defs +type=crs
EPSG,26192,Merchich / Sud Maroc,+proj=lcc +lat_1=29.7 +lat_0=29.7 +lon_0=-5.4 +k_0=0.999615596 +x_0=500000 +y_0=300000 +ellps=clrk80ign +units=m +no_defs +type=crs
EPSG,26194,Merchich / Sahara Nord,+proj=lcc +lat_1=26.1 +lat_0=26.1 +lon_0=-5.4 +k_0=0.999616304 +x_0=1200000 +y_0=400000 +ellps=clrk80ign +units=m +no_defs +type=crs
EPSG,26195,Merchich / Sahara Sud,+proj=lcc +lat_1=22.5 +lat_0=22.5 +lon_0=-5.4 +k_0=0.999616437 +x_0=1500000 +y_0=400000 +ellps=clrk80ign +units=m +no_defs +type=crs
EPSG,26237,Massawa / UTM zone 37N,+proj=utm +zone=37 +ellps=bessel +units=m +no_defs +type=crs
EPSG,26331,Minna / UTM zone 31N,+proj=utm +zone=31 +a=6378249.145 +rf=293.465 +units=m +no_defs +type=crs
EPSG,26332,Minna / UTM zone 32N,+proj=utm +zone=32 +a=6378249.145 +rf=293.465 +units=m +no_defs +type=crs
EPSG,26391,Minna / Nigeria West Belt,+proj=tmerc +lat_0=4 +lon_0=4.5 +k=0.99975 +x_0=230738.26 +y_0=0 +a=6378249.145 +rf=293.465 +units=m +no_defs +type=crs
EPSG,26392,Minna / Nigeria Mid Belt,+proj=tmerc +lat_0=4 +lon_0=8.5 +k=0.99975 +x_0=670553.98 +y_0=0 +a=6378249.145 +rf=293.465 +units=m +no_defs +type=crs
EPSG,26393,Minna / Nigeria East Belt,+proj=tmerc +lat_0=4 +lon_0=12.5 +k=0.99975 +x_0=1110369.7 +y_0=0 +a=6378249.145 +rf=293.465 +units=m +no_defs +type=crs
EPSG,26632,M'poraloko / UTM zone 32N,+proj=utm +zone=32 +ellps=clrk80ign +units=m +no_defs +type=crs
EPSG,26692,M'poraloko / UTM zone 32S,+proj=utm +zone=32 +south +ellps=clrk80ign +units=m +no_defs +type=crs
EPSG,26701,NAD27 / UTM zone 1N,+proj=utm +zone=1 +datum=NAD27 +units=m +no_defs +type=crs
EPSG,26702,NAD27 / UTM zone 2N,+proj=utm +zone=2 +datum=NAD27 +units=m +no_defs +type=crs
EPSG,26703,NAD27 / UTM zone 3N,+proj=utm +zone=3 +datum=NAD27 +units=m +no_defs +type=crs
EPSG,26704,NAD27 / UTM zone 4N,+proj=utm +zone=4 +datum=NAD27 +units=m +no_defs +type=crs
EPSG,26705,NAD27 / UTM zone 5N,+proj=utm +zone=5 +datum=NAD27 +units=m +no_defs +type=crs
EPSG,26706,NAD27 / UTM zone 6N,+proj=utm +zone=6 +datum=NAD27 +units=m +no_defs +type=crs
EPSG,26707,NAD27 / UTM zone 7N,+proj=utm +zone=7 +datum=NAD27 +units=m +no_defs +type=crs
EPSG,26708,NAD27 / UTM zone 8N,+proj=utm +zone=8 +datum=NAD27 +units=m +no_defs +type=crs
EPSG,26709,NAD27 / UTM zone 9N,+proj=utm +zone=9 +datum=NAD27 +units=m +no_defs +type=crs
EPSG,26710,NAD27 / UTM zone 10N,+proj=utm +zone=10 +datum=NAD27 +units=m +no_defs +type=crs
EPSG,26711,NAD27 / UTM zone 11N,+proj=utm +zone=11 +datum=NAD27 +units=m +no_defs +type=crs
EPSG,26712,NAD27 / UTM zone 12N,+proj=utm +zone=12 +datum=NAD27 +units=m +no_defs +type=crs
EPSG,26713,NAD27 / UTM zone 13N,+proj=utm +zone=13 +datum=NAD27 +units=m +no_defs +type=crs
EPSG,26714,NAD27 / UTM zone 14N,+proj=utm +zone=14 +datum=NAD27 +units=m +no_defs +type=crs
EPSG,26715,NAD27 / UTM zone 15N,+proj=utm +zone=15 +datum=NAD27 +units=m +no_defs +type=crs
EPSG,26716,NAD27 / UTM zone 16N,+proj=utm +zone=16 +datum=NAD27 +units=m +no_defs +type=crs
EPSG,26717,NAD27 / UTM zone 17N,+proj=utm +zone=17 +datum=NAD27 +units=m +no_defs +type=crs
EPSG,26718,NAD27 / UTM zone 18N,+proj=utm +zone=18 +datum=NAD27 +units=m +no_defs +type=crs
EPSG,26719,NAD27 / UTM zone 19N,+proj=utm +zone=19 +datum=NAD27 +units=m +no_defs +type=crs
EPSG,26720,NAD27 / UTM zone 20N,+proj=utm +zone=20 +datum=NAD27 +units=m +no_defs +type=crs
EPSG,26721,NAD27 / UTM zone 21N,+proj=utm +zone=21 +datum=NAD27 +units=m +no_defs +type=crs
EPSG,26722,NAD27 / UTM zone 22N,+proj=utm +zone=22 +datum=NAD27 +units=m +no_defs +type=crs
EPSG,26729,NAD27 / Alabama East,+proj=tmerc +lat_0=30.5 +lon_0=-85.8333333333333 +k=0.99996 +x_0=152400.30480061 +y_0=0 +datum=NAD27 +units=us-ft +no_defs +type=crs
EPSG,26730,NAD27 / Alabama West,+proj=tmerc +lat_0=30 +lon_0=-87.5 +k=0.999933333 +x_0=152400.30480061 +y_0=0 +datum=NAD27 +units=us-ft +no_defs +type=crs
EPSG,26731,NAD27 / Alaska zone 1,+proj=omerc +no_uoff +lat_0=57 +lonc=-133.666666666667 +alpha=323.130102361111 +gamma=323.130102361111 +k=0.9999 +x_0=5000000.001016 +y_0=-5000000.001016 +datum=NAD27 +units=us-ft +no_defs +type=crs
EPSG,26732,NAD27 / Alaska zone 2,+proj=tmerc +lat_0=54 +lon_0=-142 +k=0.9999 +x_0=152400.30480061 +y_0=0 +datum=NAD27 +units=us-ft +no_defs +type=crs
EPSG,26733,NAD27 / Alaska zone 3,+proj=tmerc +lat_0=54 +lon_0=-146 +k=0.9999 +x_0=152400.30480061 +y_0=0 +datum=NAD27 +units=us-ft +no_defs +type=crs
EPSG,26734,NAD27 / Alaska zone 4,+proj=tmerc +lat_0=54 +lon_0=-150 +k=0.9999 +x_0=152400.30480061 +y_0=0 +datum=NAD27 +units=us-ft +no_defs +type=crs
EPSG,26735,NAD27 / Alaska zone 5,+proj=tmerc +lat_0=54 +lon_0=-154 +k=0.9999 +x_0=152400.30480061 +y_0=0 +datum=NAD27 +units=us-ft +no_defs +type=crs
EPSG,26736,NAD27 / Alaska zone 6,+proj=tmerc +lat_0=54 +lon_0=-158 +k=0.9999 +x_0=152400.30480061 +y_0=0 +datum=NAD27 +units=us-ft +no_defs +type=crs
EPSG,26737,NAD27 / Alaska zone 7,+proj=tmerc +lat_0=54 +lon_0=-162 +k=0.9999 +x_0=213360.426720853 +y_0=0 +datum=NAD27 +units=us-ft +no_defs +type=crs
EPSG,26738,NAD27 / Alaska zone 8,+proj=tmerc +lat_0=54 +lon_0=-166 +k=0.9999 +x_0=152400.30480061 +y_0=0 +datum=NAD27 +units=us-ft +no_defs +type=crs
EPSG,26739,NAD27 / Alaska zone 9,+proj=tmerc +lat_0=54 +lon_0=-170 +k=0.9999 +x_0=182880.365760732 +y_0=0 +datum=NAD27 +units=us-ft +no_defs +type=crs
EPSG,26740,NAD27 / Alaska zone 10,+proj=lcc +lat_0=51 +lon_0=-176 +lat_1=53.8333333333333 +lat_2=51.8333333333333 +x_0=914401.828803658 +y_0=0 +datum=NAD27 +units=us-ft +no_defs +type=crs
EPSG,26741,NAD27 / California zone I,+proj=lcc +lat_0=39.3333333333333 +lon_0=-122 +lat_1=41.6666666666667 +lat_2=40 +x_0=609601.219202438 +y_0=0 +datum=NAD27 +units=us-ft +no_defs +type=crs
EPSG,26742,NAD27 / California zone II,+proj=lcc +lat_0=37.6666666666667 +lon_0=-122 +lat_1=39.8333333333333 +lat_2=38.3333333333333 +x_0=609601.219202438 +y_0=0 +datum=NAD27 +units=us-ft +no_defs +type=crs
EPSG,26743,NAD27 / California zone III,+proj=lcc +lat_0=36.5 +lon_0=-120.5 +lat_1=38.4333333333333 +lat_2=37.0666666666667 +x_0=609601.219202438 +y_0=0 +datum=NAD27 +units=us-ft +no_defs +type=crs
EPSG,26744,NAD27 / California zone IV,+proj=lcc +lat_0=35.3333333333333 +lon_0=-119 +lat_1=37.25 +lat_2=36 +x_0=609601.219202438 +y_0=0 +datum=NAD27 +units=us-ft +no_defs +type=crs
EPSG,26745,NAD27 / California zone V,+proj=lcc +lat_0=33.5 +lon_0=-118 +lat_1=35.4666666666667 +lat_2=34.0333333333333 +x_0=609601.219202438 +y_0=0 +datum=NAD27 +units=us-ft +no_defs +type=crs
EPSG,26746,NAD27 / California zone VI,+proj=lcc +lat_0=32.1666666666667 +lon_0=-116.25 +lat_1=33.8833333333333 +lat_2=32.7833333333333 +x_0=609601.219202438 +y_0=0 +datum=NAD27 +units=us-ft +no_defs +type=crs
EPSG,26748,NAD27 / Arizona East,+proj=tmerc +lat_0=31 +lon_0=-110.166666666667 +k=0.9999 +x_0=152400.30480061 +y_0=0 +datum=NAD27 +units=us-ft +no_defs +type=crs
EPSG,26749,NAD27 / Arizona Central,+proj=tmerc +lat_0=31 +lon_0=-111.916666666667 +k=0.9999 +x_0=152400.30480061 +y_0=0 +datum=NAD27 +units=us-ft +no_defs +type=crs
EPSG,26750,NAD27 / Arizona West,+proj=tmerc +lat_0=31 +lon_0=-113.75 +k=0.999933333 +x_0=152400.30480061 +y_0=0 +datum=NAD27 +units=us-ft +no_defs +type=crs
EPSG,26751,NAD27 / Arkansas North,+proj=lcc +lat_0=34.3333333333333 +lon_0=-92 +lat_1=36.2333333333333 +lat_2=34.9333333333333 +x_0=609601.219202438 +y_0=0 +datum=NAD27 +units=us-ft +no_defs +type=crs
EPSG,26752,NAD27 / Arkansas South,+proj=lcc +lat_0=32.6666666666667 +lon_0=-92 +lat_1=34.7666666666667 +lat_2=33.3 +x_0=609601.219202438 +y_0=0 +datum=NAD27 +units=us-ft +no_defs +type=crs
EPSG,26753,NAD27 / Colorado North,+proj=lcc +lat_0=39.3333333333333 +lon_0=-105.5 +lat_1=39.7166666666667 +lat_2=40.7833333333333 +x_0=609601.219202438 +y_0=0 +datum=NAD27 +units=us-ft +no_defs +type=crs
EPSG,26754,NAD27 / Colorado Central,+proj=lcc +lat_0=37.8333333333333 +lon_0=-105.5 +lat_1=39.75 +lat_2=38.45 +x_0=609601.219202438 +y_0=0 +datum=NAD27 +units=us-ft +no_defs +type=crs
EPSG,26755,NAD27 / Colorado South,+proj=lcc +lat_0=36.6666666666667 +lon_0=-105.5 +lat_1=38.4333333333333 +lat_2=37.2333333333333 +x_0=609601.219202438 +y_0=0 +datum=NAD27 +units=us-ft +no_defs +type=crs
EPSG,26756,NAD27 / Connecticut,+proj=lcc +lat_0=40.8333333333333 +lon_0=-72.75 +lat_1=41.8666666666667 +lat_2=41.2 +x_0=182880.365760732 +y_0=0 +datum=NAD27 +units=us-ft +no_defs +type=crs
EPSG,26757,NAD27 / Delaware,+proj=tmerc +lat_0=38 +lon_0=-75.4166666666667 +k=0.999995 +x_0=152400.30480061 +y_0=0 +datum=NAD27 +units=us-ft +no_defs +type=crs
EPSG,26758,NAD27 / Florida East,+proj=tmerc +lat_0=24.3333333333333 +lon_0=-81 +k=0.999941177 +x_0=152400.30480061 +y_0=0 +datum=NAD27 +units=us-ft +no_defs +type=crs
EPSG,26759,NAD27 / Florida West,+proj=tmerc +lat_0=24.3333333333333 +lon_0=-82 +k=0.999941177 +x_0=152400.30480061 +y_0=0 +datum=NAD27 +units=us-ft +no_defs +type=crs
EPSG,26760,NAD27 / Florida North,+proj=lcc +lat_0=29 +lon_0=-84.5 +lat_1=30.75 +lat_2=29.5833333333333 +x_0=609601.219202438 +y_0=0 +datum=NAD27 +units=us-ft +no_defs +type=crs
EPSG,26766,NAD27 / Georgia East,+proj=tmerc +lat_0=30 +lon_0=-82.1666666666667 +k=0.9999 +x_0=152400.30480061 +y_0=0 +datum=NAD27 +units=us-ft +no_defs +type=crs
EPSG,26767,NAD27 / Georgia West,+proj=tmerc +lat_0=30 +lon_0=-84.1666666666667 +k=0.9999 +x_0=152400.30480061 +y_0=0 +datum=NAD27 +units=us-ft +no_defs +type=crs
EPSG,26768,NAD27 / Idaho East,+proj=tmerc +lat_0=41.6666666666667 +lon_0=-112.166666666667 +k=0.999947368 +x_0=152400.30480061 +y_0=0 +datum=NAD27 +units=us-ft +no_defs +type=crs
EPSG,26769,NAD27 / Idaho Central,+proj=tmerc +lat_0=41.6666666666667 +lon_0=-114 +k=0.999947368 +x_0=152400.30480061 +y_0=0 +datum=NAD27 +units=us-ft +no_defs +type=crs
EPSG,26770,NAD27 / Idaho West,+proj=tmerc +lat_0=41.6666666666667 +lon_0=-115.75 +k=0.999933333 +x_0=152400.30480061 +y_0=0 +datum=NAD27 +units=us-ft +no_defs +type=crs
EPSG,26771,NAD27 / Illinois East,+proj=tmerc +lat_0=36.6666666666667 +lon_0=-88.3333333333333 +k=0.999975 +x_0=152400.30480061 +y_0=0 +datum=NAD27 +units=us-ft +no_defs +type=crs
EPSG,26772,NAD27 / Illinois West,+proj=tmerc +lat_0=36.6666666666667 +lon_0=-90.1666666666667 +k=0.999941177 +x_0=152400.30480061 +y_0=0 +datum=NAD27 +units=us-ft +no_defs +type=crs
EPSG,26773,NAD27 / Indiana East,+proj=tmerc +lat_0=37.5 +lon_0=-85.6666666666667 +k=0.999966667 +x_0=152400.30480061 +y_0=0 +datum=NAD27 +units=us-ft +no_defs +type=crs
EPSG,26774,NAD27 / Indiana West,+proj=tmerc +lat_0=37.5 +lon_0=-87.0833333333333 +k=0.999966667 +x_0=152400.30480061 +y_0=0 +datum=NAD27 +units=us-ft +no_defs +type=crs
EPSG,26775,NAD27 / Iowa North,+proj=lcc +lat_0=41.5 +lon_0=-93.5 +lat_1=43.2666666666667 +lat_2=42.0666666666667 +x_0=609601.219202438 +y_0=0 +datum=NAD27 +units=us-ft +no_defs +type=crs
EPSG,26776,NAD27 / Iowa South,+proj=lcc +lat_0=40 +lon_0=-93.5 +lat_1=41.7833333333333 +lat_2=40.6166666666667 +x_0=609601.219202438 +y_0=0 +datum=NAD27 +units=us-ft +no_defs +type=crs
EPSG,26777,NAD27 / Kansas North,+proj=lcc +lat_0=38.3333333333333 +lon_0=-98 +lat_1=39.7833333333333 +lat_2=38.7166666666667 +x_0=609601.219202438 +y_0=0 +datum=NAD27 +units=us-ft +no_defs +type=crs
EPSG,26778,NAD27 / Kansas South,+proj=lcc +lat_0=36.6666666666667 +lon_0=-98.5 +lat_1=38.5666666666667 +lat_2=37.2666666666667 +x_0=609601.219202438 +y_0=0 +datum=NAD27 +units=us-ft +no_defs +type=crs
EPSG,26779,NAD27 / Kentucky North,+proj=lcc +lat_0=37.5 +lon_0=-84.25 +lat_1=37.9666666666667 +lat_2=38.9666666666667 +x_0=609601.219202438 +y_0=0 +datum=NAD27 +units=us-ft +no_defs +type=crs
EPSG,26780,NAD27 / Kentucky South,+proj=lcc +lat_0=36.3333333333333 +lon_0=-85.75 +lat_1=36.7333333333333 +lat_2=37.9333333333333 +x_0=609601.219202438 +y_0=0 +datum=NAD27 +units=us-ft +no_defs +type=crs
EPSG,26781,NAD27 / Louisiana North,+proj=lcc +lat_0=30.6666666666667 +lon_0=-92.5 +lat_1=31.1666666666667 +lat_2=32.6666666666667 +x_0=609601.219202438 +y_0=0 +datum=NAD27 +units=us-ft +no_defs +type=crs
EPSG,26782,NAD27 / Louisiana South,+proj=lcc +lat_0=28.6666666666667 +lon_0=-91.3333333333333 +lat_1=29.3 +lat_2=30.7 +x_0=609601.219202438 +y_0=0 +datum=NAD27 +units=us-ft +no_defs +type=crs
EPSG,26783,NAD27 / Maine East,+proj=tmerc +lat_0=43.8333333333333 +lon_0=-68.5 +k=0.9999 +x_0=152400.30480061 +y_0=0 +datum=NAD27 +units=us-ft +no_defs +type=crs
EPSG,26784,NAD27 / Maine West,+proj=tmerc +lat_0=42.8333333333333 +lon_0=-70.1666666666667 +k=0.999966667 +x_0=152400.30480061 +y_0=0 +datum=NAD27 +units=us-ft +no_defs +type=crs
EPSG,26785,NAD27 / Maryland,+proj=lcc +lat_0=37.8333333333333 +lon_0=-77 +lat_1=38.3 +lat_2=39.45 +x_0=243840.487680975 +y_0=0 +datum=NAD27 +units=us-ft +no_defs +type=crs
EPSG,26786,NAD27 / Massachusetts Mainland,+proj=lcc +lat_0=41 +lon_0=-71.5 +lat_1=41.7166666666667 +lat_2=42.6833333333333 +x_0=182880.365760732 +y_0=0 +datum=NAD27 +units=us-ft +no_defs +type=crs
EPSG,26787,NAD27 / Massachusetts Island,+proj=lcc +lat_0=41 +lon_0=-70.5 +lat_1=41.2833333333333 +lat_2=41.4833333333333 +x_0=60960.1219202439 +y_0=0 +datum=NAD27 +units=us-ft +no_defs +type=crs
EPSG,26791,NAD27 / Minnesota North,+proj=lcc +lat_0=46.5 +lon_0=-93.1 +lat_1=47.0333333333333 +lat_2=48.6333333333333 +x_0=609601.219202438 +y_0=0 +datum=NAD27 +units=us-ft +no_defs +type=crs
EPSG,26792,NAD27 / Minnesota Central,+proj=lcc +lat_0=45 +lon_0=-94.25 +lat_1=45.6166666666667 +lat_2=47.05 +x_0=609601.219202438 +y_0=0 +datum=NAD27 +units=us-ft +no_defs +type=crs
EPSG,26793,NAD27 / Minnesota South,+proj=lcc +lat_0=43 +lon_0=-94 +lat_1=43.7833333333333 +lat_2=45.2166666666667 +x_0=609601.219202438 +y_0=0 +datum=NAD27 +units=us-ft +no_defs +type=crs
EPSG,26794,NAD27 / Mississippi East,+proj=tmerc +lat_0=29.6666666666667 +lon_0=-88.8333333333333 +k=0.99996 +x_0=152400.30480061 +y_0=0 +datum=NAD27 +units=us-ft +no_defs +type=crs
EPSG,26795,NAD27 / Mississippi West,+proj=tmerc +lat_0=30.5 +lon_0=-90.3333333333333 +k=0.999941177 +x_0=152400.30480061 +y_0=0 +datum=NAD27 +units=us-ft +no_defs +type=crs
EPSG,26796,NAD27 / Missouri East,+proj=tmerc +lat_0=35.8333333333333 +lon_0=-90.5 +k=0.999933333 +x_0=152400.30480061 +y_0=0 +datum=NAD27 +units=us-ft +no_defs +type=crs
EPSG,26797,NAD27 / Missouri Central,+proj=tmerc +lat_0=35.8333333333333 +lon_0=-92.5 +k=0.999933333 +x_0=152400.30480061 +y_0=0 +datum=NAD27 +units=us-ft +no_defs +type=crs
EPSG,26798,NAD27 / Missouri West,+proj=tmerc +lat_0=36.1666666666667 +lon_0=-94.5 +k=0.999941177 +x_0=152400.30480061 +y_0=0 +datum=NAD27 +units=us-ft +no_defs +type=crs
EPSG,26799,NAD27 / California zone VII,+proj=lcc +lat_0=34.1333333333333 +lon_0=-118.333333333333 +lat_1=34.4166666666667 +lat_2=33.8666666666667 +x_0=1276106.4505969 +y_0=1268253.00685801 +datum=NAD27 +units=us-ft +no_defs +type=crs
EPSG,26847,NAD83 / Maine East (ftUS),+proj=tmerc +lat_0=43.6666666666667 +lon_0=-68.5 +k=0.9999 +x_0=300000 +y_0=0 +datum=NAD83 +units=us-ft +no_defs +type=crs
EPSG,26848,NAD83 / Maine West (ftUS),+proj=tmerc +lat_0=42.8333333333333 +lon_0=-70.1666666666667 +k=0.999966667 +x_0=900000 +y_0=0 +datum=NAD83 +units=us-ft +no_defs +type=crs
EPSG,26849,NAD83 / Minnesota North (ftUS),+proj=lcc +lat_0=46.5 +lon_0=-93.1 +lat_1=48.6333333333333 +lat_2=47.0333333333333 +x_0=800000.00001016 +y_0=99999.99998984 +datum=NAD83 +units=us-ft +no_defs +type=crs
EPSG,26850,NAD83 / Minnesota Central (ftUS),+proj=lcc +lat_0=45 +lon_0=-94.25 +lat_1=47.05 +lat_2=45.6166666666667 +x_0=800000.00001016 +y_0=99999.99998984 +datum=NAD83 +units=us-ft +no_defs +type=crs
EPSG,26851,NAD83 / Minnesota South (ftUS),+proj=lcc +lat_0=43 +lon_0=-94 +lat_1=45.2166666666667 +lat_2=43.7833333333333 +x_0=800000.00001016 +y_0=99999.99998984 +datum=NAD83 +units=us-ft +no_defs +type=crs
EPSG,26852,NAD83 / Nebraska (ftUS),+proj=lcc +lat_0=39.8333333333333 +lon_0=-100 +lat_1=43 +lat_2=40 +x_0=500000.00001016 +y_0=0 +datum=NAD83 +units=us-ft +no_defs +type=crs
EPSG,26853,NAD83 / West Virginia North (ftUS),+proj=lcc +lat_0=38.5 +lon_0=-79.5 +lat_1=40.25 +lat_2=39 +x_0=600000 +y_0=0 +datum=NAD83 +units=us-ft +no_defs +type=crs
EPSG,26854,NAD83 / West Virginia South (ftUS),+proj=lcc +lat_0=37 +lon_0=-81 +lat_1=38.8833333333333 +lat_2=37.4833333333333 +x_0=600000 +y_0=0 +datum=NAD83 +units=us-ft +no_defs +type=crs
EPSG,26855,NAD83(HARN) / Maine East (ftUS),+proj=tmerc +lat_0=43.6666666666667 +lon_0=-68.5 +k=0.9999 +x_0=300000 +y_0=0 +ellps=GRS80 +units=us-ft +no_defs +type=crs
EPSG,26856,NAD83(HARN) / Maine West (ftUS),+proj=tmerc +lat_0=42.8333333333333 +lon_0=-70.1666666666667 +k=0.999966667 +x_0=900000 +y_0=0 +ellps=GRS80 +units=us-ft +no_defs +type=crs
EPSG,26857,NAD83(HARN) / Minnesota North (ftUS),+proj=lcc +lat_0=46.5 +lon_0=-93.1 +lat_1=48.6333333333333 +lat_2=47.0333333333333 +x_0=800000.00001016 +y_0=99999.99998984 +ellps=GRS80 +units=us-ft +no_defs +type=crs
EPSG,26858,NAD83(HARN) / Minnesota Central (ftUS),+proj=lcc +lat_0=45 +lon_0=-94.25 +lat_1=47.05 +lat_2=45.6166666666667 +x_0=800000.00001016 +y_0=99999.99998984 +ellps=GRS80 +units=us-ft +no_defs +type=crs
EPSG,26859,NAD83(HARN) / Minnesota South (ftUS),+proj=lcc +lat_0=43 +lon_0=-94 +lat_1=45.2166666666667 +lat_2=43.7833333333333 +x_0=800000.00001016 +y_0=99999.99998984 +ellps=GRS80 +units=us-ft +no_defs +type=crs
EPSG,26860,NAD83(HARN) / Nebraska (ftUS),+proj=lcc +lat_0=39.8333333333333 +lon_0=-100 +lat_1=43 +lat_2=40 +x_0=500000.00001016 +y_0=0 +ellps=GRS80 +units=us-ft +no_defs +type=crs
EPSG,26861,NAD83(HARN) / West Virginia North (ftUS),+proj=lcc +lat_0=38.5 +lon_0=-79.5 +lat_1=40.25 +lat_2=39 +x_0=600000 +y_0=0 +ellps=GRS80 +units=us-ft +no_defs +type=crs
EPSG,26862,NAD83(HARN) / West Virginia South (ftUS),+proj=lcc +lat_0=37 +lon_0=-81 +lat_1=38.8833333333333 +lat_2=37.4833333333333 +x_0=600000 +y_0=0 +ellps=GRS80 +units=us-ft +no_defs +type=crs
EPSG,26863,NAD83(NSRS2007) / Maine East (ftUS),+proj=tmerc +lat_0=43.6666666666667 +lon_0=-68.5 +k=0.9999 +x_0=300000 +y_0=0 +ellps=GRS80 +units=us-ft +no_defs +type=crs
EPSG,26864,NAD83(NSRS2007) / Maine West (ftUS),+proj=tmerc +lat_0=42.8333333333333 +lon_0=-70.1666666666667 +k=0.999966667 +x_0=900000 +y_0=0 +ellps=GRS80 +units=us-ft +no_defs +type=crs
EPSG,26865,NAD83(NSRS2007) / Minnesota North (ftUS),+proj=lcc +lat_0=46.5 +lon_0=-93.1 +lat_1=48.6333333333333 +lat_2=47.0333333333333 +x_0=800000.00001016 +y_0=99999.99998984 +ellps=GRS80 +units=us-ft +no_defs +type=crs
EPSG,26866,NAD83(NSRS2007) / Minnesota Central (ftUS),+proj=lcc +lat_0=45 +lon_0=-94.25 +lat_1=47.05 +lat_2=45.6166666666667 +x_0=800000.00001016 +y_0=99999.99998984 +ellps=GRS80 +units=us-ft +no_defs +type=crs
EPSG,26867,NAD83(NSRS2007) / Minnesota South (ftUS),+proj=lcc +lat_0=43 +lon_0=-94 +lat_1=45.2166666666667 +lat_2=43.7833333333333 +x_0=800000.00001016 +y_0=99999.99998984 +ellps=GRS80 +units=us-ft +no_defs +type=crs
EPSG,26868,NAD83(NSRS2007) / Nebraska (ftUS),+proj=lcc +lat_0=39.8333333333333 +lon_0=-100 +lat_1=43 +lat_2=40 +x_0=500000.00001016 +y_0=0 +ellps=GRS80 +units=us-ft +no_defs +type=crs
EPSG,26869,NAD83(NSRS2007) / West Virginia North (ftUS),+proj=lcc +lat_0=38.5 +lon_0=-79.5 +lat_1=40.25 +lat_2=39 +x_0=600000 +y_0=0 +ellps=GRS80 +units=us-ft +no_defs +type=crs
EPSG,26870,NAD83(NSRS2007) / West Virginia South (ftUS),+proj=lcc +lat_0=37 +lon_0=-81 +lat_1=38.8833333333333 +lat_2=37.4833333333333 +x_0=600000 +y_0=0 +ellps=GRS80 +units=us-ft +no_defs +type=crs
EPSG,26891,NAD83(CSRS) / MTM zone 11,+proj=tmerc +lat_0=0 +lon_0=-82.5 +k=0.9999 +x_0=304800 +y_0=0 +ellps=GRS80 +units=m +no_defs +type=crs
EPSG,26892,NAD83(CSRS) / MTM zone 12,+proj=tmerc +lat_0=0 +lon_0=-81 +k=0.9999 +x_0=304800 +y_0=0 +ellps=GRS80 +units=m +no_defs +type=crs
EPSG,26893,NAD83(CSRS) / MTM zone 13,+proj=tmerc +lat_0=0 +lon_0=-84 +k=0.9999 +x_0=304800 +y_0=0 +ellps=GRS80 +units=m +no_defs +type=crs
EPSG,26894,NAD83(CSRS) / MTM zone 14,+proj=tmerc +lat_0=0 +lon_0=-87 +k=0.9999 +x_0=304800 +y_0=0 +ellps=GRS80 +units=m +no_defs +type=crs
EPSG,26895,NAD83(CSRS) / MTM zone 15,+proj=tmerc +lat_0=0 +lon_0=-90 +k=0.9999 +x_0=304800 +y_0=0 +ellps=GRS80 +units=m +no_defs +type=crs
EPSG,26896,NAD83(CSRS) / MTM zone 16,+proj=tmerc +lat_0=0 +lon_0=-93 +k=0.9999 +x_0=304800 +y_0=0 +ellps=GRS80 +units=m +no_defs +type=crs
EPSG,26897,NAD83(CSRS) / MTM zone 17,+proj=tmerc +lat_0=0 +lon_0=-96 +k=0.9999 +x_0=304800 +y_0=0 +ellps=GRS80 +units=m +no_defs +type=crs
EPSG,26898,NAD83(CSRS) / MTM zone 1,+proj=tmerc +lat_0=0 +lon_0=-53 +k=0.9999 +x_0=304800 +y_0=0 +ellps=GRS80 +units=m +no_defs +type=crs
EPSG,26899,NAD83(CSRS) / MTM zone 2,+proj=tmerc +lat_0=0 +lon_0=-56 +k=0.9999 +x_0=304800 +y_0=0 +ellps=GRS80 +units=m +no_defs +type=crs
EPSG,26901,NAD83 / UTM zone 1N,+proj=utm +zone=1 +datum=NAD83 +units=m +no_defs +type=crs
EPSG,26902,NAD83 / UTM zone 2N,+proj=utm +zone=2 +datum=NAD83 +units=m +no_defs +type=crs
EPSG,26903,NAD83 / UTM zone 3N,+proj=utm +zone=3 +datum=NAD83 +units=m +no_defs +type=crs
EPSG,26904,NAD83 / UTM zone 4N,+proj=utm +zone=4 +datum=NAD83 +units=m +no_defs +type=crs
EPSG,26905,NAD83 / UTM zone 5N,+proj=utm +zone=5 +datum=NAD83 +units=m +no_defs +type=crs
EPSG,26906,NAD83 / UTM zone 6N,+proj=utm +zone=6 +datum=NAD83 +units=m +no_defs +type=crs
EPSG,26907,NAD83 / UTM zone 7N,+proj=utm +zone=7 +datum=NAD83 +units=m +no_defs +type=crs
EPSG,26908,NAD83 / UTM zone 8N,+proj=utm +zone=8 +datum=NAD83 +units=m +no_defs +type=crs
EPSG,26909,NAD83 / UTM zone 9N,+proj=utm +zone=9 +datum=NAD83 +units=m +no_defs +type=crs
EPSG,26910,NAD83 / UTM zone 10N,+proj=utm +zone=10 +datum=NAD83 +units=m +no_defs +type=crs
EPSG,26911,NAD83 / UTM zone 11N,+proj=utm +zone=11 +datum=NAD83 +units=m +no_defs +type=crs
EPSG,26912,NAD83 / UTM zone 12N,+proj=utm +zone=12 +datum=NAD83 +units=m +no_defs +type=crs
EPSG,26913,NAD83 / UTM zone 13N,+proj=utm +zone=13 +datum=NAD83 +units=m +no_defs +type=crs
EPSG,26914,NAD83 / UTM zone 14N,+proj=utm +zone=14 +datum=NAD83 +units=m +no_defs +type=crs
EPSG,26915,NAD83 / UTM zone 15N,+proj=utm +zone=15 +datum=NAD83 +units=m +no_defs +type=crs
EPSG,26916,NAD83 / UTM zone 16N,+proj=utm +zone=16 +datum=NAD83 +units=m +no_defs +type=crs
EPSG,26917,NAD83 / UTM zone 17N,+proj=utm +zone=17 +datum=NAD83 +units=m +no_defs +type=crs
EPSG,26918,NAD83 / UTM zone 18N,+proj=utm +zone=18 +datum=NAD83 +units=m +no_defs +type=crs
EPSG,26919,NAD83 / UTM zone 19N,+proj=utm +zone=19 +datum=NAD83 +units=m +no_defs +type=crs
EPSG,26920,NAD83 / UTM zone 20N,+proj=utm +zone=20 +datum=NAD83 +units=m +no_defs +type=crs
EPSG,26921,NAD83 / UTM zone 21N,+proj=utm +zone=21 +datum=NAD83 +units=m +no_defs +type=crs
EPSG,26922,NAD83 / UTM zone 22N,+proj=utm +zone=22 +datum=NAD83 +units=m +no_defs +type=crs
EPSG,26923,NAD83 / UTM zone 23N,+proj=utm +zone=23 +datum=NAD83 +units=m +no_defs +type=crs
EPSG,26929,NAD83 / Alabama East,+proj=tmerc +lat_0=30.5 +lon_0=-85.8333333333333 +k=0.99996 +x_0=200000 +y_0=0 +datum=NAD83 +units=m +no_defs +type=crs
EPSG,26930,NAD83 / Alabama West,+proj=tmerc +lat_0=30 +lon_0=-87.5 +k=0.999933333 +x_0=600000 +y_0=0 +datum=NAD83 +units=m +no_defs +type=crs
EPSG,26931,NAD83 / Alaska zone 1,+proj=omerc +no_uoff +lat_0=57 +lonc=-133.666666666667 +alpha=323.130102361111 +gamma=323.130102361111 +k=0.9999 +x_0=5000000 +y_0=-5000000 +datum=NAD83 +units=m +no_defs +type=crs
EPSG,26932,NAD83 / Alaska zone 2,+proj=tmerc +lat_0=54 +lon_0=-142 +k=0.9999 +x_0=500000 +y_0=0 +datum=NAD83 +units=m +no_defs +type=crs
EPSG,26933,NAD83 / Alaska zone 3,+proj=tmerc +lat_0=54 +lon_0=-146 +k=0.9999 +x_0=500000 +y_0=0 +datum=NAD83 +units=m +no_defs +type=crs
EPSG,26934,NAD83 / Alaska zone 4,+proj=tmerc +lat_0=54 +lon_0=-150 +k=0.9999 +x_0=500000 +y_0=0 +datum=NAD83 +units=m +no_defs +type=crs
EPSG,26935,NAD83 / Alaska zone 5,+proj=tmerc +lat_0=54 +lon_0=-154 +k=0.9999 +x_0=500000 +y_0=0 +datum=NAD83 +units=m +no_defs +type=crs
EPSG,26936,NAD83 / Alaska zone 6,+proj=tmerc +lat_0=54 +lon_0=-158 +k=0.9999 +x_0=500000 +y_0=0 +datum=NAD83 +units=m +no_defs +type=crs
EPSG,26937,NAD83 / Alaska zone 7,+proj=tmerc +lat_0=54 +lon_0=-162 +k=0.9999 +x_0=500000 +y_0=0 +datum=NAD83 +units=m +no_defs +type=crs
EPSG,26938,NAD83 / Alaska zone 8,+proj=tmerc +lat_0=54 +lon_0=-166 +k=0.9999 +x_0=500000 +y_0=0 +datum=NAD83 +units=m +no_defs +type=crs
EPSG,26939,NAD83 / Alaska zone 9,+proj=tmerc +lat_0=54 +lon_0=-170 +k=0.9999 +x_0=500000 +y_0=0 +datum=NAD83 +units=m +no_defs +type=crs
EPSG,26940,NAD83 / Alaska zone 10,+proj=lcc +lat_0=51 +lon_0=-176 +lat_1=53.8333333333333 +lat_2=51.8333333333333 +x_0=1000000 +y_0=0 +datum=NAD83 +units=m +no_defs +type=crs
EPSG,26941,NAD83 / California zone 1,+proj=lcc +lat_0=39.3333333333333 +lon_0=-122 +lat_1=41.6666666666667 +lat_2=40 +x_0=2000000 +y_0=500000 +datum=NAD83 +units=m +no_defs +type=crs
EPSG,26942,NAD83 / California zone 2,+proj=lcc +lat_0=37.6666666666667 +lon_0=-122 +lat_1=39.8333333333333 +lat_2=38.3333333333333 +x_0=2000000 +y_0=500000 +datum=NAD83 +units=m +no_defs +type=crs
EPSG,26943,NAD83 / California zone 3,+proj=lcc +lat_0=36.5 +lon_0=-120.5 +lat_1=38.4333333333333 +lat_2=37.0666666666667 +x_0=2000000 +y_0=500000 +datum=NAD83 +units=m +no_defs +type=crs
EPSG,26944,NAD83 / California zone 4,+proj=lcc +lat_0=35.3333333333333 +lon_0=-119 +lat_1=37.25 +lat_2=36 +x_0=2000000 +y_0=500000 +datum=NAD83 +units=m +no_defs +type=crs
EPSG,26945,NAD83 / California zone 5,+proj=lcc +lat_0=33.5 +lon_0=-118 +lat_1=35.4666666666667 +lat_2=34.0333333333333 +x_0=2000000 +y_0=500000 +datum=NAD83 +units=m +no_defs +type=crs
EPSG,26946,NAD83 / California zone 6,+proj=lcc +lat_0=32.1666666666667 +lon_0=-116.25 +lat_1=33.8833333333333 +lat_2=32.7833333333333 +x_0=2000000 +y_0=500000 +datum=NAD83 +units=m +no_defs +type=crs
EPSG,26948,NAD83 / Arizona East,+proj=tmerc +lat_0=31 +lon_0=-110.166666666667 +k=0.9999 +x_0=213360 +y_0=0 +datum=NAD83 +units=m +no_defs +type=crs
EPSG,26949,NAD83 / Arizona Central,+proj=tmerc +lat_0=31 +lon_0=-111.916666666667 +k=0.9999 +x_0=213360 +y_0=0 +datum=NAD83 +units=m +no_defs +type=crs
EPSG,26950,NAD83 / Arizona West,+proj=tmerc +lat_0=31 +lon_0=-113.75 +k=0.999933333 +x_0=213360 +y_0=0 +datum=NAD83 +units=m +no_defs +type=crs
EPSG,26951,NAD83 / Arkansas North,+proj=lcc +lat_0=34.3333333333333 +lon_0=-92 +lat_1=36.2333333333333 +lat_2=34.9333333333333 +x_0=400000 +y_0=0 +datum=NAD83 +units=m +no_defs +type=crs
EPSG,26952,NAD83 / Arkansas South,+proj=lcc +lat_0=32.6666666666667 +lon_0=-92 +lat_1=34.7666666666667 +lat_2=33.3 +x_0=400000 +y_0=400000 +datum=NAD83 +units=m +no_defs +type=crs
EPSG,26953,NAD83 / Colorado North,+proj=lcc +lat_0=39.3333333333333 +lon_0=-105.5 +lat_1=40.7833333333333 +lat_2=39.7166666666667 +x_0=914401.8289 +y_0=304800.6096 +datum=NAD83 +units=m +no_defs +type=crs
EPSG,26954,NAD83 / Colorado Central,+proj=lcc +lat_0=37.8333333333333 +lon_0=-105.5 +lat_1=39.75 +lat_2=38.45 +x_0=914401.8289 +y_0=304800.6096 +datum=NAD83 +units=m +no_defs +type=crs
EPSG,26955,NAD83 / Colorado South,+proj=lcc +lat_0=36.6666666666667 +lon_0=-105.5 +lat_1=38.4333333333333 +lat_2=37.2333333333333 +x_0=914401.8289 +y_0=304800.6096 +datum=NAD83 +units=m +no_defs +type=crs
EPSG,26956,NAD83 / Connecticut,+proj=lcc +lat_0=40.8333333333333 +lon_0=-72.75 +lat_1=41.8666666666667 +lat_2=41.2 +x_0=304800.6096 +y_0=152400.3048 +datum=NAD83 +units=m +no_defs +type=crs
EPSG,26957,NAD83 / Delaware,+proj=tmerc +lat_0=38 +lon_0=-75.4166666666667 +k=0.999995 +x_0=200000 +y_0=0 +datum=NAD83 +units=m +no_defs +type=crs
EPSG,26958,NAD83 / Florida East,+proj=tmerc +lat_0=24.3333333333333 +lon_0=-81 +k=0.999941177 +x_0=200000 +y_0=0 +datum=NAD83 +units=m +no_defs +type=crs
EPSG,26959,NAD83 / Florida West,+proj=tmerc +lat_0=24.3333333333333 +lon_0=-82 +k=0.999941177 +x_0=200000 +y_0=0 +datum=NAD83 +units=m +no_defs +type=crs
EPSG,26960,NAD83 / Florida North,+proj=lcc +lat_0=29 +lon_0=-84.5 +lat_1=30.75 +lat_2=29.5833333333333 +x_0=600000 +y_0=0 +datum=NAD83 +units=m +no_defs +type=crs
EPSG,26961,NAD83 / Hawaii zone 1,+proj=tmerc +lat_0=18.8333333333333 +lon_0=-155.5 +k=0.999966667 +x_0=500000 +y_0=0 +datum=NAD83 +units=m +no_defs +type=crs
EPSG,26962,NAD83 / Hawaii zone 2,+proj=tmerc +lat_0=20.3333333333333 +lon_0=-156.666666666667 +k=0.999966667 +x_0=500000 +y_0=0 +datum=NAD83 +units=m +no_defs +type=crs
EPSG,26963,NAD83 / Hawaii zone 3,+proj=tmerc +lat_0=21.1666666666667 +lon_0=-158 +k=0.99999 +x_0=500000 +y_0=0 +datum=NAD83 +units=m +no_defs +type=crs
EPSG,26964,NAD83 / Hawaii zone 4,+proj=tmerc +lat_0=21.8333333333333 +lon_0=-159.5 +k=0.99999 +x_0=500000 +y_0=0 +datum=NAD83 +units=m +no_defs +type=crs
EPSG,26965,NAD83 / Hawaii zone 5,+proj=tmerc +lat_0=21.6666666666667 +lon_0=-160.166666666667 +k=1 +x_0=500000 +y_0=0 +datum=NAD83 +units=m +no_defs +type=crs
EPSG,26966,NAD83 / Georgia East,+proj=tmerc +lat_0=30 +lon_0=-82.1666666666667 +k=0.9999 +x_0=200000 +y_0=0 +datum=NAD83 +units=m +no_defs +type=crs
EPSG,26967,NAD83 / Georgia West,+proj=tmerc +lat_0=30 +lon_0=-84.1666666666667 +k=0.9999 +x_0=700000 +y_0=0 +datum=NAD83 +units=m +no_defs +type=crs
EPSG,26968,NAD83 / Idaho East,+proj=tmerc +lat_0=41.6666666666667 +lon_0=-112.166666666667 +k=0.999947368 +x_0=200000 +y_0=0 +datum=NAD83 +units=m +no_defs +type=crs
EPSG,26969,NAD83 / Idaho Central,+proj=tmerc +lat_0=41.6666666666667 +lon_0=-114 +k=0.999947368 +x_0=500000 +y_0=0 +datum=NAD83 +units=m +no_defs +type=crs
EPSG,26970,NAD83 / Idaho West,+proj=tmerc +lat_0=41.6666666666667 +lon_0=-115.75 +k=0.999933333 +x_0=800000 +y_0=0 +datum=NAD83 +units=m +no_defs +type=crs
EPSG,26971,NAD83 / Illinois East,+proj=tmerc +lat_0=36.6666666666667 +lon_0=-88.3333333333333 +k=0.999975 +x_0=300000 +y_0=0 +datum=NAD83 +units=m +no_defs +type=crs
EPSG,26972,NAD83 / Illinois West,+proj=tmerc +lat_0=36.6666666666667 +lon_0=-90.1666666666667 +k=0.999941177 +x_0=700000 +y_0=0 +datum=NAD83 +units=m +no_defs +type=crs
EPSG,26973,NAD83 / Indiana East,+proj=tmerc +lat_0=37.5 +lon_0=-85.6666666666667 +k=0.999966667 +x_0=100000 +y_0=250000 +datum=NAD83 +units=m +no_defs +type=crs
EPSG,26974,NAD83 / Indiana West,+proj=tmerc +lat_0=37.5 +lon_0=-87.0833333333333 +k=0.999966667 +x_0=900000 +y_0=250000 +datum=NAD83 +units=m +no_defs +type=crs
EPSG,26975,NAD83 / Iowa North,+proj=lcc +lat_0=41.5 +lon_0=-93.5 +lat_1=43.2666666666667 +lat_2=42.0666666666667 +x_0=1500000 +y_0=1000000 +datum=NAD83 +units=m +no_defs +type=crs
EPSG,26976,NAD83 / Iowa South,+proj=lcc +lat_0=40 +lon_0=-93.5 +lat_1=41.7833333333333 +lat_2=40.6166666666667 +x_0=500000 +y_0=0 +datum=NAD83 +units=m +no_defs +type=crs
EPSG,26977,NAD83 / Kansas North,+proj=lcc +lat_0=38.3333333333333 +lon_0=-98 +lat_1=39.7833333333333 +lat_2=38.7166666666667 +x_0=400000 +y_0=0 +datum=NAD83 +units=m +no_defs +type=crs
EPSG,26978,NAD83 / Kansas South,+proj=lcc +lat_0=36.6666666666667 +lon_0=-98.5 +lat_1=38.5666666666667 +lat_2=37.2666666666667 +x_0=400000 +y_0=400000 +datum=NAD83 +units=m +no_defs +type=crs
EPSG,26980,NAD83 / Kentucky South,+proj=lcc +lat_0=36.3333333333333 +lon_0=-85.75 +lat_1=37.9333333333333 +lat_2=36.7333333333333 +x_0=500000 +y_0=500000 +datum=NAD83 +units=m +no_defs +type=crs
EPSG,26981,NAD83 / Louisiana North,+proj=lcc +lat_0=30.5 +lon_0=-92.5 +lat_1=32.6666666666667 +lat_2=31.1666666666667 +x_0=1000000 +y_0=0 +datum=NAD83 +units=m +no_defs +type=crs
EPSG,26982,NAD83 / Louisiana South,+proj=lcc +lat_0=28.5 +lon_0=-91.3333333333333 +lat_1=30.7 +lat_2=29.3 +x_0=1000000 +y_0=0 +datum=NAD83 +units=m +no_defs +type=crs
EPSG,26983,NAD83 / Maine East,+proj=tmerc +lat_0=43.6666666666667 +lon_0=-68.5 +k=0.9999 +x_0=300000 +y_0=0 +datum=NAD83 +units=m +no_defs +type=crs
EPSG,26984,NAD83 / Maine West,+proj=tmerc +lat_0=42.8333333333333 +lon_0=-70.1666666666667 +k=0.999966667 +x_0=900000 +y_0=0 +datum=NAD83 +units=m +no_defs +type=crs
EPSG,26985,NAD83 / Maryland,+proj=lcc +lat_0=37.6666666666667 +lon_0=-77 +lat_1=39.45 +lat_2=38.3 +x_0=400000 +y_0=0 +datum=NAD83 +units=m +no_defs +type=crs
EPSG,26986,NAD83 / Massachusetts Mainland,+proj=lcc +lat_0=41 +lon_0=-71.5 +lat_1=42.6833333333333 +lat_2=41.7166666666667 +x_0=200000 +y_0=750000 +datum=NAD83 +units=m +no_defs +type=crs
EPSG,26987,NAD83 / Massachusetts Island,+proj=lcc +lat_0=41 +lon_0=-70.5 +lat_1=41.4833333333333 +lat_2=41.2833333333333 +x_0=500000 +y_0=0 +datum=NAD83 +units=m +no_defs +type=crs
EPSG,26988,NAD83 / Michigan North,+proj=lcc +lat_0=44.7833333333333 +lon_0=-87 +lat_1=47.0833333333333 +lat_2=45.4833333333333 +x_0=8000000 +y_0=0 +datum=NAD83 +units=m +no_defs +type=crs
EPSG,26989,NAD83 / Michigan Central,+proj=lcc +lat_0=43.3166666666667 +lon_0=-84.3666666666667 +lat_1=45.7 +lat_2=44.1833333333333 +x_0=6000000 +y_0=0 +datum=NAD83 +units=m +no_defs +type=crs
EPSG,26990,NAD83 / Michigan South,+proj=lcc +lat_0=41.5 +lon_0=-84.3666666666667 +lat_1=43.6666666666667 +lat_2=42.1 +x_0=4000000 +y_0=0 +datum=NAD83 +units=m +no_defs +type=crs
EPSG,26991,NAD83 / Minnesota North,+proj=lcc +lat_0=46.5 +lon_0=-93.1 +lat_1=48.6333333333333 +lat_2=47.0333333333333 +x_0=800000 +y_0=100000 +datum=NAD83 +units=m +no_defs +type=crs
EPSG,26992,NAD83 / Minnesota Central,+proj=lcc +lat_0=45 +lon_0=-94.25 +lat_1=47.05 +lat_2=45.6166666666667 +x_0=800000 +y_0=100000 +datum=NAD83 +units=m +no_defs +type=crs
EPSG,26993,NAD83 / Minnesota South,+proj=lcc +lat_0=43 +lon_0=-94 +lat_1=45.2166666666667 +lat_2=43.7833333333333 +x_0=800000 +y_0=100000 +datum=NAD83 +units=m +no_defs +type=crs
EPSG,26994,NAD83 / Mississippi East,+proj=tmerc +lat_0=29.5 +lon_0=-88.8333333333333 +k=0.99995 +x_0=300000 +y_0=0 +datum=NAD83 +units=m +no_defs +type=crs
EPSG,26995,NAD83 / Mississippi West,+proj=tmerc +lat_0=29.5 +lon_0=-90.3333333333333 +k=0.99995 +x_0=700000 +y_0=0 +datum=NAD83 +units=m +no_defs +type=crs
EPSG,26996,NAD83 / Missouri East,+proj=tmerc +lat_0=35.8333333333333 +lon_0=-90.5 +k=0.999933333 +x_0=250000 +y_0=0 +datum=NAD83 +units=m +no_defs +type=crs
EPSG,26997,NAD83 / Missouri Central,+proj=tmerc +lat_0=35.8333333333333 +lon_0=-92.5 +k=0.999933333 +x_0=500000 +y_0=0 +datum=NAD83 +units=m +no_defs +type=crs
EPSG,26998,NAD83 / Missouri West,+proj=tmerc +lat_0=36.1666666666667 +lon_0=-94.5 +k=0.999941177 +x_0=850000 +y_0=0 +datum=NAD83 +units=m +no_defs +type=crs
EPSG,27039,Nahrwan 1967 / UTM zone 39N,+proj=utm +zone=39 +a=6378249.145 +rf=293.465 +units=m +no_defs +type=crs
EPSG,27040,Nahrwan 1967 / UTM zone 40N,+proj=utm +zone=40 +a=6378249.145 +rf=293.465 +units=m +no_defs +type=crs
EPSG,27120,Naparima 1972 / UTM zone 20N,+proj=utm +zone=20 +ellps=intl +units=m +no_defs +type=crs
EPSG,27200,NZGD49 / New Zealand Map Grid,+proj=nzmg +lat_0=-41 +lon_0=173 +x_0=2510000 +y_0=6023150 +ellps=intl +units=m +no_defs +type=crs
EPSG,27205,NZGD49 / Mount Eden Circuit,+proj=tmerc +lat_0=-36.8798652777778 +lon_0=174.764339361111 +k=0.9999 +x_0=300000 +y_0=700000 +ellps=intl +units=m +no_defs +type=crs
EPSG,27206,NZGD49 / Bay of Plenty Circuit,+proj=tmerc +lat_0=-37.7612498055556 +lon_0=176.46619725 +k=1 +x_0=300000 +y_0=700000 +ellps=intl +units=m +no_defs +type=crs
EPSG,27207,NZGD49 / Poverty Bay Circuit,+proj=tmerc +lat_0=-38.6247027777778 +lon_0=177.885636277778 +k=1 +x_0=300000 +y_0=700000 +ellps=intl +units=m +no_defs +type=crs
EPSG,27208,NZGD49 / Hawkes Bay Circuit,+proj=tmerc +lat_0=-39.6509293055556 +lon_0=176.673680527778 +k=1 +x_0=300000 +y_0=700000 +ellps=intl +units=m +no_defs +type=crs
EPSG,27209,NZGD49 / Taranaki Circuit,+proj=tmerc +lat_0=-39.1357583055556 +lon_0=174.22801175 +k=1 +x_0=300000 +y_0=700000 +ellps=intl +units=m +no_defs +type=crs
EPSG,27210,NZGD49 / Tuhirangi Circuit,+proj=tmerc +lat_0=-39.5124703888889 +lon_0=175.640036805556 +k=1 +x_0=300000 +y_0=700000 +ellps=intl +units=m +no_defs +type=crs
EPSG,27211,NZGD49 / Wanganui Circuit,+proj=tmerc +lat_0=-40.2419471388889 +lon_0=175.488099611111 +k=1 +x_0=300000 +y_0=700000 +ellps=intl +units=m +no_defs +type=crs
EPSG,27212,NZGD49 / Wairarapa Circuit,+proj=tmerc +lat_0=-40.9255326388889 +lon_0=175.647349666667 +k=1 +x_0=300000 +y_0=700000 +ellps=intl +units=m +no_defs +type=crs
EPSG,27213,NZGD49 / Wellington Circuit,+proj=tmerc +lat_0=-41.3013196388889 +lon_0=174.776623111111 +k=1 +x_0=300000 +y_0=700000 +ellps=intl +units=m +no_defs +type=crs
EPSG,27214,NZGD49 / Collingwood Circuit,+proj=tmerc +lat_0=-40.7147590555556 +lon_0=172.6720465 +k=1 +x_0=300000 +y_0=700000 +ellps=intl +units=m +no_defs +type=crs
EPSG,27215,NZGD49 / Nelson Circuit,+proj=tmerc +lat_0=-41.2745447222222 +lon_0=173.299316805556 +k=1 +x_0=300000 +y_0=700000 +ellps=intl +units=m +no_defs +type=crs
EPSG,27216,NZGD49 / Karamea Circuit,+proj=tmerc +lat_0=-41.2899115277778 +lon_0=172.109028194444 +k=1 +x_0=300000 +y_0=700000 +ellps=intl +units=m +no_defs +type=crs
EPSG,27217,NZGD49 / Buller Circuit,+proj=tmerc +lat_0=-41.8108028611111 +lon_0=171.581260055556 +k=1 +x_0=300000 +y_0=700000 +ellps=intl +units=m +no_defs +type=crs
EPSG,27218,NZGD49 / Grey Circuit,+proj=tmerc +lat_0=-42.3336942777778 +lon_0=171.549771305556 +k=1 +x_0=300000 +y_0=700000 +ellps=intl +units=m +no_defs +type=crs
EPSG,27219,NZGD49 / Amuri Circuit,+proj=tmerc +lat_0=-42.6891165833333 +lon_0=173.010133388889 +k=1 +x_0=300000 +y_0=700000 +ellps=intl +units=m +no_defs +type=crs
EPSG,27220,NZGD49 / Marlborough Circuit,+proj=tmerc +lat_0=-41.5444866666667 +lon_0=173.802074111111 +k=1 +x_0=300000 +y_0=700000 +ellps=intl +units=m +no_defs +type=crs
EPSG,27221,NZGD49 / Hokitika Circuit,+proj=tmerc +lat_0=-42.8863223611111 +lon_0=170.9799935 +k=1 +x_0=300000 +y_0=700000 +ellps=intl +units=m +no_defs +type=crs
EPSG,27222,NZGD49 / Okarito Circuit,+proj=tmerc +lat_0=-43.1101281388889 +lon_0=170.260925833333 +k=1 +x_0=300000 +y_0=700000 +ellps=intl +units=m +no_defs +type=crs
EPSG,27223,NZGD49 / Jacksons Bay Circuit,+proj=tmerc +lat_0=-43.9778028888889 +lon_0=168.606267 +k=1 +x_0=300000 +y_0=700000 +ellps=intl +units=m +no_defs +type=crs
EPSG,27224,NZGD49 / Mount Pleasant Circuit,+proj=tmerc +lat_0=-43.5906375833333 +lon_0=172.727193583333 +k=1 +x_0=300000 +y_0=700000 +ellps=intl +units=m +no_defs +type=crs
EPSG,27225,NZGD49 / Gawler Circuit,+proj=tmerc +lat_0=-43.7487115555556 +lon_0=171.360748472222 +k=1 +x_0=300000 +y_0=700000 +ellps=intl +units=m +no_defs +type=crs
EPSG,27226,NZGD49 / Timaru Circuit,+proj=tmerc +lat_0=-44.4022203611111 +lon_0=171.057250833333 +k=1 +x_0=300000 +y_0=700000 +ellps=intl +units=m +no_defs +type=crs
EPSG,27227,NZGD49 / Lindis Peak Circuit,+proj=tmerc +lat_0=-44.7352679722222 +lon_0=169.467755083333 +k=1 +x_0=300000 +y_0=700000 +ellps=intl +units=m +no_defs +type=crs
EPSG,27228,NZGD49 / Mount Nicholas Circuit,+proj=tmerc +lat_0=-45.1329025833333 +lon_0=168.398641194444 +k=1 +x_0=300000 +y_0=700000 +ellps=intl +units=m +no_defs +type=crs
EPSG,27229,NZGD49 / Mount York Circuit,+proj=tmerc +lat_0=-45.5637261666667 +lon_0=167.738861777778 +k=1 +x_0=300000 +y_0=700000 +ellps=intl +units=m +no_defs +type=crs
EPSG,27230,NZGD49 / Observation Point Circuit,+proj=tmerc +lat_0=-45.8161966111111 +lon_0=170.628595166667 +k=1 +x_0=300000 +y_0=700000 +ellps=intl +units=m +no_defs +type=crs
EPSG,27231,NZGD49 / North Taieri Circuit,+proj=tmerc +lat_0=-45.8615133611111 +lon_0=170.282589111111 +k=0.99996 +x_0=300000 +y_0=700000 +ellps=intl +units=m +no_defs +type=crs
EPSG,27232,NZGD49 / Bluff Circuit,+proj=tmerc +lat_0=-46.6000096111111 +lon_0=168.342872 +k=1 +x_0=300002.66 +y_0=699999.58 +ellps=intl +units=m +no_defs +type=crs
EPSG,27258,NZGD49 / UTM zone 58S,+proj=utm +zone=58 +south +ellps=intl +units=m +no_defs +type=crs
EPSG,27259,NZGD49 / UTM zone 59S,+proj=utm +zone=59 +south +ellps=intl +units=m +no_defs +type=crs
EPSG,27260,NZGD49 / UTM zone 60S,+proj=utm +zone=60 +south +ellps=intl +units=m +no_defs +type=crs
EPSG,27291,NZGD49 / North Island Grid,+proj=tmerc +lat_0=-39 +lon_0=175.5 +k=1 +x_0=274319.524384809 +y_0=365759.365846411 +ellps=intl +to_meter=0.914398414616029 +no_defs +type=crs
EPSG,27292,NZGD49 / South Island Grid,+proj=tmerc +lat_0=-44 +lon_0=171.5 +k=1 +x_0=457199.207308014 +y_0=457199.207308014 +ellps=intl +to_meter=0.914398414616029 +no_defs +type=crs
EPSG,27391,NGO 1948 (Oslo) / NGO zone I,+proj=tmerc +lat_0=58 +lon_0=-4.66666666666667 +k=1 +x_0=0 +y_0=0 +a=6377492.018 +rf=299.1528128 +pm=oslo +units=m +no_defs +type=crs
EPSG,27392,NGO 1948 (Oslo) / NGO zone II,+proj=tmerc +lat_0=58 +lon_0=-2.33333333333333 +k=1 +x_0=0 +y_0=0 +a=6377492.018 +rf=299.1528128 +pm=oslo +units=m +no_defs +type=crs
EPSG,27393,NGO 1948 (Oslo) / NGO zone III,+proj=tmerc +lat_0=58 +lon_0=0 +k=1 +x_0=0 +y_0=0 +a=6377492.018 +rf=299.1528128 +pm=oslo +units=m +no_defs +type=crs
EPSG,27394,NGO 1948 (Oslo) / NGO zone IV,+proj=tmerc +lat_0=58 +lon_0=2.5 +k=1 +x_0=0 +y_0=0 +a=6377492.018 +rf=299.1528128 +pm=oslo +units=m +no_defs +type=crs
EPSG,27395,NGO 1948 (Oslo) / NGO zone V,+proj=tmerc +lat_0=58 +lon_0=6.16666666666667 +k=1 +x_0=0 +y_0=0 +a=6377492.018 +rf=299.1528128 +pm=oslo +units=m +no_defs +type=crs
EPSG,27396,NGO 1948 (Oslo) / NGO zone VI,+proj=tmerc +lat_0=58 +lon_0=10.1666666666667 +k=1 +x_0=0 +y_0=0 +a=6377492.018 +rf=299.1528128 +pm=oslo +units=m +no_defs +type=crs
EPSG,27397,NGO 1948 (Oslo) / NGO zone VII,+proj=tmerc +lat_0=58 +lon_0=14.1666666666667 +k=1 +x_0=0 +y_0=0 +a=6377492.018 +rf=299.1528128 +pm=oslo +units=m +no_defs +type=crs
EPSG,27398,NGO 1948 (Oslo) / NGO zone VIII,+proj=tmerc +lat_0=58 +lon_0=18.3333333333333 +k=1 +x_0=0 +y_0=0 +a=6377492.018 +rf=299.1528128 +pm=oslo +units=m +no_defs +type=crs
EPSG,27429,Datum 73 / UTM zone 29N,+proj=utm +zone=29 +ellps=intl +units=m +no_defs +type=crs
EPSG,27493,Datum 73 / Modified Portuguese Grid,+proj=tmerc +lat_0=39.6666666666667 +lon_0=-8.13190611111111 +k=1 +x_0=180.598 +y_0=-86.99 +ellps=intl +units=m +no_defs +type=crs
EPSG,27500,ATF (Paris) / Nord de Guerre,+proj=lcc +lat_1=49.5 +lat_0=49.5 +lon_0=5.4 +k_0=0.99950908 +x_0=500000 +y_0=300000 +a=6376523 +rf=308.64 +pm=2.33720833333333 +units=m +no_defs +type=crs
EPSG,27561,NTF (Paris) / Lambert Nord France,+proj=lcc +lat_1=49.5 +lat_0=49.5 +lon_0=0 +k_0=0.999877341 +x_0=600000 +y_0=200000 +ellps=clrk80ign +pm=paris +units=m +no_defs +type=crs
EPSG,27562,NTF (Paris) / Lambert Centre France,+proj=lcc +lat_1=46.8 +lat_0=46.8 +lon_0=0 +k_0=0.99987742 +x_0=600000 +y_0=200000 +ellps=clrk80ign +pm=paris +units=m +no_defs +type=crs
EPSG,27563,NTF (Paris) / Lambert Sud France,+proj=lcc +lat_1=44.1 +lat_0=44.1 +lon_0=0 +k_0=0.999877499 +x_0=600000 +y_0=200000 +ellps=clrk80ign +pm=paris +units=m +no_defs +type=crs
EPSG,27564,NTF (Paris) / Lambert Corse,+proj=lcc +lat_1=42.165 +lat_0=42.165 +lon_0=0 +k_0=0.99994471 +x_0=234.358 +y_0=185861.369 +ellps=clrk80ign +pm=paris +units=m +no_defs +type=crs
EPSG,27571,NTF (Paris) / Lambert zone I,+proj=lcc +lat_1=49.5 +lat_0=49.5 +lon_0=0 +k_0=0.999877341 +x_0=600000 +y_0=1200000 +ellps=clrk80ign +pm=paris +units=m +no_defs +type=crs
EPSG,27572,NTF (Paris) / Lambert zone II,+proj=lcc +lat_1=46.8 +lat_0=46.8 +lon_0=0 +k_0=0.99987742 +x_0=600000 +y_0=2200000 +ellps=clrk80ign +pm=paris +units=m +no_defs +type=crs
EPSG,27573,NTF (Paris) / Lambert zone III,+proj=lcc +lat_1=44.1 +lat_0=44.1 +lon_0=0 +k_0=0.999877499 +x_0=600000 +y_0=3200000 +ellps=clrk80ign +pm=paris +units=m +no_defs +type=crs
EPSG,27574,NTF (Paris) / Lambert zone IV,+proj=lcc +lat_1=42.165 +lat_0=42.165 +lon_0=0 +k_0=0.99994471 +x_0=234.358 +y_0=4185861.369 +ellps=clrk80ign +pm=paris +units=m +no_defs +type=crs
EPSG,27700,OSGB36 / British National Grid,+proj=tmerc +lat_0=49 +lon_0=-2 +k=0.9996012717 +x_0=400000 +y_0=-100000 +ellps=airy +units=m +no_defs +type=crs
EPSG,27701,WGS 84 / Equi7 Africa,+proj=aeqd +lat_0=8.5 +lon_0=21.5 +x_0=5621452.02 +y_0=5990638.423 +datum=WGS84 +units=m +no_defs +type=crs
EPSG,27702,WGS 84 / Equi7 Antarctica,+proj=aeqd +lat_0=-90 +lon_0=0 +x_0=3714266.977 +y_0=3402016.506 +datum=WGS84 +units=m +no_defs +type=crs
EPSG,27703,WGS 84 / Equi7 Asia,+proj=aeqd +lat_0=47 +lon_0=94 +x_0=4340913.848 +y_0=4812712.923 +datum=WGS84 +units=m +no_defs +type=crs
EPSG,27704,WGS 84 / Equi7 Europe,+proj=aeqd +lat_0=53 +lon_0=24 +x_0=5837287.82 +y_0=2121415.696 +datum=WGS84 +units=m +no_defs +type=crs
EPSG,27705,WGS 84 / Equi7 North America,+proj=aeqd +lat_0=52 +lon_0=-97.5 +x_0=8264722.177 +y_0=4867518.353 +datum=WGS84 +units=m +no_defs +type=crs
EPSG,27706,WGS 84 / Equi7 Oceania,+proj=aeqd +lat_0=-19.5 +lon_0=131.5 +x_0=6988408.536 +y_0=7654884.537 +datum=WGS84 +units=m +no_defs +type=crs
EPSG,27707,WGS 84 / Equi7 South America,+proj=aeqd +lat_0=-14 +lon_0=-60.5 +x_0=7257179.236 +y_0=5592024.446 +datum=WGS84 +units=m +no_defs +type=crs
EPSG,28191,Palestine 1923 / Palestine Grid,+proj=cass +lat_0=31.7340969444444 +lon_0=35.2120805555556 +x_0=170251.555 +y_0=126867.909 +a=6378300.789 +b=6356566.435 +units=m +no_defs +type=crs
EPSG,28192,Palestine 1923 / Palestine Belt,+proj=tmerc +lat_0=31.7340969444444 +lon_0=35.2120805555556 +k=1 +x_0=170251.555 +y_0=1126867.909 +a=6378300.789 +b=6356566.435 +units=m +no_defs +type=crs
EPSG,28193,Palestine 1923 / Israeli CS Grid,+proj=cass +lat_0=31.7340969444444 +lon_0=35.2120805555556 +x_0=170251.555 +y_0=1126867.909 +a=6378300.789 +b=6356566.435 +units=m +no_defs +type=crs
EPSG,28232,Pointe Noire / UTM zone 32S,+proj=utm +zone=32 +south +ellps=clrk80ign +units=m +no_defs +type=crs
EPSG,28348,GDA94 / MGA zone 48,+proj=utm +zone=48 +south +ellps=GRS80 +units=m +no_defs +type=crs
EPSG,28349,GDA94 / MGA zone 49,+proj=utm +zone=49 +south +ellps=GRS80 +units=m +no_defs +type=crs
EPSG,28350,GDA94 / MGA zone 50,+proj=utm +zone=50 +south +ellps=GRS80 +units=m +no_defs +type=crs
EPSG,28351,GDA94 / MGA zone 51,+proj=utm +zone=51 +south +ellps=GRS80 +units=m +no_defs +type=crs
EPSG,28352,GDA94 / MGA zone 52,+proj=utm +zone=52 +south +ellps=GRS80 +units=m +no_defs +type=crs
EPSG,28353,GDA94 / MGA zone 53,+proj=utm +zone=53 +south +ellps=GRS80 +units=m +no_defs +type=crs
EPSG,28354,GDA94 / MGA zone 54,+proj=utm +zone=54 +south +ellps=GRS80 +units=m +no_defs +type=crs
EPSG,28355,GDA94 / MGA zone 55,+proj=utm +zone=55 +south +ellps=GRS80 +units=m +no_defs +type=crs
EPSG,28356,GDA94 / MGA zone 56,+proj=utm +zone=56 +south +ellps=GRS80 +units=m +no_defs +type=crs
EPSG,28357,GDA94 / MGA zone 57,+proj=utm +zone=57 +south +ellps=GRS80 +units=m +no_defs +type=crs
EPSG,28358,GDA94 / MGA zone 58,+proj=utm +zone=58 +south +ellps=GRS80 +units=m +no_defs +type=crs
EPSG,28404,Pulkovo 1942 / Gauss-Kruger zone 4,+proj=tmerc +lat_0=0 +lon_0=21 +k=1 +x_0=4500000 +y_0=0 +ellps=krass +units=m +no_defs +type=crs
EPSG,28405,Pulkovo 1942 / Gauss-Kruger zone 5,+proj=tmerc +lat_0=0 +lon_0=27 +k=1 +x_0=5500000 +y_0=0 +ellps=krass +units=m +no_defs +type=crs
EPSG,28406,Pulkovo 1942 / Gauss-Kruger zone 6,+proj=tmerc +lat_0=0 +lon_0=33 +k=1 +x_0=6500000 +y_0=0 +ellps=krass +units=m +no_defs +type=crs
EPSG,28407,Pulkovo 1942 / Gauss-Kruger zone 7,+proj=tmerc +lat_0=0 +lon_0=39 +k=1 +x_0=7500000 +y_0=0 +ellps=krass +units=m +no_defs +type=crs
EPSG,28408,Pulkovo 1942 / Gauss-Kruger zone 8,+proj=tmerc +lat_0=0 +lon_0=45 +k=1 +x_0=8500000 +y_0=0 +ellps=krass +units=m +no_defs +type=crs
EPSG,28409,Pulkovo 1942 / Gauss-Kruger zone 9,+proj=tmerc +lat_0=0 +lon_0=51 +k=1 +x_0=9500000 +y_0=0 +ellps=krass +units=m +no_defs +type=crs
EPSG,28410,Pulkovo 1942 / Gauss-Kruger zone 10,+proj=tmerc +lat_0=0 +lon_0=57 +k=1 +x_0=10500000 +y_0=0 +ellps=krass +units=m +no_defs +type=crs
EPSG,28411,Pulkovo 1942 / Gauss-Kruger zone 11,+proj=tmerc +lat_0=0 +lon_0=63 +k=1 +x_0=11500000 +y_0=0 +ellps=krass +units=m +no_defs +type=crs
EPSG,28412,Pulkovo 1942 / Gauss-Kruger zone 12,+proj=tmerc +lat_0=0 +lon_0=69 +k=1 +x_0=12500000 +y_0=0 +ellps=krass +units=m +no_defs +type=crs
EPSG,28413,Pulkovo 1942 / Gauss-Kruger zone 13,+proj=tmerc +lat_0=0 +lon_0=75 +k=1 +x_0=13500000 +y_0=0 +ellps=krass +units=m +no_defs +type=crs
EPSG,28414,Pulkovo 1942 / Gauss-Kruger zone 14,+proj=tmerc +lat_0=0 +lon_0=81 +k=1 +x_0=14500000 +y_0=0 +ellps=krass +units=m +no_defs +type=crs
EPSG,28415,Pulkovo 1942 / Gauss-Kruger zone 15,+proj=tmerc +lat_0=0 +lon_0=87 +k=1 +x_0=15500000 +y_0=0 +ellps=krass +units=m +no_defs +type=crs
EPSG,28416,Pulkovo 1942 / Gauss-Kruger zone 16,+proj=tmerc +lat_0=0 +lon_0=93 +k=1 +x_0=16500000 +y_0=0 +ellps=krass +units=m +no_defs +type=crs
EPSG,28417,Pulkovo 1942 / Gauss-Kruger zone 17,+proj=tmerc +lat_0=0 +lon_0=99 +k=1 +x_0=17500000 +y_0=0 +ellps=krass +units=m +no_defs +type=crs
EPSG,28418,Pulkovo 1942 / Gauss-Kruger zone 18,+proj=tmerc +lat_0=0 +lon_0=105 +k=1 +x_0=18500000 +y_0=0 +ellps=krass +units=m +no_defs +type=crs
EPSG,28419,Pulkovo 1942 / Gauss-Kruger zone 19,+proj=tmerc +lat_0=0 +lon_0=111 +k=1 +x_0=19500000 +y_0=0 +ellps=krass +units=m +no_defs +type=crs
EPSG,28420,Pulkovo 1942 / Gauss-Kruger zone 20,+proj=tmerc +lat_0=0 +lon_0=117 +k=1 +x_0=20500000 +y_0=0 +ellps=krass +units=m +no_defs +type=crs
EPSG,28421,Pulkovo 1942 / Gauss-Kruger zone 21,+proj=tmerc +lat_0=0 +lon_0=123 +k=1 +x_0=21500000 +y_0=0 +ellps=krass +units=m +no_defs +type=crs
EPSG,28422,Pulkovo 1942 / Gauss-Kruger zone 22,+proj=tmerc +lat_0=0 +lon_0=129 +k=1 +x_0=22500000 +y_0=0 +ellps=krass +units=m +no_defs +type=crs
EPSG,28423,Pulkovo 1942 / Gauss-Kruger zone 23,+proj=tmerc +lat_0=0 +lon_0=135 +k=1 +x_0=23500000 +y_0=0 +ellps=krass +units=m +no_defs +type=crs
EPSG,28424,Pulkovo 1942 / Gauss-Kruger zone 24,+proj=tmerc +lat_0=0 +lon_0=141 +k=1 +x_0=24500000 +y_0=0 +ellps=krass +units=m +no_defs +type=crs
EPSG,28425,Pulkovo 1942 / Gauss-Kruger zone 25,+proj=tmerc +lat_0=0 +lon_0=147 +k=1 +x_0=25500000 +y_0=0 +ellps=krass +units=m +no_defs +type=crs
EPSG,28426,Pulkovo 1942 / Gauss-Kruger zone 26,+proj=tmerc +lat_0=0 +lon_0=153 +k=1 +x_0=26500000 +y_0=0 +ellps=krass +units=m +no_defs +type=crs
EPSG,28427,Pulkovo 1942 / Gauss-Kruger zone 27,+proj=tmerc +lat_0=0 +lon_0=159 +k=1 +x_0=27500000 +y_0=0 +ellps=krass +units=m +no_defs +type=crs
EPSG,28428,Pulkovo 1942 / Gauss-Kruger zone 28,+proj=tmerc +lat_0=0 +lon_0=165 +k=1 +x_0=28500000 +y_0=0 +ellps=krass +units=m +no_defs +type=crs
EPSG,28429,Pulkovo 1942 / Gauss-Kruger zone 29,+proj=tmerc +lat_0=0 +lon_0=171 +k=1 +x_0=29500000 +y_0=0 +ellps=krass +units=m +no_defs +type=crs
EPSG,28430,Pulkovo 1942 / Gauss-Kruger zone 30,+proj=tmerc +lat_0=0 +lon_0=177 +k=1 +x_0=30500000 +y_0=0 +ellps=krass +units=m +no_defs +type=crs
EPSG,28431,Pulkovo 1942 / Gauss-Kruger zone 31,+proj=tmerc +lat_0=0 +lon_0=-177 +k=1 +x_0=31500000 +y_0=0 +ellps=krass +units=m +no_defs +type=crs
EPSG,28432,Pulkovo 1942 / Gauss-Kruger zone 32,+proj=tmerc +lat_0=0 +lon_0=-171 +k=1 +x_0=32500000 +y_0=0 +ellps=krass +units=m +no_defs +type=crs
EPSG,28600,Qatar 1974 / Qatar National Grid,+proj=tmerc +lat_0=24.45 +lon_0=51.2166666666667 +k=0.99999 +x_0=200000 +y_0=300000 +ellps=intl +units=m +no_defs +type=crs
EPSG,28991,Amersfoort / RD Old,+proj=sterea +lat_0=52.1561605555556 +lon_0=5.38763888888889 +k=0.9999079 +x_0=0 +y_0=0 +ellps=bessel +units=m +no_defs +type=crs
EPSG,28992,Amersfoort / RD New,+proj=sterea +lat_0=52.1561605555556 +lon_0=5.38763888888889 +k=0.9999079 +x_0=155000 +y_0=463000 +ellps=bessel +units=m +no_defs +type=crs
EPSG,29101,SAD69 / Brazil Polyconic,+proj=poly +lat_0=0 +lon_0=-54 +x_0=5000000 +y_0=10000000 +ellps=aust_SA +units=m +no_defs +type=crs
EPSG,29168,SAD69 / UTM zone 18N,+proj=utm +zone=18 +ellps=aust_SA +units=m +no_defs +type=crs
EPSG,29169,SAD69 / UTM zone 19N,+proj=utm +zone=19 +ellps=aust_SA +units=m +no_defs +type=crs
EPSG,29170,SAD69 / UTM zone 20N,+proj=utm +zone=20 +ellps=aust_SA +units=m +no_defs +type=crs
EPSG,29171,SAD69 / UTM zone 21N,+proj=utm +zone=21 +ellps=aust_SA +units=m +no_defs +type=crs
EPSG,29172,SAD69 / UTM zone 22N,+proj=utm +zone=22 +ellps=aust_SA +units=m +no_defs +type=crs
EPSG,29187,SAD69 / UTM zone 17S,+proj=utm +zone=17 +south +ellps=aust_SA +units=m +no_defs +type=crs
EPSG,29188,SAD69 / UTM zone 18S,+proj=utm +zone=18 +south +ellps=aust_SA +units=m +no_defs +type=crs
EPSG,29189,SAD69 / UTM zone 19S,+proj=utm +zone=19 +south +ellps=aust_SA +units=m +no_defs +type=crs
EPSG,29190,SAD69 / UTM zone 20S,+proj=utm +zone=20 +south +ellps=aust_SA +units=m +no_defs +type=crs
EPSG,29191,SAD69 / UTM zone 21S,+proj=utm +zone=21 +south +ellps=aust_SA +units=m +no_defs +type=crs
EPSG,29192,SAD69 / UTM zone 22S,+proj=utm +zone=22 +south +ellps=aust_SA +units=m +no_defs +type=crs
EPSG,29193,SAD69 / UTM zone 23S,+proj=utm +zone=23 +south +ellps=aust_SA +units=m +no_defs +type=crs
EPSG,29194,SAD69 / UTM zone 24S,+proj=utm +zone=24 +south +ellps=aust_SA +units=m +no_defs +type=crs
EPSG,29195,SAD69 / UTM zone 25S,+proj=utm +zone=25 +south +ellps=aust_SA +units=m +no_defs +type=crs
EPSG,29220,Sapper Hill 1943 / UTM zone 20S,+proj=utm +zone=20 +south +ellps=intl +units=m +no_defs +type=crs
EPSG,29221,Sapper Hill 1943 / UTM zone 21S,+proj=utm +zone=21 +south +ellps=intl +units=m +no_defs +type=crs
EPSG,29333,Schwarzeck / UTM zone 33S,+proj=utm +zone=33 +south +ellps=bess_nam +units=m +no_defs +type=crs
EPSG,29371,Schwarzeck / Lo22/11,+proj=tmerc +axis=wsu +lat_0=-22 +lon_0=11 +k=1 +x_0=0 +y_0=0 +ellps=bess_nam +to_meter=1.0000135965 +no_defs +type=crs
EPSG,29373,Schwarzeck / Lo22/13,+proj=tmerc +axis=wsu +lat_0=-22 +lon_0=13 +k=1 +x_0=0 +y_0=0 +ellps=bess_nam +to_meter=1.0000135965 +no_defs +type=crs
EPSG,29375,Schwarzeck / Lo22/15,+proj=tmerc +axis=wsu +lat_0=-22 +lon_0=15 +k=1 +x_0=0 +y_0=0 +ellps=bess_nam +to_meter=1.0000135965 +no_defs +type=crs
EPSG,29377,Schwarzeck / Lo22/17,+proj=tmerc +axis=wsu +lat_0=-22 +lon_0=17 +k=1 +x_0=0 +y_0=0 +ellps=bess_nam +to_meter=1.0000135965 +no_defs +type=crs
EPSG,29379,Schwarzeck / Lo22/19,+proj=tmerc +axis=wsu +lat_0=-22 +lon_0=19 +k=1 +x_0=0 +y_0=0 +ellps=bess_nam +to_meter=1.0000135965 +no_defs +type=crs
EPSG,29381,Schwarzeck / Lo22/21,+proj=tmerc +axis=wsu +lat_0=-22 +lon_0=21 +k=1 +x_0=0 +y_0=0 +ellps=bess_nam +to_meter=1.0000135965 +no_defs +type=crs
EPSG,29383,Schwarzeck / Lo22/23,+proj=tmerc +axis=wsu +lat_0=-22 +lon_0=23 +k=1 +x_0=0 +y_0=0 +ellps=bess_nam +to_meter=1.0000135965 +no_defs +type=crs
EPSG,29385,Schwarzeck / Lo22/25,+proj=tmerc +axis=wsu +lat_0=-22 +lon_0=25 +k=1 +x_0=0 +y_0=0 +ellps=bess_nam +to_meter=1.0000135965 +no_defs +type=crs
EPSG,29701,Tananarive (Paris) / Laborde Grid,+proj=labrd +lat_0=-18.9 +lon_0=44.1 +azi=18.9 +k=0.9995 +x_0=400000 +y_0=800000 +ellps=intl +pm=paris +units=m +no_defs +type=crs
EPSG,29702,Tananarive (Paris) / Laborde Grid approximation,+proj=omerc +lat_0=-18.9 +lonc=44.1 +alpha=18.9 +gamma=18.9 +k=0.9995 +x_0=400000 +y_0=800000 +ellps=intl +pm=paris +units=m +no_defs +type=crs
EPSG,29738,Tananarive / UTM zone 38S,+proj=utm +zone=38 +south +ellps=intl +units=m +no_defs +type=crs
EPSG,29739,Tananarive / UTM zone 39S,+proj=utm +zone=39 +south +ellps=intl +units=m +no_defs +type=crs
EPSG,29849,Timbalai 1948 / UTM zone 49N,+proj=utm +zone=49 +ellps=evrstSS +units=m +no_defs +type=crs
EPSG,29850,Timbalai 1948 / UTM zone 50N,+proj=utm +zone=50 +ellps=evrstSS +units=m +no_defs +type=crs
EPSG,29871,Timbalai 1948 / RSO Borneo (ch),+proj=omerc +lat_0=4 +lonc=115 +alpha=53.3158204722222 +gamma=53.1301023611111 +k=0.99984 +x_0=590476.87146304 +y_0=442857.653094361 +ellps=evrstSS +to_meter=20.1167651215526 +no_defs +type=crs
EPSG,29872,Timbalai 1948 / RSO Borneo (ftSe),+proj=omerc +lat_0=4 +lonc=115 +alpha=53.3158204722222 +gamma=53.1301023611111 +k=0.99984 +x_0=590476.872743198 +y_0=442857.654557398 +ellps=evrstSS +to_meter=0.304799471538676 +no_defs +type=crs
EPSG,29873,Timbalai 1948 / RSO Borneo (m),+proj=omerc +lat_0=4 +lonc=115 +alpha=53.3158204722222 +gamma=53.1301023611111 +k=0.99984 +x_0=590476.87 +y_0=442857.65 +ellps=evrstSS +units=m +no_defs +type=crs
EPSG,29874,Timbalai 1948 / RSO Sarawak LSD (m),+proj=omerc +no_uoff +lat_0=4 +lonc=115 +alpha=53.3158204722222 +gamma=53.1301023611111 +k=0.99984 +x_0=2000000 +y_0=5000000 +ellps=evrstSS +units=m +no_defs +type=crs
EPSG,29901,OSNI 1952 / Irish National Grid,+proj=tmerc +lat_0=53.5 +lon_0=-8 +k=1 +x_0=200000 +y_0=250000 +ellps=airy +units=m +no_defs +type=crs
EPSG,29902,TM65 / Irish Grid,+proj=tmerc +lat_0=53.5 +lon_0=-8 +k=1.000035 +x_0=200000 +y_0=250000 +a=6377340.189 +rf=299.3249646 +units=m +no_defs +type=crs
EPSG,29903,TM75 / Irish Grid,+proj=tmerc +lat_0=53.5 +lon_0=-8 +k=1.000035 +x_0=200000 +y_0=250000 +a=6377340.189 +rf=299.3249646 +units=m +no_defs +type=crs
EPSG,30161,Tokyo / Japan Plane Rectangular CS I,+proj=tmerc +lat_0=33 +lon_0=129.5 +k=0.9999 +x_0=0 +y_0=0 +ellps=bessel +units=m +no_defs +type=crs
EPSG,30162,Tokyo / Japan Plane Rectangular CS II,+proj=tmerc +lat_0=33 +lon_0=131 +k=0.9999 +x_0=0 +y_0=0 +ellps=bessel +units=m +no_defs +type=crs
EPSG,30163,Tokyo / Japan Plane Rectangular CS III,+proj=tmerc +lat_0=36 +lon_0=132.166666666667 +k=0.9999 +x_0=0 +y_0=0 +ellps=bessel +units=m +no_defs +type=crs
EPSG,30164,Tokyo / Japan Plane Rectangular CS IV,+proj=tmerc +lat_0=33 +lon_0=133.5 +k=0.9999 +x_0=0 +y_0=0 +ellps=bessel +units=m +no_defs +type=crs
EPSG,30165,Tokyo / Japan Plane Rectangular CS V,+proj=tmerc +lat_0=36 +lon_0=134.333333333333 +k=0.9999 +x_0=0 +y_0=0 +ellps=bessel +units=m +no_defs +type=crs
EPSG,30166,Tokyo / Japan Plane Rectangular CS VI,+proj=tmerc +lat_0=36 +lon_0=136 +k=0.9999 +x_0=0 +y_0=0 +ellps=bessel +units=m +no_defs +type=crs
EPSG,30167,Tokyo / Japan Plane Rectangular CS VII,+proj=tmerc +lat_0=36 +lon_0=137.166666666667 +k=0.9999 +x_0=0 +y_0=0 +ellps=bessel +units=m +no_defs +type=crs
EPSG,30168,Tokyo / Japan Plane Rectangular CS VIII,+proj=tmerc +lat_0=36 +lon_0=138.5 +k=0.9999 +x_0=0 +y_0=0 +ellps=bessel +units=m +no_defs +type=crs
EPSG,30169,Tokyo / Japan Plane Rectangular CS IX,+proj=tmerc +lat_0=36 +lon_0=139.833333333333 +k=0.9999 +x_0=0 +y_0=0 +ellps=bessel +units=m +no_defs +type=crs
EPSG,30170,Tokyo / Japan Plane Rectangular CS X,+proj=tmerc +lat_0=40 +lon_0=140.833333333333 +k=0.9999 +x_0=0 +y_0=0 +ellps=bessel +units=m +no_defs +type=crs
EPSG,30171,Tokyo / Japan Plane Rectangular CS XI,+proj=tmerc +lat_0=44 +lon_0=140.25 +k=0.9999 +x_0=0 +y_0=0 +ellps=bessel +units=m +no_defs +type=crs
EPSG,30172,Tokyo / Japan Plane Rectangular CS XII,+proj=tmerc +lat_0=44 +lon_0=142.25 +k=0.9999 +x_0=0 +y_0=0 +ellps=bessel +units=m +no_defs +type=crs
EPSG,30173,Tokyo / Japan Plane Rectangular CS XIII,+proj=tmerc +lat_0=44 +lon_0=144.25 +k=0.9999 +x_0=0 +y_0=0 +ellps=bessel +units=m +no_defs +type=crs
EPSG,30174,Tokyo / Japan Plane Rectangular CS XIV,+proj=tmerc +lat_0=26 +lon_0=142 +k=0.9999 +x_0=0 +y_0=0 +ellps=bessel +units=m +no_defs +type=crs
EPSG,30175,Tokyo / Japan Plane Rectangular CS XV,+proj=tmerc +lat_0=26 +lon_0=127.5 +k=0.9999 +x_0=0 +y_0=0 +ellps=bessel +units=m +no_defs +type=crs
EPSG,30176,Tokyo / Japan Plane Rectangular CS XVI,+proj=tmerc +lat_0=26 +lon_0=124 +k=0.9999 +x_0=0 +y_0=0 +ellps=bessel +units=m +no_defs +type=crs
EPSG,30177,Tokyo / Japan Plane Rectangular CS XVII,+proj=tmerc +lat_0=26 +lon_0=131 +k=0.9999 +x_0=0 +y_0=0 +ellps=bessel +units=m +no_defs +type=crs
EPSG,30178,Tokyo / Japan Plane Rectangular CS XVIII,+proj=tmerc +lat_0=20 +lon_0=136 +k=0.9999 +x_0=0 +y_0=0 +ellps=bessel +units=m +no_defs +type=crs
EPSG,30179,Tokyo / Japan Plane Rectangular CS XIX,+proj=tmerc +lat_0=26 +lon_0=154 +k=0.9999 +x_0=0 +y_0=0 +ellps=bessel +units=m +no_defs +type=crs
EPSG,30200,Trinidad 1903 / Trinidad Grid,+proj=cass +lat_0=10.4416666666667 +lon_0=-61.3333333333333 +x_0=86501.46392052 +y_0=65379.0134283 +a=6378293.64520876 +b=6356617.98767984 +to_meter=0.201166195164 +no_defs +type=crs
EPSG,30339,TC(1948) / UTM zone 39N,+proj=utm +zone=39 +ellps=helmert +units=m +no_defs +type=crs
EPSG,30340,TC(1948) / UTM zone 40N,+proj=utm +zone=40 +ellps=helmert +units=m +no_defs +type=crs
EPSG,30491,Voirol 1875 / Nord Algerie (ancienne),+proj=lcc +lat_1=36 +lat_0=36 +lon_0=2.7 +k_0=0.999625544 +x_0=500000 +y_0=300000 +ellps=clrk80ign +units=m +no_defs +type=crs
EPSG,30492,Voirol 1875 / Sud Algerie (ancienne),+proj=lcc +lat_1=33.3 +lat_0=33.3 +lon_0=2.7 +k_0=0.999625769 +x_0=500000 +y_0=300000 +ellps=clrk80ign +units=m +no_defs +type=crs
EPSG,30493,Voirol 1879 / Nord Algerie (ancienne),+proj=lcc +lat_1=36 +lat_0=36 +lon_0=2.7 +k_0=0.999625544 +x_0=500000 +y_0=300000 +ellps=clrk80ign +units=m +no_defs +type=crs
EPSG,30494,Voirol 1879 / Sud Algerie (ancienne),+proj=lcc +lat_1=33.3 +lat_0=33.3 +lon_0=2.7 +k_0=0.999625769 +x_0=500000 +y_0=300000 +ellps=clrk80ign +units=m +no_defs +type=crs
EPSG,30729,Nord Sahara 1959 / UTM zone 29N,+proj=utm +zone=29 +a=6378249.145 +rf=293.465 +units=m +no_defs +type=crs
EPSG,30730,Nord Sahara 1959 / UTM zone 30N,+proj=utm +zone=30 +a=6378249.145 +rf=293.465 +units=m +no_defs +type=crs
EPSG,30731,Nord Sahara 1959 / UTM zone 31N,+proj=utm +zone=31 +a=6378249.145 +rf=293.465 +units=m +no_defs +type=crs
EPSG,30732,Nord Sahara 1959 / UTM zone 32N,+proj=utm +zone=32 +a=6378249.145 +rf=293.465 +units=m +no_defs +type=crs
EPSG,30791,Nord Sahara 1959 / Nord Algerie,+proj=lcc +lat_1=36 +lat_0=36 +lon_0=2.7 +k_0=0.999625544 +x_0=500135 +y_0=300090 +a=6378249.145 +rf=293.465 +units=m +no_defs +type=crs
EPSG,30792,Nord Sahara 1959 / Sud Algerie,+proj=lcc +lat_1=33.3 +lat_0=33.3 +lon_0=2.7 +k_0=0.999625769 +x_0=500135 +y_0=300090 +a=6378249.145 +rf=293.465 +units=m +no_defs +type=crs
EPSG,31028,Yoff / UTM zone 28N,+proj=utm +zone=28 +ellps=clrk80ign +units=m +no_defs +type=crs
EPSG,31121,Zanderij / UTM zone 21N,+proj=utm +zone=21 +ellps=intl +units=m +no_defs +type=crs
EPSG,31154,Zanderij / TM 54 NW,+proj=tmerc +lat_0=0 +lon_0=-54 +k=0.9996 +x_0=500000 +y_0=0 +ellps=intl +units=m +no_defs +type=crs
EPSG,31170,Zanderij / Suriname Old TM,+proj=tmerc +lat_0=0 +lon_0=-55.6833333333333 +k=0.9996 +x_0=500000 +y_0=0 +ellps=intl +units=m +no_defs +type=crs
EPSG,31171,Zanderij / Suriname TM,+proj=tmerc +lat_0=0 +lon_0=-55.6833333333333 +k=0.9999 +x_0=500000 +y_0=0 +ellps=intl +units=m +no_defs +type=crs
EPSG,31251,MGI (Ferro) / Austria GK West Zone,+proj=tmerc +lat_0=0 +lon_0=28 +k=1 +x_0=0 +y_0=-5000000 +ellps=bessel +pm=ferro +units=m +no_defs +type=crs
EPSG,31252,MGI (Ferro) / Austria GK Central Zone,+proj=tmerc +lat_0=0 +lon_0=31 +k=1 +x_0=0 +y_0=-5000000 +ellps=bessel +pm=ferro +units=m +no_defs +type=crs
EPSG,31253,MGI (Ferro) / Austria GK East Zone,+proj=tmerc +lat_0=0 +lon_0=34 +k=1 +x_0=0 +y_0=-5000000 +ellps=bessel +pm=ferro +units=m +no_defs +type=crs
EPSG,31254,MGI / Austria GK West,+proj=tmerc +lat_0=0 +lon_0=10.3333333333333 +k=1 +x_0=0 +y_0=-5000000 +ellps=bessel +units=m +no_defs +type=crs
EPSG,31255,MGI / Austria GK Central,+proj=tmerc +lat_0=0 +lon_0=13.3333333333333 +k=1 +x_0=0 +y_0=-5000000 +ellps=bessel +units=m +no_defs +type=crs
EPSG,31256,MGI / Austria GK East,+proj=tmerc +lat_0=0 +lon_0=16.3333333333333 +k=1 +x_0=0 +y_0=-5000000 +ellps=bessel +units=m +no_defs +type=crs
EPSG,31257,MGI / Austria GK M28,+proj=tmerc +lat_0=0 +lon_0=10.3333333333333 +k=1 +x_0=150000 +y_0=-5000000 +ellps=bessel +units=m +no_defs +type=crs
EPSG,31258,MGI / Austria GK M31,+proj=tmerc +lat_0=0 +lon_0=13.3333333333333 +k=1 +x_0=450000 +y_0=-5000000 +ellps=bessel +units=m +no_defs +type=crs
EPSG,31259,MGI / Austria GK M34,+proj=tmerc +lat_0=0 +lon_0=16.3333333333333 +k=1 +x_0=750000 +y_0=-5000000 +ellps=bessel +units=m +no_defs +type=crs
EPSG,31281,MGI (Ferro) / Austria West Zone,+proj=tmerc +lat_0=0 +lon_0=28 +k=1 +x_0=0 +y_0=0 +ellps=bessel +pm=ferro +units=m +no_defs +type=crs
EPSG,31282,MGI (Ferro) / Austria Central Zone,+proj=tmerc +lat_0=0 +lon_0=31 +k=1 +x_0=0 +y_0=0 +ellps=bessel +pm=ferro +units=m +no_defs +type=crs
EPSG,31283,MGI (Ferro) / Austria East Zone,+proj=tmerc +lat_0=0 +lon_0=34 +k=1 +x_0=0 +y_0=0 +ellps=bessel +pm=ferro +units=m +no_defs +type=crs
EPSG,31284,MGI / Austria M28,+proj=tmerc +lat_0=0 +lon_0=10.3333333333333 +k=1 +x_0=150000 +y_0=0 +ellps=bessel +units=m +no_defs +type=crs
EPSG,31285,MGI / Austria M31,+proj=tmerc +lat_0=0 +lon_0=13.3333333333333 +k=1 +x_0=450000 +y_0=0 +ellps=bessel +units=m +no_defs +type=crs
EPSG,31286,MGI / Austria M34,+proj=tmerc +lat_0=0 +lon_0=16.3333333333333 +k=1 +x_0=750000 +y_0=0 +ellps=bessel +units=m +no_defs +type=crs
EPSG,31287,MGI / Austria Lambert,+proj=lcc +lat_0=47.5 +lon_0=13.3333333333333 +lat_1=49 +lat_2=46 +x_0=400000 +y_0=400000 +ellps=bessel +units=m +no_defs +type=crs
EPSG,31288,MGI (Ferro) / Austria zone M28,+proj=tmerc +lat_0=0 +lon_0=28 +k=1 +x_0=150000 +y_0=0 +ellps=bessel +pm=ferro +units=m +no_defs +type=crs
EPSG,31289,MGI (Ferro) / Austria zone M31,+proj=tmerc +lat_0=0 +lon_0=31 +k=1 +x_0=450000 +y_0=0 +ellps=bessel +pm=ferro +units=m +no_defs +type=crs
EPSG,31290,MGI (Ferro) / Austria zone M34,+proj=tmerc +lat_0=0 +lon_0=34 +k=1 +x_0=750000 +y_0=0 +ellps=bessel +pm=ferro +units=m +no_defs +type=crs
EPSG,31300,BD72 / Belge Lambert 72,+proj=lcc +lat_0=90 +lon_0=4.35693972222222 +lat_1=49.8333333333333 +lat_2=51.1666666666667 +x_0=150000.01256 +y_0=5400088.4378 +ellps=intl +units=m +no_defs +type=crs
EPSG,31370,BD72 / Belgian Lambert 72,+proj=lcc +lat_0=90 +lon_0=4.36748666666667 +lat_1=51.1666672333333 +lat_2=49.8333339 +x_0=150000.013 +y_0=5400088.438 +ellps=intl +units=m +no_defs +type=crs
EPSG,31466,DHDN / 3-degree Gauss-Kruger zone 2,+proj=tmerc +lat_0=0 +lon_0=6 +k=1 +x_0=2500000 +y_0=0 +ellps=bessel +units=m +no_defs +type=crs
EPSG,31467,DHDN / 3-degree Gauss-Kruger zone 3,+proj=tmerc +lat_0=0 +lon_0=9 +k=1 +x_0=3500000 +y_0=0 +ellps=bessel +units=m +no_defs +type=crs
EPSG,31468,DHDN / 3-degree Gauss-Kruger zone 4,+proj=tmerc +lat_0=0 +lon_0=12 +k=1 +x_0=4500000 +y_0=0 +ellps=bessel +units=m +no_defs +type=crs
EPSG,31469,DHDN / 3-degree Gauss-Kruger zone 5,+proj=tmerc +lat_0=0 +lon_0=15 +k=1 +x_0=5500000 +y_0=0 +ellps=bessel +units=m +no_defs +type=crs
EPSG,31528,Conakry 1905 / UTM zone 28N,+proj=utm +zone=28 +ellps=clrk80ign +units=m +no_defs +type=crs
EPSG,31529,Conakry 1905 / UTM zone 29N,+proj=utm +zone=29 +ellps=clrk80ign +units=m +no_defs +type=crs
EPSG,31600,Dealul Piscului 1930 / Stereo 33,+proj=sterea +lat_0=45.9 +lon_0=25.3924658888889 +k=0.9996667 +x_0=500000 +y_0=500000 +ellps=intl +units=m +no_defs +type=crs
EPSG,31838,NGN / UTM zone 38N,+proj=utm +zone=38 +ellps=WGS84 +units=m +no_defs +type=crs
EPSG,31839,NGN / UTM zone 39N,+proj=utm +zone=39 +ellps=WGS84 +units=m +no_defs +type=crs
EPSG,31901,KUDAMS / KTM,+proj=tmerc +lat_0=0 +lon_0=48 +k=1 +x_0=500000 +y_0=0 +ellps=GRS80 +units=m +no_defs +type=crs
EPSG,31965,SIRGAS 2000 / UTM zone 11N,+proj=utm +zone=11 +ellps=GRS80 +units=m +no_defs +type=crs
EPSG,31966,SIRGAS 2000 / UTM zone 12N,+proj=utm +zone=12 +ellps=GRS80 +units=m +no_defs +type=crs
EPSG,31967,SIRGAS 2000 / UTM zone 13N,+proj=utm +zone=13 +ellps=GRS80 +units=m +no_defs +type=crs
EPSG,31968,SIRGAS 2000 / UTM zone 14N,+proj=utm +zone=14 +ellps=GRS80 +units=m +no_defs +type=crs
EPSG,31969,SIRGAS 2000 / UTM zone 15N,+proj=utm +zone=15 +ellps=GRS80 +units=m +no_defs +type=crs
EPSG,31970,SIRGAS 2000 / UTM zone 16N,+proj=utm +zone=16 +ellps=GRS80 +units=m +no_defs +type=crs
EPSG,31971,SIRGAS 2000 / UTM zone 17N,+proj=utm +zone=17 +ellps=GRS80 +units=m +no_defs +type=crs
EPSG,31972,SIRGAS 2000 / UTM zone 18N,+proj=utm +zone=18 +ellps=GRS80 +units=m +no_defs +type=crs
EPSG,31973,SIRGAS 2000 / UTM zone 19N,+proj=utm +zone=19 +ellps=GRS80 +units=m +no_defs +type=crs
EPSG,31974,SIRGAS 2000 / UTM zone 20N,+proj=utm +zone=20 +ellps=GRS80 +units=m +no_defs +type=crs
EPSG,31975,SIRGAS 2000 / UTM zone 21N,+proj=utm +zone=21 +ellps=GRS80 +units=m +no_defs +type=crs
EPSG,31976,SIRGAS 2000 / UTM zone 22N,+proj=utm +zone=22 +ellps=GRS80 +units=m +no_defs +type=crs
EPSG,31977,SIRGAS 2000 / UTM zone 17S,+proj=utm +zone=17 +south +ellps=GRS80 +units=m +no_defs +type=crs
EPSG,31978,SIRGAS 2000 / UTM zone 18S,+proj=utm +zone=18 +south +ellps=GRS80 +units=m +no_defs +type=crs
EPSG,31979,SIRGAS 2000 / UTM zone 19S,+proj=utm +zone=19 +south +ellps=GRS80 +units=m +no_defs +type=crs
EPSG,31980,SIRGAS 2000 / UTM zone 20S,+proj=utm +zone=20 +south +ellps=GRS80 +units=m +no_defs +type=crs
EPSG,31981,SIRGAS 2000 / UTM zone 21S,+proj=utm +zone=21 +south +ellps=GRS80 +units=m +no_defs +type=crs
EPSG,31982,SIRGAS 2000 / UTM zone 22S,+proj=utm +zone=22 +south +ellps=GRS80 +units=m +no_defs +type=crs
EPSG,31983,SIRGAS 2000 / UTM zone 23S,+proj=utm +zone=23 +south +ellps=GRS80 +units=m +no_defs +type=crs
EPSG,31984,SIRGAS 2000 / UTM zone 24S,+proj=utm +zone=24 +south +ellps=GRS80 +units=m +no_defs +type=crs
EPSG,31985,SIRGAS 2000 / UTM zone 25S,+proj=utm +zone=25 +south +ellps=GRS80 +units=m +no_defs +type=crs
EPSG,31986,SIRGAS 1995 / UTM zone 17N,+proj=utm +zone=17 +ellps=GRS80 +units=m +no_defs +type=crs
EPSG,31987,SIRGAS 1995 / UTM zone 18N,+proj=utm +zone=18 +ellps=GRS80 +units=m +no_defs +type=crs
EPSG,31988,SIRGAS 1995 / UTM zone 19N,+proj=utm +zone=19 +ellps=GRS80 +units=m +no_defs +type=crs
EPSG,31989,SIRGAS 1995 / UTM zone 20N,+proj=utm +zone=20 +ellps=GRS80 +units=m +no_defs +type=crs
EPSG,31990,SIRGAS 1995 / UTM zone 21N,+proj=utm +zone=21 +ellps=GRS80 +units=m +no_defs +type=crs
EPSG,31991,SIRGAS 1995 / UTM zone 22N,+proj=utm +zone=22 +ellps=GRS80 +units=m +no_defs +type=crs
EPSG,31992,SIRGAS 1995 / UTM zone 17S,+proj=utm +zone=17 +south +ellps=GRS80 +units=m +no_defs +type=crs
EPSG,31993,SIRGAS 1995 / UTM zone 18S,+proj=utm +zone=18 +south +ellps=GRS80 +units=m +no_defs +type=crs
EPSG,31994,SIRGAS 1995 / UTM zone 19S,+proj=utm +zone=19 +south +ellps=GRS80 +units=m +no_defs +type=crs
EPSG,31995,SIRGAS 1995 / UTM zone 20S,+proj=utm +zone=20 +south +ellps=GRS80 +units=m +no_defs +type=crs
EPSG,31996,SIRGAS 1995 / UTM zone 21S,+proj=utm +zone=21 +south +ellps=GRS80 +units=m +no_defs +type=crs
EPSG,31997,SIRGAS 1995 / UTM zone 22S,+proj=utm +zone=22 +south +ellps=GRS80 +units=m +no_defs +type=crs
EPSG,31998,SIRGAS 1995 / UTM zone 23S,+proj=utm +zone=23 +south +ellps=GRS80 +units=m +no_defs +type=crs
EPSG,31999,SIRGAS 1995 / UTM zone 24S,+proj=utm +zone=24 +south +ellps=GRS80 +units=m +no_defs +type=crs
EPSG,32000,SIRGAS 1995 / UTM zone 25S,+proj=utm +zone=25 +south +ellps=GRS80 +units=m +no_defs +type=crs
EPSG,32001,NAD27 / Montana North,+proj=lcc +lat_0=47 +lon_0=-109.5 +lat_1=48.7166666666667 +lat_2=47.85 +x_0=609601.219202438 +y_0=0 +datum=NAD27 +units=us-ft +no_defs +type=crs
EPSG,32002,NAD27 / Montana Central,+proj=lcc +lat_0=45.8333333333333 +lon_0=-109.5 +lat_1=47.8833333333333 +lat_2=46.45 +x_0=609601.219202438 +y_0=0 +datum=NAD27 +units=us-ft +no_defs +type=crs
EPSG,32003,NAD27 / Montana South,+proj=lcc +lat_0=44 +lon_0=-109.5 +lat_1=46.4 +lat_2=44.8666666666667 +x_0=609601.219202438 +y_0=0 +datum=NAD27 +units=us-ft +no_defs +type=crs
EPSG,32005,NAD27 / Nebraska North,+proj=lcc +lat_0=41.3333333333333 +lon_0=-100 +lat_1=41.85 +lat_2=42.8166666666667 +x_0=609601.219202438 +y_0=0 +datum=NAD27 +units=us-ft +no_defs +type=crs
EPSG,32006,NAD27 / Nebraska South,+proj=lcc +lat_0=39.6666666666667 +lon_0=-99.5 +lat_1=40.2833333333333 +lat_2=41.7166666666667 +x_0=609601.219202438 +y_0=0 +datum=NAD27 +units=us-ft +no_defs +type=crs
EPSG,32007,NAD27 / Nevada East,+proj=tmerc +lat_0=34.75 +lon_0=-115.583333333333 +k=0.9999 +x_0=152400.30480061 +y_0=0 +datum=NAD27 +units=us-ft +no_defs +type=crs
EPSG,32008,NAD27 / Nevada Central,+proj=tmerc +lat_0=34.75 +lon_0=-116.666666666667 +k=0.9999 +x_0=152400.30480061 +y_0=0 +datum=NAD27 +units=us-ft +no_defs +type=crs
EPSG,32009,NAD27 / Nevada West,+proj=tmerc +lat_0=34.75 +lon_0=-118.583333333333 +k=0.9999 +x_0=152400.30480061 +y_0=0 +datum=NAD27 +units=us-ft +no_defs +type=crs
EPSG,32010,NAD27 / New Hampshire,+proj=tmerc +lat_0=42.5 +lon_0=-71.6666666666667 +k=0.999966667 +x_0=152400.30480061 +y_0=0 +datum=NAD27 +units=us-ft +no_defs +type=crs
EPSG,32011,NAD27 / New Jersey,+proj=tmerc +lat_0=38.8333333333333 +lon_0=-74.6666666666667 +k=0.999975 +x_0=609601.219202438 +y_0=0 +datum=NAD27 +units=us-ft +no_defs +type=crs
EPSG,32012,NAD27 / New Mexico East,+proj=tmerc +lat_0=31 +lon_0=-104.333333333333 +k=0.999909091 +x_0=152400.30480061 +y_0=0 +datum=NAD27 +units=us-ft +no_defs +type=crs
EPSG,32013,NAD27 / New Mexico Central,+proj=tmerc +lat_0=31 +lon_0=-106.25 +k=0.9999 +x_0=152400.30480061 +y_0=0 +datum=NAD27 +units=us-ft +no_defs +type=crs
EPSG,32014,NAD27 / New Mexico West,+proj=tmerc +lat_0=31 +lon_0=-107.833333333333 +k=0.999916667 +x_0=152400.30480061 +y_0=0 +datum=NAD27 +units=us-ft +no_defs +type=crs
EPSG,32015,NAD27 / New York East,+proj=tmerc +lat_0=40 +lon_0=-74.3333333333333 +k=0.999966667 +x_0=152400.30480061 +y_0=0 +datum=NAD27 +units=us-ft +no_defs +type=crs
EPSG,32016,NAD27 / New York Central,+proj=tmerc +lat_0=40 +lon_0=-76.5833333333333 +k=0.9999375 +x_0=152400.30480061 +y_0=0 +datum=NAD27 +units=us-ft +no_defs +type=crs
EPSG,32017,NAD27 / New York West,+proj=tmerc +lat_0=40 +lon_0=-78.5833333333333 +k=0.9999375 +x_0=152400.30480061 +y_0=0 +datum=NAD27 +units=us-ft +no_defs +type=crs
EPSG,32019,NAD27 / North Carolina,+proj=lcc +lat_0=33.75 +lon_0=-79 +lat_1=34.3333333333333 +lat_2=36.1666666666667 +x_0=609601.219202438 +y_0=0 +datum=NAD27 +units=us-ft +no_defs +type=crs
EPSG,32020,NAD27 / North Dakota North,+proj=lcc +lat_0=47 +lon_0=-100.5 +lat_1=47.4333333333333 +lat_2=48.7333333333333 +x_0=609601.219202438 +y_0=0 +datum=NAD27 +units=us-ft +no_defs +type=crs
EPSG,32021,NAD27 / North Dakota South,+proj=lcc +lat_0=45.6666666666667 +lon_0=-100.5 +lat_1=46.1833333333333 +lat_2=47.4833333333333 +x_0=609601.219202438 +y_0=0 +datum=NAD27 +units=us-ft +no_defs +type=crs
EPSG,32022,NAD27 / Ohio North,+proj=lcc +lat_0=39.6666666666667 +lon_0=-82.5 +lat_1=40.4333333333333 +lat_2=41.7 +x_0=609601.219202438 +y_0=0 +datum=NAD27 +units=us-ft +no_defs +type=crs
EPSG,32023,NAD27 / Ohio South,+proj=lcc +lat_0=38 +lon_0=-82.5 +lat_1=38.7333333333333 +lat_2=40.0333333333333 +x_0=609601.219202438 +y_0=0 +datum=NAD27 +units=us-ft +no_defs +type=crs
EPSG,32024,NAD27 / Oklahoma North,+proj=lcc +lat_0=35 +lon_0=-98 +lat_1=35.5666666666667 +lat_2=36.7666666666667 +x_0=609601.219202438 +y_0=0 +datum=NAD27 +units=us-ft +no_defs +type=crs
EPSG,32025,NAD27 / Oklahoma South,+proj=lcc +lat_0=33.3333333333333 +lon_0=-98 +lat_1=33.9333333333333 +lat_2=35.2333333333333 +x_0=609601.219202438 +y_0=0 +datum=NAD27 +units=us-ft +no_defs +type=crs
EPSG,32026,NAD27 / Oregon North,+proj=lcc +lat_0=43.6666666666667 +lon_0=-120.5 +lat_1=44.3333333333333 +lat_2=46 +x_0=609601.219202438 +y_0=0 +datum=NAD27 +units=us-ft +no_defs +type=crs
EPSG,32027,NAD27 / Oregon South,+proj=lcc +lat_0=41.6666666666667 +lon_0=-120.5 +lat_1=42.3333333333333 +lat_2=44 +x_0=609601.219202438 +y_0=0 +datum=NAD27 +units=us-ft +no_defs +type=crs
EPSG,32028,NAD27 / Pennsylvania North,+proj=lcc +lat_0=40.1666666666667 +lon_0=-77.75 +lat_1=40.8833333333333 +lat_2=41.95 +x_0=609601.219202438 +y_0=0 +datum=NAD27 +units=us-ft +no_defs +type=crs
EPSG,32030,NAD27 / Rhode Island,+proj=tmerc +lat_0=41.0833333333333 +lon_0=-71.5 +k=0.9999938 +x_0=152400.30480061 +y_0=0 +datum=NAD27 +units=us-ft +no_defs +type=crs
EPSG,32031,NAD27 / South Carolina North,+proj=lcc +lat_0=33 +lon_0=-81 +lat_1=33.7666666666667 +lat_2=34.9666666666667 +x_0=609601.219202438 +y_0=0 +datum=NAD27 +units=us-ft +no_defs +type=crs
EPSG,32033,NAD27 / South Carolina South,+proj=lcc +lat_0=31.8333333333333 +lon_0=-81 +lat_1=32.3333333333333 +lat_2=33.6666666666667 +x_0=609601.219202438 +y_0=0 +datum=NAD27 +units=us-ft +no_defs +type=crs
EPSG,32034,NAD27 / South Dakota North,+proj=lcc +lat_0=43.8333333333333 +lon_0=-100 +lat_1=44.4166666666667 +lat_2=45.6833333333333 +x_0=609601.219202438 +y_0=0 +datum=NAD27 +units=us-ft +no_defs +type=crs
EPSG,32035,NAD27 / South Dakota South,+proj=lcc +lat_0=42.3333333333333 +lon_0=-100.333333333333 +lat_1=42.8333333333333 +lat_2=44.4 +x_0=609601.219202438 +y_0=0 +datum=NAD27 +units=us-ft +no_defs +type=crs
EPSG,32037,NAD27 / Texas North,+proj=lcc +lat_0=34 +lon_0=-101.5 +lat_1=34.65 +lat_2=36.1833333333333 +x_0=609601.219202438 +y_0=0 +datum=NAD27 +units=us-ft +no_defs +type=crs
EPSG,32038,NAD27 / Texas North Central,+proj=lcc +lat_0=31.6666666666667 +lon_0=-97.5 +lat_1=32.1333333333333 +lat_2=33.9666666666667 +x_0=609601.219202438 +y_0=0 +datum=NAD27 +units=us-ft +no_defs +type=crs
EPSG,32039,NAD27 / Texas Central,+proj=lcc +lat_0=29.6666666666667 +lon_0=-100.333333333333 +lat_1=30.1166666666667 +lat_2=31.8833333333333 +x_0=609601.219202438 +y_0=0 +datum=NAD27 +units=us-ft +no_defs +type=crs
EPSG,32040,NAD27 / Texas South Central,+proj=lcc +lat_0=27.8333333333333 +lon_0=-99 +lat_1=28.3833333333333 +lat_2=30.2833333333333 +x_0=609601.219202438 +y_0=0 +datum=NAD27 +units=us-ft +no_defs +type=crs
EPSG,32041,NAD27 / Texas South,+proj=lcc +lat_0=25.6666666666667 +lon_0=-98.5 +lat_1=26.1666666666667 +lat_2=27.8333333333333 +x_0=609601.219202438 +y_0=0 +datum=NAD27 +units=us-ft +no_defs +type=crs
EPSG,32042,NAD27 / Utah North,+proj=lcc +lat_0=40.3333333333333 +lon_0=-111.5 +lat_1=40.7166666666667 +lat_2=41.7833333333333 +x_0=609601.219202438 +y_0=0 +datum=NAD27 +units=us-ft +no_defs +type=crs
EPSG,32043,NAD27 / Utah Central,+proj=lcc +lat_0=38.3333333333333 +lon_0=-111.5 +lat_1=39.0166666666667 +lat_2=40.65 +x_0=609601.219202438 +y_0=0 +datum=NAD27 +units=us-ft +no_defs +type=crs
EPSG,32044,NAD27 / Utah South,+proj=lcc +lat_0=36.6666666666667 +lon_0=-111.5 +lat_1=37.2166666666667 +lat_2=38.35 +x_0=609601.219202438 +y_0=0 +datum=NAD27 +units=us-ft +no_defs +type=crs
EPSG,32045,NAD27 / Vermont,+proj=tmerc +lat_0=42.5 +lon_0=-72.5 +k=0.999964286 +x_0=152400.30480061 +y_0=0 +datum=NAD27 +units=us-ft +no_defs +type=crs
EPSG,32046,NAD27 / Virginia North,+proj=lcc +lat_0=37.6666666666667 +lon_0=-78.5 +lat_1=38.0333333333333 +lat_2=39.2 +x_0=609601.219202438 +y_0=0 +datum=NAD27 +units=us-ft +no_defs +type=crs
EPSG,32047,NAD27 / Virginia South,+proj=lcc +lat_0=36.3333333333333 +lon_0=-78.5 +lat_1=36.7666666666667 +lat_2=37.9666666666667 +x_0=609601.219202438 +y_0=0 +datum=NAD27 +units=us-ft +no_defs +type=crs
EPSG,32048,NAD27 / Washington North,+proj=lcc +lat_0=47 +lon_0=-120.833333333333 +lat_1=47.5 +lat_2=48.7333333333333 +x_0=609601.219202438 +y_0=0 +datum=NAD27 +units=us-ft +no_defs +type=crs
EPSG,32049,NAD27 / Washington South,+proj=lcc +lat_0=45.3333333333333 +lon_0=-120.5 +lat_1=45.8333333333333 +lat_2=47.3333333333333 +x_0=609601.219202438 +y_0=0 +datum=NAD27 +units=us-ft +no_defs +type=crs
EPSG,32050,NAD27 / West Virginia North,+proj=lcc +lat_0=38.5 +lon_0=-79.5 +lat_1=39 +lat_2=40.25 +x_0=609601.219202438 +y_0=0 +datum=NAD27 +units=us-ft +no_defs +type=crs
EPSG,32051,NAD27 / West Virginia South,+proj=lcc +lat_0=37 +lon_0=-81 +lat_1=37.4833333333333 +lat_2=38.8833333333333 +x_0=609601.219202438 +y_0=0 +datum=NAD27 +units=us-ft +no_defs +type=crs
EPSG,32052,NAD27 / Wisconsin North,+proj=lcc +lat_0=45.1666666666667 +lon_0=-90 +lat_1=45.5666666666667 +lat_2=46.7666666666667 +x_0=609601.219202438 +y_0=0 +datum=NAD27 +units=us-ft +no_defs +type=crs
EPSG,32053,NAD27 / Wisconsin Central,+proj=lcc +lat_0=43.8333333333333 +lon_0=-90 +lat_1=44.25 +lat_2=45.5 +x_0=609601.219202438 +y_0=0 +datum=NAD27 +units=us-ft +no_defs +type=crs
EPSG,32054,NAD27 / Wisconsin South,+proj=lcc +lat_0=42 +lon_0=-90 +lat_1=42.7333333333333 +lat_2=44.0666666666667 +x_0=609601.219202438 +y_0=0 +datum=NAD27 +units=us-ft +no_defs +type=crs
EPSG,32055,NAD27 / Wyoming East,+proj=tmerc +lat_0=40.6666666666667 +lon_0=-105.166666666667 +k=0.999941177 +x_0=152400.30480061 +y_0=0 +datum=NAD27 +units=us-ft +no_defs +type=crs
EPSG,32056,NAD27 / Wyoming East Central,+proj=tmerc +lat_0=40.6666666666667 +lon_0=-107.333333333333 +k=0.999941177 +x_0=152400.30480061 +y_0=0 +datum=NAD27 +units=us-ft +no_defs +type=crs
EPSG,32057,NAD27 / Wyoming West Central,+proj=tmerc +lat_0=40.6666666666667 +lon_0=-108.75 +k=0.999941177 +x_0=152400.30480061 +y_0=0 +datum=NAD27 +units=us-ft +no_defs +type=crs
EPSG,32058,NAD27 / Wyoming West,+proj=tmerc +lat_0=40.6666666666667 +lon_0=-110.083333333333 +k=0.999941177 +x_0=152400.30480061 +y_0=0 +datum=NAD27 +units=us-ft +no_defs +type=crs
EPSG,32064,NAD27 / BLM 14N (ftUS),+proj=tmerc +lat_0=0 +lon_0=-99 +k=0.9996 +x_0=500000.001016002 +y_0=0 +datum=NAD27 +units=us-ft +no_defs +type=crs
EPSG,32065,NAD27 / BLM 15N (ftUS),+proj=tmerc +lat_0=0 +lon_0=-93 +k=0.9996 +x_0=500000.001016002 +y_0=0 +datum=NAD27 +units=us-ft +no_defs +type=crs
EPSG,32066,NAD27 / BLM 16N (ftUS),+proj=tmerc +lat_0=0 +lon_0=-87 +k=0.9996 +x_0=500000.001016002 +y_0=0 +datum=NAD27 +units=us-ft +no_defs +type=crs
EPSG,32067,NAD27 / BLM 17N (ftUS),+proj=tmerc +lat_0=0 +lon_0=-81 +k=0.9996 +x_0=500000.001016002 +y_0=0 +datum=NAD27 +units=us-ft +no_defs +type=crs
EPSG,32081,NAD27 / MTM zone 1,+proj=tmerc +lat_0=0 +lon_0=-53 +k=0.9999 +x_0=304800 +y_0=0 +datum=NAD27 +units=m +no_defs +type=crs
EPSG,32082,NAD27 / MTM zone 2,+proj=tmerc +lat_0=0 +lon_0=-56 +k=0.9999 +x_0=304800 +y_0=0 +datum=NAD27 +units=m +no_defs +type=crs
EPSG,32083,NAD27 / MTM zone 3,+proj=tmerc +lat_0=0 +lon_0=-58.5 +k=0.9999 +x_0=304800 +y_0=0 +datum=NAD27 +units=m +no_defs +type=crs
EPSG,32084,NAD27 / MTM zone 4,+proj=tmerc +lat_0=0 +lon_0=-61.5 +k=0.9999 +x_0=304800 +y_0=0 +datum=NAD27 +units=m +no_defs +type=crs
EPSG,32085,NAD27 / MTM zone 5,+proj=tmerc +lat_0=0 +lon_0=-64.5 +k=0.9999 +x_0=304800 +y_0=0 +datum=NAD27 +units=m +no_defs +type=crs
EPSG,32086,NAD27 / MTM zone 6,+proj=tmerc +lat_0=0 +lon_0=-67.5 +k=0.9999 +x_0=304800 +y_0=0 +datum=NAD27 +units=m +no_defs +type=crs
EPSG,32098,NAD27 / Quebec Lambert,+proj=lcc +lat_0=44 +lon_0=-68.5 +lat_1=60 +lat_2=46 +x_0=0 +y_0=0 +datum=NAD27 +units=m +no_defs +type=crs
EPSG,32099,NAD27 / Louisiana Offshore,+proj=lcc +lat_0=25.6666666666667 +lon_0=-91.3333333333333 +lat_1=27.8333333333333 +lat_2=26.1666666666667 +x_0=609601.219202438 +y_0=0 +datum=NAD27 +units=us-ft +no_defs +type=crs
EPSG,32100,NAD83 / Montana,+proj=lcc +lat_0=44.25 +lon_0=-109.5 +lat_1=49 +lat_2=45 +x_0=600000 +y_0=0 +datum=NAD83 +units=m +no_defs +type=crs
EPSG,32104,NAD83 / Nebraska,+proj=lcc +lat_0=39.8333333333333 +lon_0=-100 +lat_1=43 +lat_2=40 +x_0=500000 +y_0=0 +datum=NAD83 +units=m +no_defs +type=crs
EPSG,32107,NAD83 / Nevada East,+proj=tmerc +lat_0=34.75 +lon_0=-115.583333333333 +k=0.9999 +x_0=200000 +y_0=8000000 +datum=NAD83 +units=m +no_defs +type=crs
EPSG,32108,NAD83 / Nevada Central,+proj=tmerc +lat_0=34.75 +lon_0=-116.666666666667 +k=0.9999 +x_0=500000 +y_0=6000000 +datum=NAD83 +units=m +no_defs +type=crs
EPSG,32109,NAD83 / Nevada West,+proj=tmerc +lat_0=34.75 +lon_0=-118.583333333333 +k=0.9999 +x_0=800000 +y_0=4000000 +datum=NAD83 +units=m +no_defs +type=crs
EPSG,32110,NAD83 / New Hampshire,+proj=tmerc +lat_0=42.5 +lon_0=-71.6666666666667 +k=0.999966667 +x_0=300000 +y_0=0 +datum=NAD83 +units=m +no_defs +type=crs
EPSG,32111,NAD83 / New Jersey,+proj=tmerc +lat_0=38.8333333333333 +lon_0=-74.5 +k=0.9999 +x_0=150000 +y_0=0 +datum=NAD83 +units=m +no_defs +type=crs
EPSG,32112,NAD83 / New Mexico East,+proj=tmerc +lat_0=31 +lon_0=-104.333333333333 +k=0.999909091 +x_0=165000 +y_0=0 +datum=NAD83 +units=m +no_defs +type=crs
EPSG,32113,NAD83 / New Mexico Central,+proj=tmerc +lat_0=31 +lon_0=-106.25 +k=0.9999 +x_0=500000 +y_0=0 +datum=NAD83 +units=m +no_defs +type=crs
EPSG,32114,NAD83 / New Mexico West,+proj=tmerc +lat_0=31 +lon_0=-107.833333333333 +k=0.999916667 +x_0=830000 +y_0=0 +datum=NAD83 +units=m +no_defs +type=crs
EPSG,32115,NAD83 / New York East,+proj=tmerc +lat_0=38.8333333333333 +lon_0=-74.5 +k=0.9999 +x_0=150000 +y_0=0 +datum=NAD83 +units=m +no_defs +type=crs
EPSG,32116,NAD83 / New York Central,+proj=tmerc +lat_0=40 +lon_0=-76.5833333333333 +k=0.9999375 +x_0=250000 +y_0=0 +datum=NAD83 +units=m +no_defs +type=crs
EPSG,32117,NAD83 / New York West,+proj=tmerc +lat_0=40 +lon_0=-78.5833333333333 +k=0.9999375 +x_0=350000 +y_0=0 +datum=NAD83 +units=m +no_defs +type=crs
EPSG,32118,NAD83 / New York Long Island,+proj=lcc +lat_0=40.1666666666667 +lon_0=-74 +lat_1=41.0333333333333 +lat_2=40.6666666666667 +x_0=300000 +y_0=0 +datum=NAD83 +units=m +no_defs +type=crs
EPSG,32119,NAD83 / North Carolina,+proj=lcc +lat_0=33.75 +lon_0=-79 +lat_1=36.1666666666667 +lat_2=34.3333333333333 +x_0=609601.22 +y_0=0 +datum=NAD83 +units=m +no_defs +type=crs
EPSG,32120,NAD83 / North Dakota North,+proj=lcc +lat_0=47 +lon_0=-100.5 +lat_1=48.7333333333333 +lat_2=47.4333333333333 +x_0=600000 +y_0=0 +datum=NAD83 +units=m +no_defs +type=crs
EPSG,32121,NAD83 / North Dakota South,+proj=lcc +lat_0=45.6666666666667 +lon_0=-100.5 +lat_1=47.4833333333333 +lat_2=46.1833333333333 +x_0=600000 +y_0=0 +datum=NAD83 +units=m +no_defs +type=crs
EPSG,32122,NAD83 / Ohio North,+proj=lcc +lat_0=39.6666666666667 +lon_0=-82.5 +lat_1=41.7 +lat_2=40.4333333333333 +x_0=600000 +y_0=0 +datum=NAD83 +units=m +no_defs +type=crs
EPSG,32123,NAD83 / Ohio South,+proj=lcc +lat_0=38 +lon_0=-82.5 +lat_1=40.0333333333333 +lat_2=38.7333333333333 +x_0=600000 +y_0=0 +datum=NAD83 +units=m +no_defs +type=crs
EPSG,32124,NAD83 / Oklahoma North,+proj=lcc +lat_0=35 +lon_0=-98 +lat_1=36.7666666666667 +lat_2=35.5666666666667 +x_0=600000 +y_0=0 +datum=NAD83 +units=m +no_defs +type=crs
EPSG,32125,NAD83 / Oklahoma South,+proj=lcc +lat_0=33.3333333333333 +lon_0=-98 +lat_1=35.2333333333333 +lat_2=33.9333333333333 +x_0=600000 +y_0=0 +datum=NAD83 +units=m +no_defs +type=crs
EPSG,32126,NAD83 / Oregon North,+proj=lcc +lat_0=43.6666666666667 +lon_0=-120.5 +lat_1=46 +lat_2=44.3333333333333 +x_0=2500000 +y_0=0 +datum=NAD83 +units=m +no_defs +type=crs
EPSG,32127,NAD83 / Oregon South,+proj=lcc +lat_0=41.6666666666667 +lon_0=-120.5 +lat_1=44 +lat_2=42.3333333333333 +x_0=1500000 +y_0=0 +datum=NAD83 +units=m +no_defs +type=crs
EPSG,32128,NAD83 / Pennsylvania North,+proj=lcc +lat_0=40.1666666666667 +lon_0=-77.75 +lat_1=41.95 +lat_2=40.8833333333333 +x_0=600000 +y_0=0 +datum=NAD83 +units=m +no_defs +type=crs
EPSG,32129,NAD83 / Pennsylvania South,+proj=lcc +lat_0=39.3333333333333 +lon_0=-77.75 +lat_1=40.9666666666667 +lat_2=39.9333333333333 +x_0=600000 +y_0=0 +datum=NAD83 +units=m +no_defs +type=crs
EPSG,32130,NAD83 / Rhode Island,+proj=tmerc +lat_0=41.0833333333333 +lon_0=-71.5 +k=0.99999375 +x_0=100000 +y_0=0 +datum=NAD83 +units=m +no_defs +type=crs
EPSG,32133,NAD83 / South Carolina,+proj=lcc +lat_0=31.8333333333333 +lon_0=-81 +lat_1=34.8333333333333 +lat_2=32.5 +x_0=609600 +y_0=0 +datum=NAD83 +units=m +no_defs +type=crs
EPSG,32134,NAD83 / South Dakota North,+proj=lcc +lat_0=43.8333333333333 +lon_0=-100 +lat_1=45.6833333333333 +lat_2=44.4166666666667 +x_0=600000 +y_0=0 +datum=NAD83 +units=m +no_defs +type=crs
EPSG,32135,NAD83 / South Dakota South,+proj=lcc +lat_0=42.3333333333333 +lon_0=-100.333333333333 +lat_1=44.4 +lat_2=42.8333333333333 +x_0=600000 +y_0=0 +datum=NAD83 +units=m +no_defs +type=crs
EPSG,32136,NAD83 / Tennessee,+proj=lcc +lat_0=34.3333333333333 +lon_0=-86 +lat_1=36.4166666666667 +lat_2=35.25 +x_0=600000 +y_0=0 +datum=NAD83 +units=m +no_defs +type=crs
EPSG,32137,NAD83 / Texas North,+proj=lcc +lat_0=34 +lon_0=-101.5 +lat_1=36.1833333333333 +lat_2=34.65 +x_0=200000 +y_0=1000000 +datum=NAD83 +units=m +no_defs +type=crs
EPSG,32138,NAD83 / Texas North Central,+proj=lcc +lat_0=31.6666666666667 +lon_0=-98.5 +lat_1=33.9666666666667 +lat_2=32.1333333333333 +x_0=600000 +y_0=2000000 +datum=NAD83 +units=m +no_defs +type=crs
EPSG,32139,NAD83 / Texas Central,+proj=lcc +lat_0=29.6666666666667 +lon_0=-100.333333333333 +lat_1=31.8833333333333 +lat_2=30.1166666666667 +x_0=700000 +y_0=3000000 +datum=NAD83 +units=m +no_defs +type=crs
EPSG,32140,NAD83 / Texas South Central,+proj=lcc +lat_0=27.8333333333333 +lon_0=-99 +lat_1=30.2833333333333 +lat_2=28.3833333333333 +x_0=600000 +y_0=4000000 +datum=NAD83 +units=m +no_defs +type=crs
EPSG,32141,NAD83 / Texas South,+proj=lcc +lat_0=25.6666666666667 +lon_0=-98.5 +lat_1=27.8333333333333 +lat_2=26.1666666666667 +x_0=300000 +y_0=5000000 +datum=NAD83 +units=m +no_defs +type=crs
EPSG,32142,NAD83 / Utah North,+proj=lcc +lat_0=40.3333333333333 +lon_0=-111.5 +lat_1=41.7833333333333 +lat_2=40.7166666666667 +x_0=500000 +y_0=1000000 +datum=NAD83 +units=m +no_defs +type=crs
EPSG,32143,NAD83 / Utah Central,+proj=lcc +lat_0=38.3333333333333 +lon_0=-111.5 +lat_1=40.65 +lat_2=39.0166666666667 +x_0=500000 +y_0=2000000 +datum=NAD83 +units=m +no_defs +type=crs
EPSG,32144,NAD83 / Utah South,+proj=lcc +lat_0=36.6666666666667 +lon_0=-111.5 +lat_1=38.35 +lat_2=37.2166666666667 +x_0=500000 +y_0=3000000 +datum=NAD83 +units=m +no_defs +type=crs
EPSG,32145,NAD83 / Vermont,+proj=tmerc +lat_0=42.5 +lon_0=-72.5 +k=0.999964286 +x_0=500000 +y_0=0 +datum=NAD83 +units=m +no_defs +type=crs
EPSG,32146,NAD83 / Virginia North,+proj=lcc +lat_0=37.6666666666667 +lon_0=-78.5 +lat_1=39.2 +lat_2=38.0333333333333 +x_0=3500000 +y_0=2000000 +datum=NAD83 +units=m +no_defs +type=crs
EPSG,32147,NAD83 / Virginia South,+proj=lcc +lat_0=36.3333333333333 +lon_0=-78.5 +lat_1=37.9666666666667 +lat_2=36.7666666666667 +x_0=3500000 +y_0=1000000 +datum=NAD83 +units=m +no_defs +type=crs
EPSG,32148,NAD83 / Washington North,+proj=lcc +lat_0=47 +lon_0=-120.833333333333 +lat_1=48.7333333333333 +lat_2=47.5 +x_0=500000 +y_0=0 +datum=NAD83 +units=m +no_defs +type=crs
EPSG,32149,NAD83 / Washington South,+proj=lcc +lat_0=45.3333333333333 +lon_0=-120.5 +lat_1=47.3333333333333 +lat_2=45.8333333333333 +x_0=500000 +y_0=0 +datum=NAD83 +units=m +no_defs +type=crs
EPSG,32150,NAD83 / West Virginia North,+proj=lcc +lat_0=38.5 +lon_0=-79.5 +lat_1=40.25 +lat_2=39 +x_0=600000 +y_0=0 +datum=NAD83 +units=m +no_defs +type=crs
EPSG,32151,NAD83 / West Virginia South,+proj=lcc +lat_0=37 +lon_0=-81 +lat_1=38.8833333333333 +lat_2=37.4833333333333 +x_0=600000 +y_0=0 +datum=NAD83 +units=m +no_defs +type=crs
EPSG,32152,NAD83 / Wisconsin North,+proj=lcc +lat_0=45.1666666666667 +lon_0=-90 +lat_1=46.7666666666667 +lat_2=45.5666666666667 +x_0=600000 +y_0=0 +datum=NAD83 +units=m +no_defs +type=crs
EPSG,32153,NAD83 / Wisconsin Central,+proj=lcc +lat_0=43.8333333333333 +lon_0=-90 +lat_1=45.5 +lat_2=44.25 +x_0=600000 +y_0=0 +datum=NAD83 +units=m +no_defs +type=crs
EPSG,32154,NAD83 / Wisconsin South,+proj=lcc +lat_0=42 +lon_0=-90 +lat_1=44.0666666666667 +lat_2=42.7333333333333 +x_0=600000 +y_0=0 +datum=NAD83 +units=m +no_defs +type=crs
EPSG,32155,NAD83 / Wyoming East,+proj=tmerc +lat_0=40.5 +lon_0=-105.166666666667 +k=0.9999375 +x_0=200000 +y_0=0 +datum=NAD83 +units=m +no_defs +type=crs
EPSG,32156,NAD83 / Wyoming East Central,+proj=tmerc +lat_0=40.5 +lon_0=-107.333333333333 +k=0.9999375 +x_0=400000 +y_0=100000 +datum=NAD83 +units=m +no_defs +type=crs
EPSG,32157,NAD83 / Wyoming West Central,+proj=tmerc +lat_0=40.5 +lon_0=-108.75 +k=0.9999375 +x_0=600000 +y_0=0 +datum=NAD83 +units=m +no_defs +type=crs
EPSG,32158,NAD83 / Wyoming West,+proj=tmerc +lat_0=40.5 +lon_0=-110.083333333333 +k=0.9999375 +x_0=800000 +y_0=100000 +datum=NAD83 +units=m +no_defs +type=crs
EPSG,32159,NAD83 / Wyoming Lambert,+proj=lcc +lat_0=41 +lon_0=-107.5 +lat_1=41 +lat_2=45 +x_0=500000 +y_0=200000 +datum=NAD83 +units=m +no_defs +type=crs
EPSG,32161,NAD83 / Puerto Rico & Virgin Is.,+proj=lcc +lat_0=17.8333333333333 +lon_0=-66.4333333333333 +lat_1=18.4333333333333 +lat_2=18.0333333333333 +x_0=200000 +y_0=200000 +datum=NAD83 +units=m +no_defs +type=crs
EPSG,32164,NAD83 / BLM 14N (ftUS),+proj=tmerc +lat_0=0 +lon_0=-99 +k=0.9996 +x_0=500000.001016002 +y_0=0 +datum=NAD83 +units=us-ft +no_defs +type=crs
EPSG,32165,NAD83 / BLM 15N (ftUS),+proj=tmerc +lat_0=0 +lon_0=-93 +k=0.9996 +x_0=500000.001016002 +y_0=0 +datum=NAD83 +units=us-ft +no_defs +type=crs
EPSG,32166,NAD83 / BLM 16N (ftUS),+proj=tmerc +lat_0=0 +lon_0=-87 +k=0.9996 +x_0=500000.001016002 +y_0=0 +datum=NAD83 +units=us-ft +no_defs +type=crs
EPSG,32167,NAD83 / BLM 17N (ftUS),+proj=tmerc +lat_0=0 +lon_0=-81 +k=0.9996 +x_0=500000.001016002 +y_0=0 +datum=NAD83 +units=us-ft +no_defs +type=crs
EPSG,32181,NAD83 / MTM zone 1,+proj=tmerc +lat_0=0 +lon_0=-53 +k=0.9999 +x_0=304800 +y_0=0 +datum=NAD83 +units=m +no_defs +type=crs
EPSG,32182,NAD83 / MTM zone 2,+proj=tmerc +lat_0=0 +lon_0=-56 +k=0.9999 +x_0=304800 +y_0=0 +datum=NAD83 +units=m +no_defs +type=crs
EPSG,32183,NAD83 / MTM zone 3,+proj=tmerc +lat_0=0 +lon_0=-58.5 +k=0.9999 +x_0=304800 +y_0=0 +datum=NAD83 +units=m +no_defs +type=crs
EPSG,32184,NAD83 / MTM zone 4,+proj=tmerc +lat_0=0 +lon_0=-61.5 +k=0.9999 +x_0=304800 +y_0=0 +datum=NAD83 +units=m +no_defs +type=crs
EPSG,32185,NAD83 / MTM zone 5,+proj=tmerc +lat_0=0 +lon_0=-64.5 +k=0.9999 +x_0=304800 +y_0=0 +datum=NAD83 +units=m +no_defs +type=crs
EPSG,32186,NAD83 / MTM zone 6,+proj=tmerc +lat_0=0 +lon_0=-67.5 +k=0.9999 +x_0=304800 +y_0=0 +datum=NAD83 +units=m +no_defs +type=crs
EPSG,32187,NAD83 / MTM zone 7,+proj=tmerc +lat_0=0 +lon_0=-70.5 +k=0.9999 +x_0=304800 +y_0=0 +datum=NAD83 +units=m +no_defs +type=crs
EPSG,32188,NAD83 / MTM zone 8,+proj=tmerc +lat_0=0 +lon_0=-73.5 +k=0.9999 +x_0=304800 +y_0=0 +datum=NAD83 +units=m +no_defs +type=crs
EPSG,32189,NAD83 / MTM zone 9,+proj=tmerc +lat_0=0 +lon_0=-76.5 +k=0.9999 +x_0=304800 +y_0=0 +datum=NAD83 +units=m +no_defs +type=crs
EPSG,32190,NAD83 / MTM zone 10,+proj=tmerc +lat_0=0 +lon_0=-79.5 +k=0.9999 +x_0=304800 +y_0=0 +datum=NAD83 +units=m +no_defs +type=crs
EPSG,32191,NAD83 / MTM zone 11,+proj=tmerc +lat_0=0 +lon_0=-82.5 +k=0.9999 +x_0=304800 +y_0=0 +datum=NAD83 +units=m +no_defs +type=crs
EPSG,32192,NAD83 / MTM zone 12,+proj=tmerc +lat_0=0 +lon_0=-81 +k=0.9999 +x_0=304800 +y_0=0 +datum=NAD83 +units=m +no_defs +type=crs
EPSG,32193,NAD83 / MTM zone 13,+proj=tmerc +lat_0=0 +lon_0=-84 +k=0.9999 +x_0=304800 +y_0=0 +datum=NAD83 +units=m +no_defs +type=crs
EPSG,32194,NAD83 / MTM zone 14,+proj=tmerc +lat_0=0 +lon_0=-87 +k=0.9999 +x_0=304800 +y_0=0 +datum=NAD83 +units=m +no_defs +type=crs
EPSG,32195,NAD83 / MTM zone 15,+proj=tmerc +lat_0=0 +lon_0=-90 +k=0.9999 +x_0=304800 +y_0=0 +datum=NAD83 +units=m +no_defs +type=crs
EPSG,32196,NAD83 / MTM zone 16,+proj=tmerc +lat_0=0 +lon_0=-93 +k=0.9999 +x_0=304800 +y_0=0 +datum=NAD83 +units=m +no_defs +type=crs
EPSG,32197,NAD83 / MTM zone 17,+proj=tmerc +lat_0=0 +lon_0=-96 +k=0.9999 +x_0=304800 +y_0=0 +datum=NAD83 +units=m +no_defs +type=crs
EPSG,32198,NAD83 / Quebec Lambert,+proj=lcc +lat_0=44 +lon_0=-68.5 +lat_1=60 +lat_2=46 +x_0=0 +y_0=0 +datum=NAD83 +units=m +no_defs +type=crs
EPSG,32199,NAD83 / Louisiana Offshore,+proj=lcc +lat_0=25.5 +lon_0=-91.3333333333333 +lat_1=27.8333333333333 +lat_2=26.1666666666667 +x_0=1000000 +y_0=0 +datum=NAD83 +units=m +no_defs +type=crs
EPSG,32201,WGS 72 / UTM zone 1N,+proj=utm +zone=1 +ellps=WGS72 +units=m +no_defs +type=crs
EPSG,32202,WGS 72 / UTM zone 2N,+proj=utm +zone=2 +ellps=WGS72 +units=m +no_defs +type=crs
EPSG,32203,WGS 72 / UTM zone 3N,+proj=utm +zone=3 +ellps=WGS72 +units=m +no_defs +type=crs
EPSG,32204,WGS 72 / UTM zone 4N,+proj=utm +zone=4 +ellps=WGS72 +units=m +no_defs +type=crs
EPSG,32205,WGS 72 / UTM zone 5N,+proj=utm +zone=5 +ellps=WGS72 +units=m +no_defs +type=crs
EPSG,32206,WGS 72 / UTM zone 6N,+proj=utm +zone=6 +ellps=WGS72 +units=m +no_defs +type=crs
EPSG,32207,WGS 72 / UTM zone 7N,+proj=utm +zone=7 +ellps=WGS72 +units=m +no_defs +type=crs
EPSG,32208,WGS 72 / UTM zone 8N,+proj=utm +zone=8 +ellps=WGS72 +units=m +no_defs +type=crs
EPSG,32209,WGS 72 / UTM zone 9N,+proj=utm +zone=9 +ellps=WGS72 +units=m +no_defs +type=crs
EPSG,32210,WGS 72 / UTM zone 10N,+proj=utm +zone=10 +ellps=WGS72 +units=m +no_defs +type=crs
EPSG,32211,WGS 72 / UTM zone 11N,+proj=utm +zone=11 +ellps=WGS72 +units=m +no_defs +type=crs
EPSG,32212,WGS 72 / UTM zone 12N,+proj=utm +zone=12 +ellps=WGS72 +units=m +no_defs +type=crs
EPSG,32213,WGS 72 / UTM zone 13N,+proj=utm +zone=13 +ellps=WGS72 +units=m +no_defs +type=crs
EPSG,32214,WGS 72 / UTM zone 14N,+proj=utm +zone=14 +ellps=WGS72 +units=m +no_defs +type=crs
EPSG,32215,WGS 72 / UTM zone 15N,+proj=utm +zone=15 +ellps=WGS72 +units=m +no_defs +type=crs
EPSG,32216,WGS 72 / UTM zone 16N,+proj=utm +zone=16 +ellps=WGS72 +units=m +no_defs +type=crs
EPSG,32217,WGS 72 / UTM zone 17N,+proj=utm +zone=17 +ellps=WGS72 +units=m +no_defs +type=crs
EPSG,32218,WGS 72 / UTM zone 18N,+proj=utm +zone=18 +ellps=WGS72 +units=m +no_defs +type=crs
EPSG,32219,WGS 72 / UTM zone 19N,+proj=utm +zone=19 +ellps=WGS72 +units=m +no_defs +type=crs
EPSG,32220,WGS 72 / UTM zone 20N,+proj=utm +zone=20 +ellps=WGS72 +units=m +no_defs +type=crs
EPSG,32221,WGS 72 / UTM zone 21N,+proj=utm +zone=21 +ellps=WGS72 +units=m +no_defs +type=crs
EPSG,32222,WGS 72 / UTM zone 22N,+proj=utm +zone=22 +ellps=WGS72 +units=m +no_defs +type=crs
EPSG,32223,WGS 72 / UTM zone 23N,+proj=utm +zone=23 +ellps=WGS72 +units=m +no_defs +type=crs
EPSG,32224,WGS 72 / UTM zone 24N,+proj=utm +zone=24 +ellps=WGS72 +units=m +no_defs +type=crs
EPSG,32225,WGS 72 / UTM zone 25N,+proj=utm +zone=25 +ellps=WGS72 +units=m +no_defs +type=crs
EPSG,32226,WGS 72 / UTM zone 26N,+proj=utm +zone=26 +ellps=WGS72 +units=m +no_defs +type=crs
EPSG,32227,WGS 72 / UTM zone 27N,+proj=utm +zone=27 +ellps=WGS72 +units=m +no_defs +type=crs
EPSG,32228,WGS 72 / UTM zone 28N,+proj=utm +zone=28 +ellps=WGS72 +units=m +no_defs +type=crs
EPSG,32229,WGS 72 / UTM zone 29N,+proj=utm +zone=29 +ellps=WGS72 +units=m +no_defs +type=crs
EPSG,32230,WGS 72 / UTM zone 30N,+proj=utm +zone=30 +ellps=WGS72 +units=m +no_defs +type=crs
EPSG,32231,WGS 72 / UTM zone 31N,+proj=utm +zone=31 +ellps=WGS72 +units=m +no_defs +type=crs
EPSG,32232,WGS 72 / UTM zone 32N,+proj=utm +zone=32 +ellps=WGS72 +units=m +no_defs +type=crs
EPSG,32233,WGS 72 / UTM zone 33N,+proj=utm +zone=33 +ellps=WGS72 +units=m +no_defs +type=crs
EPSG,32234,WGS 72 / UTM zone 34N,+proj=utm +zone=34 +ellps=WGS72 +units=m +no_defs +type=crs
EPSG,32235,WGS 72 / UTM zone 35N,+proj=utm +zone=35 +ellps=WGS72 +units=m +no_defs +type=crs
EPSG,32236,WGS 72 / UTM zone 36N,+proj=utm +zone=36 +ellps=WGS72 +units=m +no_defs +type=crs
EPSG,32237,WGS 72 / UTM zone 37N,+proj=utm +zone=37 +ellps=WGS72 +units=m +no_defs +type=crs
EPSG,32238,WGS 72 / UTM zone 38N,+proj=utm +zone=38 +ellps=WGS72 +units=m +no_defs +type=crs
EPSG,32239,WGS 72 / UTM zone 39N,+proj=utm +zone=39 +ellps=WGS72 +units=m +no_defs +type=crs
EPSG,32240,WGS 72 / UTM zone 40N,+proj=utm +zone=40 +ellps=WGS72 +units=m +no_defs +type=crs
EPSG,32241,WGS 72 / UTM zone 41N,+proj=utm +zone=41 +ellps=WGS72 +units=m +no_defs +type=crs
EPSG,32242,WGS 72 / UTM zone 42N,+proj=utm +zone=42 +ellps=WGS72 +units=m +no_defs +type=crs
EPSG,32243,WGS 72 / UTM zone 43N,+proj=utm +zone=43 +ellps=WGS72 +units=m +no_defs +type=crs
EPSG,32244,WGS 72 / UTM zone 44N,+proj=utm +zone=44 +ellps=WGS72 +units=m +no_defs +type=crs
EPSG,32245,WGS 72 / UTM zone 45N,+proj=utm +zone=45 +ellps=WGS72 +units=m +no_defs +type=crs
EPSG,32246,WGS 72 / UTM zone 46N,+proj=utm +zone=46 +ellps=WGS72 +units=m +no_defs +type=crs
EPSG,32247,WGS 72 / UTM zone 47N,+proj=utm +zone=47 +ellps=WGS72 +units=m +no_defs +type=crs
EPSG,32248,WGS 72 / UTM zone 48N,+proj=utm +zone=48 +ellps=WGS72 +units=m +no_defs +type=crs
EPSG,32249,WGS 72 / UTM zone 49N,+proj=utm +zone=49 +ellps=WGS72 +units=m +no_defs +type=crs
EPSG,32250,WGS 72 / UTM zone 50N,+proj=utm +zone=50 +ellps=WGS72 +units=m +no_defs +type=crs
EPSG,32251,WGS 72 / UTM zone 51N,+proj=utm +zone=51 +ellps=WGS72 +units=m +no_defs +type=crs
EPSG,32252,WGS 72 / UTM zone 52N,+proj=utm +zone=52 +ellps=WGS72 +units=m +no_defs +type=crs
EPSG,32253,WGS 72 / UTM zone 53N,+proj=utm +zone=53 +ellps=WGS72 +units=m +no_defs +type=crs
EPSG,32254,WGS 72 / UTM zone 54N,+proj=utm +zone=54 +ellps=WGS72 +units=m +no_defs +type=crs
EPSG,32255,WGS 72 / UTM zone 55N,+proj=utm +zone=55 +ellps=WGS72 +units=m +no_defs +type=crs
EPSG,32256,WGS 72 / UTM zone 56N,+proj=utm +zone=56 +ellps=WGS72 +units=m +no_defs +type=crs
EPSG,32257,WGS 72 / UTM zone 57N,+proj=utm +zone=57 +ellps=WGS72 +units=m +no_defs +type=crs
EPSG,32258,WGS 72 / UTM zone 58N,+proj=utm +zone=58 +ellps=WGS72 +units=m +no_defs +type=crs
EPSG,32259,WGS 72 / UTM zone 59N,+proj=utm +zone=59 +ellps=WGS72 +units=m +no_defs +type=crs
EPSG,32260,WGS 72 / UTM zone 60N,+proj=utm +zone=60 +ellps=WGS72 +units=m +no_defs +type=crs
EPSG,32301,WGS 72 / UTM zone 1S,+proj=utm +zone=1 +south +ellps=WGS72 +units=m +no_defs +type=crs
EPSG,32302,WGS 72 / UTM zone 2S,+proj=utm +zone=2 +south +ellps=WGS72 +units=m +no_defs +type=crs
EPSG,32303,WGS 72 / UTM zone 3S,+proj=utm +zone=3 +south +ellps=WGS72 +units=m +no_defs +type=crs
EPSG,32304,WGS 72 / UTM zone 4S,+proj=utm +zone=4 +south +ellps=WGS72 +units=m +no_defs +type=crs
EPSG,32305,WGS 72 / UTM zone 5S,+proj=utm +zone=5 +south +ellps=WGS72 +units=m +no_defs +type=crs
EPSG,32306,WGS 72 / UTM zone 6S,+proj=utm +zone=6 +south +ellps=WGS72 +units=m +no_defs +type=crs
EPSG,32307,WGS 72 / UTM zone 7S,+proj=utm +zone=7 +south +ellps=WGS72 +units=m +no_defs +type=crs
EPSG,32308,WGS 72 / UTM zone 8S,+proj=utm +zone=8 +south +ellps=WGS72 +units=m +no_defs +type=crs
EPSG,32309,WGS 72 / UTM zone 9S,+proj=utm +zone=9 +south +ellps=WGS72 +units=m +no_defs +type=crs
EPSG,32310,WGS 72 / UTM zone 10S,+proj=utm +zone=10 +south +ellps=WGS72 +units=m +no_defs +type=crs
EPSG,32311,WGS 72 / UTM zone 11S,+proj=utm +zone=11 +south +ellps=WGS72 +units=m +no_defs +type=crs
EPSG,32312,WGS 72 / UTM zone 12S,+proj=utm +zone=12 +south +ellps=WGS72 +units=m +no_defs +type=crs
EPSG,32313,WGS 72 / UTM zone 13S,+proj=utm +zone=13 +south +ellps=WGS72 +units=m +no_defs +type=crs
EPSG,32314,WGS 72 / UTM zone 14S,+proj=utm +zone=14 +south +ellps=WGS72 +units=m +no_defs +type=crs
EPSG,32315,WGS 72 / UTM zone 15S,+proj=utm +zone=15 +south +ellps=WGS72 +units=m +no_defs +type=crs
EPSG,32316,WGS 72 / UTM zone 16S,+proj=utm +zone=16 +south +ellps=WGS72 +units=m +no_defs +type=crs
EPSG,32317,WGS 72 / UTM zone 17S,+proj=utm +zone=17 +south +ellps=WGS72 +units=m +no_defs +type=crs
EPSG,32318,WGS 72 / UTM zone 18S,+proj=utm +zone=18 +south +ellps=WGS72 +units=m +no_defs +type=crs
EPSG,32319,WGS 72 / UTM zone 19S,+proj=utm +zone=19 +south +ellps=WGS72 +units=m +no_defs +type=crs
EPSG,32320,WGS 72 / UTM zone 20S,+proj=utm +zone=20 +south +ellps=WGS72 +units=m +no_defs +type=crs
EPSG,32321,WGS 72 / UTM zone 21S,+proj=utm +zone=21 +south +ellps=WGS72 +units=m +no_defs +type=crs
EPSG,32322,WGS 72 / UTM zone 22S,+proj=utm +zone=22 +south +ellps=WGS72 +units=m +no_defs +type=crs
EPSG,32323,WGS 72 / UTM zone 23S,+proj=utm +zone=23 +south +ellps=WGS72 +units=m +no_defs +type=crs
EPSG,32324,WGS 72 / UTM zone 24S,+proj=utm +zone=24 +south +ellps=WGS72 +units=m +no_defs +type=crs
EPSG,32325,WGS 72 / UTM zone 25S,+proj=utm +zone=25 +south +ellps=WGS72 +units=m +no_defs +type=crs
EPSG,32326,WGS 72 / UTM zone 26S,+proj=utm +zone=26 +south +ellps=WGS72 +units=m +no_defs +type=crs
EPSG,32327,WGS 72 / UTM zone 27S,+proj=utm +zone=27 +south +ellps=WGS72 +units=m +no_defs +type=crs
EPSG,32328,WGS 72 / UTM zone 28S,+proj=utm +zone=28 +south +ellps=WGS72 +units=m +no_defs +type=crs
EPSG,32329,WGS 72 / UTM zone 29S,+proj=utm +zone=29 +south +ellps=WGS72 +units=m +no_defs +type=crs
EPSG,32330,WGS 72 / UTM zone 30S,+proj=utm +zone=30 +south +ellps=WGS72 +units=m +no_defs +type=crs
EPSG,32331,WGS 72 / UTM zone 31S,+proj=utm +zone=31 +south +ellps=WGS72 +units=m +no_defs +type=crs
EPSG,32332,WGS 72 / UTM zone 32S,+proj=utm +zone=32 +south +ellps=WGS72 +units=m +no_defs +type=crs
EPSG,32333,WGS 72 / UTM zone 33S,+proj=utm +zone=33 +south +ellps=WGS72 +units=m +no_defs +type=crs
EPSG,32334,WGS 72 / UTM zone 34S,+proj=utm +zone=34 +south +ellps=WGS72 +units=m +no_defs +type=crs
EPSG,32335,WGS 72 / UTM zone 35S,+proj=utm +zone=35 +south +ellps=WGS72 +units=m +no_defs +type=crs
EPSG,32336,WGS 72 / UTM zone 36S,+proj=utm +zone=36 +south +ellps=WGS72 +units=m +no_defs +type=crs
EPSG,32337,WGS 72 / UTM zone 37S,+proj=utm +zone=37 +south +ellps=WGS72 +units=m +no_defs +type=crs
EPSG,32338,WGS 72 / UTM zone 38S,+proj=utm +zone=38 +south +ellps=WGS72 +units=m +no_defs +type=crs
EPSG,32339,WGS 72 / UTM zone 39S,+proj=utm +zone=39 +south +ellps=WGS72 +units=m +no_defs +type=crs
EPSG,32340,WGS 72 / UTM zone 40S,+proj=utm +zone=40 +south +ellps=WGS72 +units=m +no_defs +type=crs
EPSG,32341,WGS 72 / UTM zone 41S,+proj=utm +zone=41 +south +ellps=WGS72 +units=m +no_defs +type=crs
EPSG,32342,WGS 72 / UTM zone 42S,+proj=utm +zone=42 +south +ellps=WGS72 +units=m +no_defs +type=crs
EPSG,32343,WGS 72 / UTM zone 43S,+proj=utm +zone=43 +south +ellps=WGS72 +units=m +no_defs +type=crs
EPSG,32344,WGS 72 / UTM zone 44S,+proj=utm +zone=44 +south +ellps=WGS72 +units=m +no_defs +type=crs
EPSG,32345,WGS 72 / UTM zone 45S,+proj=utm +zone=45 +south +ellps=WGS72 +units=m +no_defs +type=crs
EPSG,32346,WGS 72 / UTM zone 46S,+proj=utm +zone=46 +south +ellps=WGS72 +units=m +no_defs +type=crs
EPSG,32347,WGS 72 / UTM zone 47S,+proj=utm +zone=47 +south +ellps=WGS72 +units=m +no_defs +type=crs
EPSG,32348,WGS 72 / UTM zone 48S,+proj=utm +zone=48 +south +ellps=WGS72 +units=m +no_defs +type=crs
EPSG,32349,WGS 72 / UTM zone 49S,+proj=utm +zone=49 +south +ellps=WGS72 +units=m +no_defs +type=crs
EPSG,32350,WGS 72 / UTM zone 50S,+proj=utm +zone=50 +south +ellps=WGS72 +units=m +no_defs +type=crs
EPSG,32351,WGS 72 / UTM zone 51S,+proj=utm +zone=51 +south +ellps=WGS72 +units=m +no_defs +type=crs
EPSG,32352,WGS 72 / UTM zone 52S,+proj=utm +zone=52 +south +ellps=WGS72 +units=m +no_defs +type=crs
EPSG,32353,WGS 72 / UTM zone 53S,+proj=utm +zone=53 +south +ellps=WGS72 +units=m +no_defs +type=crs
EPSG,32354,WGS 72 / UTM zone 54S,+proj=utm +zone=54 +south +ellps=WGS72 +units=m +no_defs +type=crs
EPSG,32355,WGS 72 / UTM zone 55S,+proj=utm +zone=55 +south +ellps=WGS72 +units=m +no_defs +type=crs
EPSG,32356,WGS 72 / UTM zone 56S,+proj=utm +zone=56 +south +ellps=WGS72 +units=m +no_defs +type=crs
EPSG,32357,WGS 72 / UTM zone 57S,+proj=utm +zone=57 +south +ellps=WGS72 +units=m +no_defs +type=crs
EPSG,32358,WGS 72 / UTM zone 58S,+proj=utm +zone=58 +south +ellps=WGS72 +units=m +no_defs +type=crs
EPSG,32359,WGS 72 / UTM zone 59S,+proj=utm +zone=59 +south +ellps=WGS72 +units=m +no_defs +type=crs
EPSG,32360,WGS 72 / UTM zone 60S,+proj=utm +zone=60 +south +ellps=WGS72 +units=m +no_defs +type=crs
EPSG,32401,WGS 72BE / UTM zone 1N,+proj=utm +zone=1 +ellps=WGS72 +units=m +no_defs +type=crs
EPSG,32402,WGS 72BE / UTM zone 2N,+proj=utm +zone=2 +ellps=WGS72 +units=m +no_defs +type=crs
EPSG,32403,WGS 72BE / UTM zone 3N,+proj=utm +zone=3 +ellps=WGS72 +units=m +no_defs +type=crs
EPSG,32404,WGS 72BE / UTM zone 4N,+proj=utm +zone=4 +ellps=WGS72 +units=m +no_defs +type=crs
EPSG,32405,WGS 72BE / UTM zone 5N,+proj=utm +zone=5 +ellps=WGS72 +units=m +no_defs +type=crs
EPSG,32406,WGS 72BE / UTM zone 6N,+proj=utm +zone=6 +ellps=WGS72 +units=m +no_defs +type=crs
EPSG,32407,WGS 72BE / UTM zone 7N,+proj=utm +zone=7 +ellps=WGS72 +units=m +no_defs +type=crs
EPSG,32408,WGS 72BE / UTM zone 8N,+proj=utm +zone=8 +ellps=WGS72 +units=m +no_defs +type=crs
EPSG,32409,WGS 72BE / UTM zone 9N,+proj=utm +zone=9 +ellps=WGS72 +units=m +no_defs +type=crs
EPSG,32410,WGS 72BE / UTM zone 10N,+proj=utm +zone=10 +ellps=WGS72 +units=m +no_defs +type=crs
EPSG,32411,WGS 72BE / UTM zone 11N,+proj=utm +zone=11 +ellps=WGS72 +units=m +no_defs +type=crs
EPSG,32412,WGS 72BE / UTM zone 12N,+proj=utm +zone=12 +ellps=WGS72 +units=m +no_defs +type=crs
EPSG,32413,WGS 72BE / UTM zone 13N,+proj=utm +zone=13 +ellps=WGS72 +units=m +no_defs +type=crs
EPSG,32414,WGS 72BE / UTM zone 14N,+proj=utm +zone=14 +ellps=WGS72 +units=m +no_defs +type=crs
EPSG,32415,WGS 72BE / UTM zone 15N,+proj=utm +zone=15 +ellps=WGS72 +units=m +no_defs +type=crs
EPSG,32416,WGS 72BE / UTM zone 16N,+proj=utm +zone=16 +ellps=WGS72 +units=m +no_defs +type=crs
EPSG,32417,WGS 72BE / UTM zone 17N,+proj=utm +zone=17 +ellps=WGS72 +units=m +no_defs +type=crs
EPSG,32418,WGS 72BE / UTM zone 18N,+proj=utm +zone=18 +ellps=WGS72 +units=m +no_defs +type=crs
EPSG,32419,WGS 72BE / UTM zone 19N,+proj=utm +zone=19 +ellps=WGS72 +units=m +no_defs +type=crs
EPSG,32420,WGS 72BE / UTM zone 20N,+proj=utm +zone=20 +ellps=WGS72 +units=m +no_defs +type=crs
EPSG,32421,WGS 72BE / UTM zone 21N,+proj=utm +zone=21 +ellps=WGS72 +units=m +no_defs +type=crs
EPSG,32422,WGS 72BE / UTM zone 22N,+proj=utm +zone=22 +ellps=WGS72 +units=m +no_defs +type=crs
EPSG,32423,WGS 72BE / UTM zone 23N,+proj=utm +zone=23 +ellps=WGS72 +units=m +no_defs +type=crs
EPSG,32424,WGS 72BE / UTM zone 24N,+proj=utm +zone=24 +ellps=WGS72 +units=m +no_defs +type=crs
EPSG,32425,WGS 72BE / UTM zone 25N,+proj=utm +zone=25 +ellps=WGS72 +units=m +no_defs +type=crs
EPSG,32426,WGS 72BE / UTM zone 26N,+proj=utm +zone=26 +ellps=WGS72 +units=m +no_defs +type=crs
EPSG,32427,WGS 72BE / UTM zone 27N,+proj=utm +zone=27 +ellps=WGS72 +units=m +no_defs +type=crs
EPSG,32428,WGS 72BE / UTM zone 28N,+proj=utm +zone=28 +ellps=WGS72 +units=m +no_defs +type=crs
EPSG,32429,WGS 72BE / UTM zone 29N,+proj=utm +zone=29 +ellps=WGS72 +units=m +no_defs +type=crs
EPSG,32430,WGS 72BE / UTM zone 30N,+proj=utm +zone=30 +ellps=WGS72 +units=m +no_defs +type=crs
EPSG,32431,WGS 72BE / UTM zone 31N,+proj=utm +zone=31 +ellps=WGS72 +units=m +no_defs +type=crs
EPSG,32432,WGS 72BE / UTM zone 32N,+proj=utm +zone=32 +ellps=WGS72 +units=m +no_defs +type=crs
EPSG,32433,WGS 72BE / UTM zone 33N,+proj=utm +zone=33 +ellps=WGS72 +units=m +no_defs +type=crs
EPSG,32434,WGS 72BE / UTM zone 34N,+proj=utm +zone=34 +ellps=WGS72 +units=m +no_defs +type=crs
EPSG,32435,WGS 72BE / UTM zone 35N,+proj=utm +zone=35 +ellps=WGS72 +units=m +no_defs +type=crs
EPSG,32436,WGS 72BE / UTM zone 36N,+proj=utm +zone=36 +ellps=WGS72 +units=m +no_defs +type=crs
EPSG,32437,WGS 72BE / UTM zone 37N,+proj=utm +zone=37 +ellps=WGS72 +units=m +no_defs +type=crs
EPSG,32438,WGS 72BE / UTM zone 38N,+proj=utm +zone=38 +ellps=WGS72 +units=m +no_defs +type=crs
EPSG,32439,WGS 72BE / UTM zone 39N,+proj=utm +zone=39 +ellps=WGS72 +units=m +no_defs +type=crs
EPSG,32440,WGS 72BE / UTM zone 40N,+proj=utm +zone=40 +ellps=WGS72 +units=m +no_defs +type=crs
EPSG,32441,WGS 72BE / UTM zone 41N,+proj=utm +zone=41 +ellps=WGS72 +units=m +no_defs +type=crs
EPSG,32442,WGS 72BE / UTM zone 42N,+proj=utm +zone=42 +ellps=WGS72 +units=m +no_defs +type=crs
EPSG,32443,WGS 72BE / UTM zone 43N,+proj=utm +zone=43 +ellps=WGS72 +units=m +no_defs +type=crs
EPSG,32444,WGS 72BE / UTM zone 44N,+proj=utm +zone=44 +ellps=WGS72 +units=m +no_defs +type=crs
EPSG,32445,WGS 72BE / UTM zone 45N,+proj=utm +zone=45 +ellps=WGS72 +units=m +no_defs +type=crs
EPSG,32446,WGS 72BE / UTM zone 46N,+proj=utm +zone=46 +ellps=WGS72 +units=m +no_defs +type=crs
EPSG,32447,WGS 72BE / UTM zone 47N,+proj=utm +zone=47 +ellps=WGS72 +units=m +no_defs +type=crs
EPSG,32448,WGS 72BE / UTM zone 48N,+proj=utm +zone=48 +ellps=WGS72 +units=m +no_defs +type=crs
EPSG,32449,WGS 72BE / UTM zone 49N,+proj=utm +zone=49 +ellps=WGS72 +units=m +no_defs +type=crs
EPSG,32450,WGS 72BE / UTM zone 50N,+proj=utm +zone=50 +ellps=WGS72 +units=m +no_defs +type=crs
EPSG,32451,WGS 72BE / UTM zone 51N,+proj=utm +zone=51 +ellps=WGS72 +units=m +no_defs +type=crs
EPSG,32452,WGS 72BE / UTM zone 52N,+proj=utm +zone=52 +ellps=WGS72 +units=m +no_defs +type=crs
EPSG,32453,WGS 72BE / UTM zone 53N,+proj=utm +zone=53 +ellps=WGS72 +units=m +no_defs +type=crs
EPSG,32454,WGS 72BE / UTM zone 54N,+proj=utm +zone=54 +ellps=WGS72 +units=m +no_defs +type=crs
EPSG,32455,WGS 72BE / UTM zone 55N,+proj=utm +zone=55 +ellps=WGS72 +units=m +no_defs +type=crs
EPSG,32456,WGS 72BE / UTM zone 56N,+proj=utm +zone=56 +ellps=WGS72 +units=m +no_defs +type=crs
EPSG,32457,WGS 72BE / UTM zone 57N,+proj=utm +zone=57 +ellps=WGS72 +units=m +no_defs +type=crs
EPSG,32458,WGS 72BE / UTM zone 58N,+proj=utm +zone=58 +ellps=WGS72 +units=m +no_defs +type=crs
EPSG,32459,WGS 72BE / UTM zone 59N,+proj=utm +zone=59 +ellps=WGS72 +units=m +no_defs +type=crs
EPSG,32460,WGS 72BE / UTM zone 60N,+proj=utm +zone=60 +ellps=WGS72 +units=m +no_defs +type=crs
EPSG,32501,WGS 72BE / UTM zone 1S,+proj=utm +zone=1 +south +ellps=WGS72 +units=m +no_defs +type=crs
EPSG,32502,WGS 72BE / UTM zone 2S,+proj=utm +zone=2 +south +ellps=WGS72 +units=m +no_defs +type=crs
EPSG,32503,WGS 72BE / UTM zone 3S,+proj=utm +zone=3 +south +ellps=WGS72 +units=m +no_defs +type=crs
EPSG,32504,WGS 72BE / UTM zone 4S,+proj=utm +zone=4 +south +ellps=WGS72 +units=m +no_defs +type=crs
EPSG,32505,WGS 72BE / UTM zone 5S,+proj=utm +zone=5 +south +ellps=WGS72 +units=m +no_defs +type=crs
EPSG,32506,WGS 72BE / UTM zone 6S,+proj=utm +zone=6 +south +ellps=WGS72 +units=m +no_defs +type=crs
EPSG,32507,WGS 72BE / UTM zone 7S,+proj=utm +zone=7 +south +ellps=WGS72 +units=m +no_defs +type=crs
EPSG,32508,WGS 72BE / UTM zone 8S,+proj=utm +zone=8 +south +ellps=WGS72 +units=m +no_defs +type=crs
EPSG,32509,WGS 72BE / UTM zone 9S,+proj=utm +zone=9 +south +ellps=WGS72 +units=m +no_defs +type=crs
EPSG,32510,WGS 72BE / UTM zone 10S,+proj=utm +zone=10 +south +ellps=WGS72 +units=m +no_defs +type=crs
EPSG,32511,WGS 72BE / UTM zone 11S,+proj=utm +zone=11 +south +ellps=WGS72 +units=m +no_defs +type=crs
EPSG,32512,WGS 72BE / UTM zone 12S,+proj=utm +zone=12 +south +ellps=WGS72 +units=m +no_defs +type=crs
EPSG,32513,WGS 72BE / UTM zone 13S,+proj=utm +zone=13 +south +ellps=WGS72 +units=m +no_defs +type=crs
EPSG,32514,WGS 72BE / UTM zone 14S,+proj=utm +zone=14 +south +ellps=WGS72 +units=m +no_defs +type=crs
EPSG,32515,WGS 72BE / UTM zone 15S,+proj=utm +zone=15 +south +ellps=WGS72 +units=m +no_defs +type=crs
EPSG,32516,WGS 72BE / UTM zone 16S,+proj=utm +zone=16 +south +ellps=WGS72 +units=m +no_defs +type=crs
EPSG,32517,WGS 72BE / UTM zone 17S,+proj=utm +zone=17 +south +ellps=WGS72 +units=m +no_defs +type=crs
EPSG,32518,WGS 72BE / UTM zone 18S,+proj=utm +zone=18 +south +ellps=WGS72 +units=m +no_defs +type=crs
EPSG,32519,WGS 72BE / UTM zone 19S,+proj=utm +zone=19 +south +ellps=WGS72 +units=m +no_defs +type=crs
EPSG,32520,WGS 72BE / UTM zone 20S,+proj=utm +zone=20 +south +ellps=WGS72 +units=m +no_defs +type=crs
EPSG,32521,WGS 72BE / UTM zone 21S,+proj=utm +zone=21 +south +ellps=WGS72 +units=m +no_defs +type=crs
EPSG,32522,WGS 72BE / UTM zone 22S,+proj=utm +zone=22 +south +ellps=WGS72 +units=m +no_defs +type=crs
EPSG,32523,WGS 72BE / UTM zone 23S,+proj=utm +zone=23 +south +ellps=WGS72 +units=m +no_defs +type=crs
EPSG,32524,WGS 72BE / UTM zone 24S,+proj=utm +zone=24 +south +ellps=WGS72 +units=m +no_defs +type=crs
EPSG,32525,WGS 72BE / UTM zone 25S,+proj=utm +zone=25 +south +ellps=WGS72 +units=m +no_defs +type=crs
EPSG,32526,WGS 72BE / UTM zone 26S,+proj=utm +zone=26 +south +ellps=WGS72 +units=m +no_defs +type=crs
EPSG,32527,WGS 72BE / UTM zone 27S,+proj=utm +zone=27 +south +ellps=WGS72 +units=m +no_defs +type=crs
EPSG,32528,WGS 72BE / UTM zone 28S,+proj=utm +zone=28 +south +ellps=WGS72 +units=m +no_defs +type=crs
EPSG,32529,WGS 72BE / UTM zone 29S,+proj=utm +zone=29 +south +ellps=WGS72 +units=m +no_defs +type=crs
EPSG,32530,WGS 72BE / UTM zone 30S,+proj=utm +zone=30 +south +ellps=WGS72 +units=m +no_defs +type=crs
EPSG,32531,WGS 72BE / UTM zone 31S,+proj=utm +zone=31 +south +ellps=WGS72 +units=m +no_defs +type=crs
EPSG,32532,WGS 72BE / UTM zone 32S,+proj=utm +zone=32 +south +ellps=WGS72 +units=m +no_defs +type=crs
EPSG,32533,WGS 72BE / UTM zone 33S,+proj=utm +zone=33 +south +ellps=WGS72 +units=m +no_defs +type=crs
EPSG,32534,WGS 72BE / UTM zone 34S,+proj=utm +zone=34 +south +ellps=WGS72 +units=m +no_defs +type=crs
EPSG,32535,WGS 72BE / UTM zone 35S,+proj=utm +zone=35 +south +ellps=WGS72 +units=m +no_defs +type=crs
EPSG,32536,WGS 72BE / UTM zone 36S,+proj=utm +zone=36 +south +ellps=WGS72 +units=m +no_defs +type=crs
EPSG,32537,WGS 72BE / UTM zone 37S,+proj=utm +zone=37 +south +ellps=WGS72 +units=m +no_defs +type=crs
EPSG,32538,WGS 72BE / UTM zone 38S,+proj=utm +zone=38 +south +ellps=WGS72 +units=m +no_defs +type=crs
EPSG,32539,WGS 72BE / UTM zone 39S,+proj=utm +zone=39 +south +ellps=WGS72 +units=m +no_defs +type=crs
EPSG,32540,WGS 72BE / UTM zone 40S,+proj=utm +zone=40 +south +ellps=WGS72 +units=m +no_defs +type=crs
EPSG,32541,WGS 72BE / UTM zone 41S,+proj=utm +zone=41 +south +ellps=WGS72 +units=m +no_defs +type=crs
EPSG,32542,WGS 72BE / UTM zone 42S,+proj=utm +zone=42 +south +ellps=WGS72 +units=m +no_defs +type=crs
EPSG,32543,WGS 72BE / UTM zone 43S,+proj=utm +zone=43 +south +ellps=WGS72 +units=m +no_defs +type=crs
EPSG,32544,WGS 72BE / UTM zone 44S,+proj=utm +zone=44 +south +ellps=WGS72 +units=m +no_defs +type=crs
EPSG,32545,WGS 72BE / UTM zone 45S,+proj=utm +zone=45 +south +ellps=WGS72 +units=m +no_defs +type=crs
EPSG,32546,WGS 72BE / UTM zone 46S,+proj=utm +zone=46 +south +ellps=WGS72 +units=m +no_defs +type=crs
EPSG,32547,WGS 72BE / UTM zone 47S,+proj=utm +zone=47 +south +ellps=WGS72 +units=m +no_defs +type=crs
EPSG,32548,WGS 72BE / UTM zone 48S,+proj=utm +zone=48 +south +ellps=WGS72 +units=m +no_defs +type=crs
EPSG,32549,WGS 72BE / UTM zone 49S,+proj=utm +zone=49 +south +ellps=WGS72 +units=m +no_defs +type=crs
EPSG,32550,WGS 72BE / UTM zone 50S,+proj=utm +zone=50 +south +ellps=WGS72 +units=m +no_defs +type=crs
EPSG,32551,WGS 72BE / UTM zone 51S,+proj=utm +zone=51 +south +ellps=WGS72 +units=m +no_defs +type=crs
EPSG,32552,WGS 72BE / UTM zone 52S,+proj=utm +zone=52 +south +ellps=WGS72 +units=m +no_defs +type=crs
EPSG,32553,WGS 72BE / UTM zone 53S,+proj=utm +zone=53 +south +ellps=WGS72 +units=m +no_defs +type=crs
EPSG,32554,WGS 72BE / UTM zone 54S,+proj=utm +zone=54 +south +ellps=WGS72 +units=m +no_defs +type=crs
EPSG,32555,WGS 72BE / UTM zone 55S,+proj=utm +zone=55 +south +ellps=WGS72 +units=m +no_defs +type=crs
EPSG,32556,WGS 72BE / UTM zone 56S,+proj=utm +zone=56 +south +ellps=WGS72 +units=m +no_defs +type=crs
EPSG,32557,WGS 72BE / UTM zone 57S,+proj=utm +zone=57 +south +ellps=WGS72 +units=m +no_defs +type=crs
EPSG,32558,WGS 72BE / UTM zone 58S,+proj=utm +zone=58 +south +ellps=WGS72 +units=m +no_defs +type=crs
EPSG,32559,WGS 72BE / UTM zone 59S,+proj=utm +zone=59 +south +ellps=WGS72 +units=m +no_defs +type=crs
EPSG,32560,WGS 72BE / UTM zone 60S,+proj=utm +zone=60 +south +ellps=WGS72 +units=m +no_defs +type=crs
EPSG,32601,WGS 84 / UTM zone 1N,+proj=utm +zone=1 +datum=WGS84 +units=m +no_defs +type=crs
EPSG,32602,WGS 84 / UTM zone 2N,+proj=utm +zone=2 +datum=WGS84 +units=m +no_defs +type=crs
EPSG,32603,WGS 84 / UTM zone 3N,+proj=utm +zone=3 +datum=WGS84 +units=m +no_defs +type=crs
EPSG,32604,WGS 84 / UTM zone 4N,+proj=utm +zone=4 +datum=WGS84 +units=m +no_defs +type=crs
EPSG,32605,WGS 84 / UTM zone 5N,+proj=utm +zone=5 +datum=WGS84 +units=m +no_defs +type=crs
EPSG,32606,WGS 84 / UTM zone 6N,+proj=utm +zone=6 +datum=WGS84 +units=m +no_defs +type=crs
EPSG,32607,WGS 84 / UTM zone 7N,+proj=utm +zone=7 +datum=WGS84 +units=m +no_defs +type=crs
EPSG,32608,WGS 84 / UTM zone 8N,+proj=utm +zone=8 +datum=WGS84 +units=m +no_defs +type=crs
EPSG,32609,WGS 84 / UTM zone 9N,+proj=utm +zone=9 +datum=WGS84 +units=m +no_defs +type=crs
EPSG,32610,WGS 84 / UTM zone 10N,+proj=utm +zone=10 +datum=WGS84 +units=m +no_defs +type=crs
EPSG,32611,WGS 84 / UTM zone 11N,+proj=utm +zone=11 +datum=WGS84 +units=m +no_defs +type=crs
EPSG,32612,WGS 84 / UTM zone 12N,+proj=utm +zone=12 +datum=WGS84 +units=m +no_defs +type=crs
EPSG,32613,WGS 84 / UTM zone 13N,+proj=utm +zone=13 +datum=WGS84 +units=m +no_defs +type=crs
EPSG,32614,WGS 84 / UTM zone 14N,+proj=utm +zone=14 +datum=WGS84 +units=m +no_defs +type=crs
EPSG,32615,WGS 84 / UTM zone 15N,+proj=utm +zone=15 +datum=WGS84 +units=m +no_defs +type=crs
EPSG,32616,WGS 84 / UTM zone 16N,+proj=utm +zone=16 +datum=WGS84 +units=m +no_defs +type=crs
EPSG,32617,WGS 84 / UTM zone 17N,+proj=utm +zone=17 +datum=WGS84 +units=m +no_defs +type=crs
EPSG,32618,WGS 84 / UTM zone 18N,+proj=utm +zone=18 +datum=WGS84 +units=m +no_defs +type=crs
EPSG,32619,WGS 84 / UTM zone 19N,+proj=utm +zone=19 +datum=WGS84 +units=m +no_defs +type=crs
EPSG,32620,WGS 84 / UTM zone 20N,+proj=utm +zone=20 +datum=WGS84 +units=m +no_defs +type=crs
EPSG,32621,WGS 84 / UTM zone 21N,+proj=utm +zone=21 +datum=WGS84 +units=m +no_defs +type=crs
EPSG,32622,WGS 84 / UTM zone 22N,+proj=utm +zone=22 +datum=WGS84 +units=m +no_defs +type=crs
EPSG,32623,WGS 84 / UTM zone 23N,+proj=utm +zone=23 +datum=WGS84 +units=m +no_defs +type=crs
EPSG,32624,WGS 84 / UTM zone 24N,+proj=utm +zone=24 +datum=WGS84 +units=m +no_defs +type=crs
EPSG,32625,WGS 84 / UTM zone 25N,+proj=utm +zone=25 +datum=WGS84 +units=m +no_defs +type=crs
EPSG,32626,WGS 84 / UTM zone 26N,+proj=utm +zone=26 +datum=WGS84 +units=m +no_defs +type=crs
EPSG,32627,WGS 84 / UTM zone 27N,+proj=utm +zone=27 +datum=WGS84 +units=m +no_defs +type=crs
EPSG,32628,WGS 84 / UTM zone 28N,+proj=utm +zone=28 +datum=WGS84 +units=m +no_defs +type=crs
EPSG,32629,WGS 84 / UTM zone 29N,+proj=utm +zone=29 +datum=WGS84 +units=m +no_defs +type=crs
EPSG,32630,WGS 84 / UTM zone 30N,+proj=utm +zone=30 +datum=WGS84 +units=m +no_defs +type=crs
EPSG,32631,WGS 84 / UTM zone 31N,+proj=utm +zone=31 +datum=WGS84 +units=m +no_defs +type=crs
EPSG,32632,WGS 84 / UTM zone 32N,+proj=utm +zone=32 +datum=WGS84 +units=m +no_defs +type=crs
EPSG,32633,WGS 84 / UTM zone 33N,+proj=utm +zone=33 +datum=WGS84 +units=m +no_defs +type=crs
EPSG,32634,WGS 84 / UTM zone 34N,+proj=utm +zone=34 +datum=WGS84 +units=m +no_defs +type=crs
EPSG,32635,WGS 84 / UTM zone 35N,+proj=utm +zone=35 +datum=WGS84 +units=m +no_defs +type=crs
EPSG,32636,WGS 84 / UTM zone 36N,+proj=utm +zone=36 +datum=WGS84 +units=m +no_defs +type=crs
EPSG,32637,WGS 84 / UTM zone 37N,+proj=utm +zone=37 +datum=WGS84 +units=m +no_defs +type=crs
EPSG,32638,WGS 84 / UTM zone 38N,+proj=utm +zone=38 +datum=WGS84 +units=m +no_defs +type=crs
EPSG,32639,WGS 84 / UTM zone 39N,+proj=utm +zone=39 +datum=WGS84 +units=m +no_defs +type=crs
EPSG,32640,WGS 84 / UTM zone 40N,+proj=utm +zone=40 +datum=WGS84 +units=m +no_defs +type=crs
EPSG,32641,WGS 84 / UTM zone 41N,+proj=utm +zone=41 +datum=WGS84 +units=m +no_defs +type=crs
EPSG,32642,WGS 84 / UTM zone 42N,+proj=utm +zone=42 +datum=WGS84 +units=m +no_defs +type=crs
EPSG,32643,WGS 84 / UTM zone 43N,+proj=utm +zone=43 +datum=WGS84 +units=m +no_defs +type=crs
EPSG,32644,WGS 84 / UTM zone 44N,+proj=utm +zone=44 +datum=WGS84 +units=m +no_defs +type=crs
EPSG,32645,WGS 84 / UTM zone 45N,+proj=utm +zone=45 +datum=WGS84 +units=m +no_defs +type=crs
EPSG,32646,WGS 84 / UTM zone 46N,+proj=utm +zone=46 +datum=WGS84 +units=m +no_defs +type=crs
EPSG,32647,WGS 84 / UTM zone 47N,+proj=utm +zone=47 +datum=WGS84 +units=m +no_defs +type=crs
EPSG,32648,WGS 84 / UTM zone 48N,+proj=utm +zone=48 +datum=WGS84 +units=m +no_defs +type=crs
EPSG,32649,WGS 84 / UTM zone 49N,+proj=utm +zone=49 +datum=WGS84 +units=m +no_defs +type=crs
EPSG,32650,WGS 84 / UTM zone 50N,+proj=utm +zone=50 +datum=WGS84 +units=m +no_defs +type=crs
EPSG,32651,WGS 84 / UTM zone 51N,+proj=utm +zone=51 +datum=WGS84 +units=m +no_defs +type=crs
EPSG,32652,WGS 84 / UTM zone 52N,+proj=utm +zone=52 +datum=WGS84 +units=m +no_defs +type=crs
EPSG,32653,WGS 84 / UTM zone 53N,+proj=utm +zone=53 +datum=WGS84 +units=m +no_defs +type=crs
EPSG,32654,WGS 84 / UTM zone 54N,+proj=utm +zone=54 +datum=WGS84 +units=m +no_defs +type=crs
EPSG,32655,WGS 84 / UTM zone 55N,+proj=utm +zone=55 +datum=WGS84 +units=m +no_defs +type=crs
EPSG,32656,WGS 84 / UTM zone 56N,+proj=utm +zone=56 +datum=WGS84 +units=m +no_defs +type=crs
EPSG,32657,WGS 84 / UTM zone 57N,+proj=utm +zone=57 +datum=WGS84 +units=m +no_defs +type=crs
EPSG,32658,WGS 84 / UTM zone 58N,+proj=utm +zone=58 +datum=WGS84 +units=m +no_defs +type=crs
EPSG,32659,WGS 84 / UTM zone 59N,+proj=utm +zone=59 +datum=WGS84 +units=m +no_defs +type=crs
EPSG,32660,WGS 84 / UTM zone 60N,+proj=utm +zone=60 +datum=WGS84 +units=m +no_defs +type=crs
EPSG,32661,"WGS 84 / UPS North (N,E)",+proj=stere +lat_0=90 +lon_0=0 +k=0.994 +x_0=2000000 +y_0=2000000 +datum=WGS84 +units=m +no_defs +type=crs
EPSG,32664,WGS 84 / BLM 14N (ftUS),+proj=tmerc +lat_0=0 +lon_0=-99 +k=0.9996 +x_0=500000.001016002 +y_0=0 +datum=WGS84 +units=us-ft +no_defs +type=crs
EPSG,32665,WGS 84 / BLM 15N (ftUS),+proj=tmerc +lat_0=0 +lon_0=-93 +k=0.9996 +x_0=500000.001016002 +y_0=0 +datum=WGS84 +units=us-ft +no_defs +type=crs
EPSG,32666,WGS 84 / BLM 16N (ftUS),+proj=tmerc +lat_0=0 +lon_0=-87 +k=0.9996 +x_0=500000.001016002 +y_0=0 +datum=WGS84 +units=us-ft +no_defs +type=crs
EPSG,32667,WGS 84 / BLM 17N (ftUS),+proj=tmerc +lat_0=0 +lon_0=-81 +k=0.9996 +x_0=500000.001016002 +y_0=0 +datum=WGS84 +units=us-ft +no_defs +type=crs
EPSG,32701,WGS 84 / UTM zone 1S,+proj=utm +zone=1 +south +datum=WGS84 +units=m +no_defs +type=crs
EPSG,32702,WGS 84 / UTM zone 2S,+proj=utm +zone=2 +south +datum=WGS84 +units=m +no_defs +type=crs
EPSG,32703,WGS 84 / UTM zone 3S,+proj=utm +zone=3 +south +datum=WGS84 +units=m +no_defs +type=crs
EPSG,32704,WGS 84 / UTM zone 4S,+proj=utm +zone=4 +south +datum=WGS84 +units=m +no_defs +type=crs
EPSG,32705,WGS 84 / UTM zone 5S,+proj=utm +zone=5 +south +datum=WGS84 +units=m +no_defs +type=crs
EPSG,32706,WGS 84 / UTM zone 6S,+proj=utm +zone=6 +south +datum=WGS84 +units=m +no_defs +type=crs
EPSG,32707,WGS 84 / UTM zone 7S,+proj=utm +zone=7 +south +datum=WGS84 +units=m +no_defs +type=crs
EPSG,32708,WGS 84 / UTM zone 8S,+proj=utm +zone=8 +south +datum=WGS84 +units=m +no_defs +type=crs
EPSG,32709,WGS 84 / UTM zone 9S,+proj=utm +zone=9 +south +datum=WGS84 +units=m +no_defs +type=crs
EPSG,32710,WGS 84 / UTM zone 10S,+proj=utm +zone=10 +south +datum=WGS84 +units=m +no_defs +type=crs
EPSG,32711,WGS 84 / UTM zone 11S,+proj=utm +zone=11 +south +datum=WGS84 +units=m +no_defs +type=crs
EPSG,32712,WGS 84 / UTM zone 12S,+proj=utm +zone=12 +south +datum=WGS84 +units=m +no_defs +type=crs
EPSG,32713,WGS 84 / UTM zone 13S,+proj=utm +zone=13 +south +datum=WGS84 +units=m +no_defs +type=crs
EPSG,32714,WGS 84 / UTM zone 14S,+proj=utm +zone=14 +south +datum=WGS84 +units=m +no_defs +type=crs
EPSG,32715,WGS 84 / UTM zone 15S,+proj=utm +zone=15 +south +datum=WGS84 +units=m +no_defs +type=crs
EPSG,32716,WGS 84 / UTM zone 16S,+proj=utm +zone=16 +south +datum=WGS84 +units=m +no_defs +type=crs
EPSG,32717,WGS 84 / UTM zone 17S,+proj=utm +zone=17 +south +datum=WGS84 +units=m +no_defs +type=crs
EPSG,32718,WGS 84 / UTM zone 18S,+proj=utm +zone=18 +south +datum=WGS84 +units=m +no_defs +type=crs
EPSG,32719,WGS 84 / UTM zone 19S,+proj=utm +zone=19 +south +datum=WGS84 +units=m +no_defs +type=crs
EPSG,32720,WGS 84 / UTM zone 20S,+proj=utm +zone=20 +south +datum=WGS84 +units=m +no_defs +type=crs
EPSG,32721,WGS 84 / UTM zone 21S,+proj=utm +zone=21 +south +datum=WGS84 +units=m +no_defs +type=crs
EPSG,32722,WGS 84 / UTM zone 22S,+proj=utm +zone=22 +south +datum=WGS84 +units=m +no_defs +type=crs
EPSG,32723,WGS 84 / UTM zone 23S,+proj=utm +zone=23 +south +datum=WGS84 +units=m +no_defs +type=crs
EPSG,32724,WGS 84 / UTM zone 24S,+proj=utm +zone=24 +south +datum=WGS84 +units=m +no_defs +type=crs
EPSG,32725,WGS 84 / UTM zone 25S,+proj=utm +zone=25 +south +datum=WGS84 +units=m +no_defs +type=crs
EPSG,32726,WGS 84 / UTM zone 26S,+proj=utm +zone=26 +south +datum=WGS84 +units=m +no_defs +type=crs
EPSG,32727,WGS 84 / UTM zone 27S,+proj=utm +zone=27 +south +datum=WGS84 +units=m +no_defs +type=crs
EPSG,32728,WGS 84 / UTM zone 28S,+proj=utm +zone=28 +south +datum=WGS84 +units=m +no_defs +type=crs
EPSG,32729,WGS 84 / UTM zone 29S,+proj=utm +zone=29 +south +datum=WGS84 +units=m +no_defs +type=crs
EPSG,32730,WGS 84 / UTM zone 30S,+proj=utm +zone=30 +south +datum=WGS84 +units=m +no_defs +type=crs
EPSG,32731,WGS 84 / UTM zone 31S,+proj=utm +zone=31 +south +datum=WGS84 +units=m +no_defs +type=crs
EPSG,32732,WGS 84 / UTM zone 32S,+proj=utm +zone=32 +south +datum=WGS84 +units=m +no_defs +type=crs
EPSG,32733,WGS 84 / UTM zone 33S,+proj=utm +zone=33 +south +datum=WGS84 +units=m +no_defs +type=crs
EPSG,32734,WGS 84 / UTM zone 34S,+proj=utm +zone=34 +south +datum=WGS84 +units=m +no_defs +type=crs
EPSG,32735,WGS 84 / UTM zone 35S,+proj=utm +zone=35 +south +datum=WGS84 +units=m +no_defs +type=crs
EPSG,32736,WGS 84 / UTM zone 36S,+proj=utm +zone=36 +south +datum=WGS84 +units=m +no_defs +type=crs
EPSG,32737,WGS 84 / UTM zone 37S,+proj=utm +zone=37 +south +datum=WGS84 +units=m +no_defs +type=crs
EPSG,32738,WGS 84 / UTM zone 38S,+proj=utm +zone=38 +south +datum=WGS84 +units=m +no_defs +type=crs
EPSG,32739,WGS 84 / UTM zone 39S,+proj=utm +zone=39 +south +datum=WGS84 +units=m +no_defs +type=crs
EPSG,32740,WGS 84 / UTM zone 40S,+proj=utm +zone=40 +south +datum=WGS84 +units=m +no_defs +type=crs
EPSG,32741,WGS 84 / UTM zone 41S,+proj=utm +zone=41 +south +datum=WGS84 +units=m +no_defs +type=crs
EPSG,32742,WGS 84 / UTM zone 42S,+proj=utm +zone=42 +south +datum=WGS84 +units=m +no_defs +type=crs
EPSG,32743,WGS 84 / UTM zone 43S,+proj=utm +zone=43 +south +datum=WGS84 +units=m +no_defs +type=crs
EPSG,32744,WGS 84 / UTM zone 44S,+proj=utm +zone=44 +south +datum=WGS84 +units=m +no_defs +type=crs
EPSG,32745,WGS 84 / UTM zone 45S,+proj=utm +zone=45 +south +datum=WGS84 +units=m +no_defs +type=crs
EPSG,32746,WGS 84 / UTM zone 46S,+proj=utm +zone=46 +south +datum=WGS84 +units=m +no_defs +type=crs
EPSG,32747,WGS 84 / UTM zone 47S,+proj=utm +zone=47 +south +datum=WGS84 +units=m +no_defs +type=crs
EPSG,32748,WGS 84 / UTM zone 48S,+proj=utm +zone=48 +south +datum=WGS84 +units=m +no_defs +type=crs
EPSG,32749,WGS 84 / UTM zone 49S,+proj=utm +zone=49 +south +datum=WGS84 +units=m +no_defs +type=crs
EPSG,32750,WGS 84 / UTM zone 50S,+proj=utm +zone=50 +south +datum=WGS84 +units=m +no_defs +type=crs
EPSG,32751,WGS 84 / UTM zone 51S,+proj=utm +zone=51 +south +datum=WGS84 +units=m +no_defs +type=crs
EPSG,32752,WGS 84 / UTM zone 52S,+proj=utm +zone=52 +south +datum=WGS84 +units=m +no_defs +type=crs
EPSG,32753,WGS 84 / UTM zone 53S,+proj=utm +zone=53 +south +datum=WGS84 +units=m +no_defs +type=crs
EPSG,32754,WGS 84 / UTM zone 54S,+proj=utm +zone=54 +south +datum=WGS84 +units=m +no_defs +type=crs
EPSG,32755,WGS 84 / UTM zone 55S,+proj=utm +zone=55 +south +datum=WGS84 +units=m +no_defs +type=crs
EPSG,32756,WGS 84 / UTM zone 56S,+proj=utm +zone=56 +south +datum=WGS84 +units=m +no_defs +type=crs
EPSG,32757,WGS 84 / UTM zone 57S,+proj=utm +zone=57 +south +datum=WGS84 +units=m +no_defs +type=crs
EPSG,32758,WGS 84 / UTM zone 58S,+proj=utm +zone=58 +south +datum=WGS84 +units=m +no_defs +type=crs
EPSG,32759,WGS 84 / UTM zone 59S,+proj=utm +zone=59 +south +datum=WGS84 +units=m +no_defs +type=crs
EPSG,32760,WGS 84 / UTM zone 60S,+proj=utm +zone=60 +south +datum=WGS84 +units=m +no_defs +type=crs
EPSG,32761,"WGS 84 / UPS South (N,E)",+proj=stere +lat_0=-90 +lon_0=0 +k=0.994 +x_0=2000000 +y_0=2000000 +datum=WGS84 +units=m +no_defs +type=crs
EPSG,32766,WGS 84 / TM 36 SE,+proj=tmerc +lat_0=0 +lon_0=36 +k=0.9996 +x_0=500000 +y_0=10000000 +datum=WGS84 +units=m +no_defs +type=crs
